timestamp,Open,High,Low,Close,Volume
2026-02-17 14:30:00+00:00,598.3900146484375,602.1900024414062,597.1300048828125,599.4000244140625,3737613
2026-02-17 14:45:00+00:00,599.4400024414062,599.6400146484375,593.969970703125,594.1599731445312,2715451
2026-02-17 15:00:00+00:00,594.1599731445312,596.27001953125,593.7000122070312,594.530029296875,2011591
2026-02-17 15:15:00+00:00,594.52001953125,597.9500122070312,594.469970703125,595.2000122070312,1998176
2026-02-17 15:30:00+00:00,595.1699829101562,595.5499877929688,593.3400268554688,594.8200073242188,1840339
2026-02-17 15:45:00+00:00,594.8400268554688,597.0599975585938,594.6400146484375,596.989990234375,1981300
2026-02-17 16:00:00+00:00,596.9600219726562,601.469970703125,596.8049926757812,601.1599731445312,2253173
2026-02-17 16:15:00+00:00,601.1400146484375,601.6901245117188,599.914306640625,600.0599975585938,1795809
2026-02-17 16:30:00+00:00,600.030029296875,601.2999877929688,599.219970703125,600.2349853515625,1597221
2026-02-17 16:45:00+00:00,600.2100219726562,601.489990234375,599.9099731445312,600.8300170898438,1133583
2026-02-17 17:00:00+00:00,600.8099975585938,600.9600219726562,599.0449829101562,599.4400024414062,1178353
2026-02-17 17:15:00+00:00,599.4550170898438,600.719970703125,598.6500244140625,600.7100219726562,1058364
2026-02-17 17:30:00+00:00,600.719970703125,600.8300170898438,598.1199951171875,598.1500244140625,1037305
2026-02-17 17:45:00+00:00,598.1599731445312,599.52001953125,597.1900024414062,599.3330078125,1345265
2026-02-17 18:00:00+00:00,599.3400268554688,599.510009765625,598.1599731445312,598.75,1222806
2026-02-17 18:15:00+00:00,598.723388671875,601.4450073242188,598.219970703125,601.0349731445312,1473607
2026-02-17 18:30:00+00:00,601.0599975585938,603.0900268554688,600.5999755859375,602.4199829101562,1412790
2026-02-17 18:45:00+00:00,602.4249877929688,603.5700073242188,602.1182250976562,602.8900146484375,1176052
2026-02-17 19:00:00+00:00,602.8900146484375,603.3300170898438,602.4400024414062,603.0430297851562,1119920
2026-02-17 19:15:00+00:00,603.030029296875,603.4099731445312,602.5800170898438,602.6900024414062,738904
2026-02-17 19:30:00+00:00,602.6799926757812,603.9500122070312,602.4949951171875,603.5800170898438,852071
2026-02-17 19:45:00+00:00,603.5599975585938,603.6246948242188,601.9949951171875,602.1799926757812,1047851
2026-02-17 20:00:00+00:00,602.1699829101562,602.8200073242188,601.6950073242188,602.1099853515625,1016255
2026-02-17 20:15:00+00:00,602.10498046875,602.260009765625,600.989990234375,601.16162109375,1306793
2026-02-17 20:30:00+00:00,601.1599731445312,601.7000122070312,600.25,601.380126953125,1592657
2026-02-17 20:45:00+00:00,601.3800048828125,601.469970703125,600.3400268554688,601.1900024414062,2358169
2026-02-18 14:30:00+00:00,602.1099853515625,603.5449829101562,600.719970703125,603.1099853515625,4067880
2026-02-18 14:45:00+00:00,603.0599975585938,605.6900024414062,601.72998046875,605.25,2275236
2026-02-18 15:00:00+00:00,605.25,607.869873046875,605.1799926757812,607.7000122070312,8044488
2026-02-18 15:15:00+00:00,607.7100219726562,608.4600219726562,607.5399780273438,608.0700073242188,9117518
2026-02-18 15:30:00+00:00,608.0599975585938,608.6400146484375,607.2000122070312,608.260009765625,1284565
2026-02-18 15:45:00+00:00,608.27001953125,609.0700073242188,607.9450073242188,608.7750244140625,1225368
2026-02-18 16:00:00+00:00,608.780029296875,609.47998046875,608.6699829101562,609.0700073242188,1194129
2026-02-18 16:15:00+00:00,609.0700073242188,609.3300170898438,608.5599975585938,608.9400024414062,921690
2026-02-18 16:30:00+00:00,608.9400024414062,609.5,608.77001953125,609.2000122070312,903146
2026-02-18 16:45:00+00:00,609.2100219726562,609.3499755859375,608.0900268554688,608.1799926757812,1026092
2026-02-18 17:00:00+00:00,608.1799926757812,609.77099609375,608.1099853515625,608.7100219726562,997992
2026-02-18 17:15:00+00:00,608.7100219726562,609.4400024414062,608.6199951171875,608.8699951171875,781916
2026-02-18 17:30:00+00:00,608.8590698242188,609.1599731445312,608.3699951171875,608.5999755859375,583850
2026-02-18 17:45:00+00:00,608.6099853515625,609.4400024414062,608.5100708007812,609.0499877929688,678157
2026-02-18 18:00:00+00:00,609.0399780273438,609.760009765625,608.614990234375,608.7249755859375,531438
2026-02-18 18:15:00+00:00,608.719970703125,608.9199829101562,607.9299926757812,608.219970703125,1062332
2026-02-18 18:30:00+00:00,608.22998046875,608.52001953125,606.9349975585938,607.4299926757812,1012786
2026-02-18 18:45:00+00:00,607.4099731445312,607.8599853515625,606.260009765625,607.375,1044283
2026-02-18 19:00:00+00:00,607.2899780273438,607.5700073242188,606.844970703125,606.9099731445312,910716
2026-02-18 19:15:00+00:00,606.9199829101562,607.27001953125,606.3699951171875,606.510009765625,1013816
2026-02-18 19:30:00+00:00,606.510009765625,606.7000122070312,604.6400146484375,604.9400024414062,1870488
2026-02-18 19:45:00+00:00,604.9600219726562,605.5399780273438,603.405029296875,603.9000244140625,1525021
2026-02-18 20:00:00+00:00,603.9099731445312,604.8200073242188,603.489990234375,603.77001953125,1357624
2026-02-18 20:15:00+00:00,603.760009765625,604.1300048828125,603.25,603.7324829101562,1192591
2026-02-18 20:30:00+00:00,603.72998046875,605.5599975585938,603.6199951171875,605.3300170898438,1382080
2026-02-18 20:45:00+00:00,605.3400268554688,606.6749877929688,605.1799926757812,605.6699829101562,2696187
2026-02-19 14:30:00+00:00,602.8099975585938,603.9600219726562,601.0999755859375,603.0700073242188,3366238
2026-02-19 14:45:00+00:00,603.0900268554688,604.8800048828125,601.4199829101562,603.9202880859375,2155856
2026-02-19 15:00:00+00:00,603.9400024414062,605.6199951171875,603.1500244140625,603.8300170898438,1671381
2026-02-19 15:15:00+00:00,603.8300170898438,605.1300048828125,603.3300170898438,603.4099731445312,1368277
2026-02-19 15:30:00+00:00,603.3900146484375,605.4498901367188,603.1900024414062,604.8499755859375,1274467
2026-02-19 15:45:00+00:00,604.8599853515625,605.1500244140625,603.489990234375,604.9425048828125,1137800
2026-02-19 16:00:00+00:00,604.969970703125,605.1900024414062,603.239990234375,604.5399780273438,1198445
2026-02-19 16:15:00+00:00,604.5499877929688,605.8150024414062,603.75,603.75,1201682
2026-02-19 16:30:00+00:00,603.760009765625,604.8699951171875,602.9400024414062,603.030029296875,1065491
2026-02-19 16:45:00+00:00,603.010009765625,603.7100830078125,602.0250244140625,603.030029296875,1424545
2026-02-19 17:00:00+00:00,603.0399780273438,603.260009765625,602.22998046875,603.0750122070312,1023925
2026-02-19 17:15:00+00:00,603.0800170898438,604.489990234375,602.6400146484375,603.4299926757812,917485
2026-02-19 17:30:00+00:00,603.4299926757812,603.6900024414062,602.8499755859375,602.97998046875,5668523
2026-02-19 17:45:00+00:00,602.97998046875,603.030029296875,601.1400146484375,601.489990234375,1495645
2026-02-19 18:00:00+00:00,601.510009765625,602.9199829101562,601.1900024414062,602.75,930175
2026-02-19 18:15:00+00:00,602.72998046875,602.77001953125,600.760009765625,601.7050170898438,1436975
2026-02-19 18:30:00+00:00,601.6900024414062,602.0650024414062,601.1599731445312,601.6099853515625,962515
2026-02-19 18:45:00+00:00,601.5900268554688,603.1500244140625,601.5700073242188,603.0,16514782
2026-02-19 19:00:00+00:00,602.9600219726562,603.0900268554688,602.3099975585938,602.5499877929688,687993
2026-02-19 19:15:00+00:00,602.5499877929688,603.1500244140625,601.8300170898438,602.1900024414062,601767
2026-02-19 19:30:00+00:00,602.1799926757812,602.5800170898438,600.9000244140625,601.344970703125,1085963
2026-02-19 19:45:00+00:00,601.344970703125,601.7999877929688,600.8200073242188,601.5599975585938,884939
2026-02-19 20:00:00+00:00,601.530029296875,602.47900390625,601.530029296875,601.8599853515625,805132
2026-02-19 20:15:00+00:00,601.8699951171875,602.2100219726562,601.4299926757812,601.6799926757812,851980
2026-02-19 20:30:00+00:00,601.6599731445312,602.3900146484375,601.5499877929688,602.1699829101562,776479
2026-02-19 20:45:00+00:00,602.1799926757812,603.5399780273438,602.0900268554688,603.47998046875,2629583
2026-02-20 14:30:00+00:00,600.1099853515625,605.7379760742188,599.22998046875,605.0800170898438,3677301
2026-02-20 14:45:00+00:00,605.1500244140625,605.9400024414062,603.4299926757812,604.5698852539062,1588388
2026-02-20 15:00:00+00:00,604.5700073242188,608.9600219726562,603.5700073242188,605.260009765625,2868199
2026-02-20 15:15:00+00:00,605.268798828125,607.9000244140625,603.6500244140625,606.3499755859375,1875374
2026-02-20 15:30:00+00:00,606.3900146484375,608.6099853515625,604.7899780273438,608.4500122070312,1890303
2026-02-20 15:45:00+00:00,608.4600219726562,610.0399780273438,607.6300048828125,609.8599853515625,1525618
2026-02-20 16:00:00+00:00,609.8200073242188,610.3499755859375,608.7000122070312,608.8200073242188,1220133
2026-02-20 16:15:00+00:00,608.869873046875,609.0599975585938,606.4124755859375,606.47998046875,3912285
2026-02-20 16:30:00+00:00,606.469970703125,609.6234741210938,606.22998046875,609.239990234375,1114019
2026-02-20 16:45:00+00:00,609.22998046875,610.1165161132812,609.1500244140625,609.3599853515625,1069700
2026-02-20 17:00:00+00:00,609.3599853515625,609.6199951171875,606.5399780273438,606.58349609375,1264258
2026-02-20 17:15:00+00:00,606.5800170898438,606.5800170898438,604.0800170898438,605.239990234375,1781561
2026-02-20 17:30:00+00:00,605.260009765625,606.3400268554688,604.9000244140625,606.1010131835938,1274582
2026-02-20 17:45:00+00:00,606.1300048828125,608.030029296875,605.719970703125,607.8200073242188,1701881
2026-02-20 18:00:00+00:00,607.8099975585938,608.0800170898438,606.780029296875,607.0499877929688,910410
2026-02-20 18:15:00+00:00,607.030029296875,607.030029296875,605.27001953125,606.1099853515625,992531
2026-02-20 18:30:00+00:00,606.1699829101562,608.8099975585938,605.3099975585938,608.6599731445312,1478570
2026-02-20 18:45:00+00:00,608.6500244140625,609.9000244140625,608.1500244140625,609.2899780273438,1152453
2026-02-20 19:00:00+00:00,609.3699951171875,609.8099975585938,608.3900756835938,608.4799194335938,1209124
2026-02-20 19:15:00+00:00,608.489990234375,609.0250244140625,607.905029296875,608.27197265625,700195
2026-02-20 19:30:00+00:00,608.280029296875,608.8400268554688,607.8099975585938,607.9000244140625,681764
2026-02-20 19:45:00+00:00,607.9299926757812,608.52001953125,607.4099731445312,607.5,671779
2026-02-20 20:00:00+00:00,607.5150146484375,608.8300170898438,607.3599853515625,608.6019897460938,883254
2026-02-20 20:15:00+00:00,608.580078125,608.6500244140625,607.3200073242188,607.469970703125,30795993
2026-02-20 20:30:00+00:00,607.489990234375,608.4299926757812,607.4000244140625,608.4299926757812,461527
2026-02-20 20:45:00+00:00,608.4199829101562,608.8699951171875,607.8397827148438,608.8699951171875,1879602
2026-02-23 14:30:00+00:00,606.6270141601562,608.010009765625,604.1599731445312,604.1699829101562,3209418
2026-02-23 14:45:00+00:00,604.1799926757812,606.1890869140625,603.5900268554688,604.9600219726562,6265787
2026-02-23 15:00:00+00:00,604.9299926757812,605.875,603.2249755859375,604.0499877929688,1395545
2026-02-23 15:15:00+00:00,604.0300903320312,605.3599853515625,603.6400146484375,603.97998046875,1281820
2026-02-23 15:30:00+00:00,603.969970703125,604.6649780273438,602.6599731445312,602.9400024414062,9073082
2026-02-23 15:45:00+00:00,602.9299926757812,603.47998046875,600.75,600.8599853515625,1272356
2026-02-23 16:00:00+00:00,600.8599853515625,601.1599731445312,599.0499877929688,599.4000244140625,2153638
2026-02-23 16:15:00+00:00,599.4000244140625,601.72998046875,599.0499877929688,601.6699829101562,13179250
2026-02-23 16:30:00+00:00,601.6599731445312,601.9500122070312,601.02001953125,601.3699951171875,752186
2026-02-23 16:45:00+00:00,601.3699951171875,601.5,600.469970703125,600.6599731445312,12694713
2026-02-23 17:00:00+00:00,600.6599731445312,601.3300170898438,600.4299926757812,600.6099853515625,13165603
2026-02-23 17:15:00+00:00,600.6099853515625,601.2899780273438,600.5900268554688,600.8400268554688,2262036
2026-02-23 17:30:00+00:00,600.8400268554688,600.9199829101562,599.280029296875,599.8400268554688,14114755
2026-02-23 17:45:00+00:00,599.8499755859375,601.1500244140625,599.6699829101562,600.885009765625,14884793
2026-02-23 18:00:00+00:00,600.8699951171875,601.9600219726562,600.75,601.8400268554688,15128855
2026-02-23 18:15:00+00:00,601.8499755859375,602.7000732421875,601.75,602.4550170898438,1053458
2026-02-23 18:30:00+00:00,602.4500122070312,602.6799926757812,601.6599731445312,601.8499755859375,810399
2026-02-23 18:45:00+00:00,601.8300170898438,602.239990234375,600.2999877929688,600.469970703125,820997
2026-02-23 19:00:00+00:00,600.469970703125,601.1400146484375,600.3400268554688,600.8665161132812,1700791
2026-02-23 19:15:00+00:00,600.8300170898438,601.0900268554688,600.0399780273438,600.1699829101562,35191860
2026-02-23 19:30:00+00:00,600.1599731445312,600.5399780273438,599.4199829101562,599.760009765625,714539
2026-02-23 19:45:00+00:00,599.760009765625,600.1995239257812,599.4299926757812,599.593505859375,999406
2026-02-23 20:00:00+00:00,599.5999755859375,599.9400024414062,599.3098754882812,599.4500122070312,1068355
2026-02-23 20:15:00+00:00,599.4500122070312,600.1599731445312,599.4349975585938,599.969970703125,801109
2026-02-23 20:30:00+00:00,599.969970703125,601.0499877929688,599.9299926757812,600.5349731445312,1430689
2026-02-23 20:45:00+00:00,600.5399780273438,601.5311889648438,600.0599975585938,601.4199829101562,2489467
2026-02-24 14:30:00+00:00,602.0549926757812,604.969970703125,599.7390747070312,604.9400024414062,4298830
2026-02-24 14:45:00+00:00,604.9500122070312,606.219970703125,603.75,604.114990234375,12193636
2026-02-24 15:00:00+00:00,604.0800170898438,605.219970703125,602.75,603.8599853515625,8243954
2026-02-24 15:15:00+00:00,603.8400268554688,607.4299926757812,603.5800170898438,607.3800048828125,1395239
2026-02-24 15:30:00+00:00,607.3599853515625,607.8300170898438,606.77001953125,607.5,1591052
2026-02-24 15:45:00+00:00,607.510009765625,607.530029296875,606.3099975585938,606.5250244140625,11335646
2026-02-24 16:00:00+00:00,606.510009765625,608.2100219726562,606.4749755859375,607.8900146484375,11515964
2026-02-24 16:15:00+00:00,607.8699951171875,608.0598754882812,606.9600830078125,607.4400024414062,12165101
2026-02-24 16:30:00+00:00,607.4199829101562,607.469970703125,606.3499755859375,606.8250122070312,874483
2026-02-24 16:45:00+00:00,606.8200073242188,608.0482788085938,606.7698974609375,607.77001953125,14538898
2026-02-24 17:00:00+00:00,607.760009765625,608.9099731445312,607.5999755859375,608.4199829101562,680687
2026-02-24 17:15:00+00:00,608.4199829101562,608.8699951171875,608.1300048828125,608.5399780273438,810348
2026-02-24 17:30:00+00:00,608.530029296875,608.760009765625,608.030029296875,608.0900268554688,477515
2026-02-24 17:45:00+00:00,608.0700073242188,608.6300048828125,607.869873046875,608.1900024414062,670473
2026-02-24 18:00:00+00:00,608.1799926757812,608.989990234375,608.0399780273438,608.1500244140625,757925
2026-02-24 18:15:00+00:00,608.135009765625,608.1699829101562,607.4564819335938,607.5596923828125,643040
2026-02-24 18:30:00+00:00,607.5599975585938,608.3099975585938,607.3800048828125,608.010009765625,847281
2026-02-24 18:45:00+00:00,608.030029296875,608.1300048828125,607.6157836914062,607.7999877929688,626357
2026-02-24 19:00:00+00:00,607.780029296875,607.9893798828125,607.2949829101562,607.4600219726562,654231
2026-02-24 19:15:00+00:00,607.4400024414062,607.469970703125,606.8099975585938,607.1599731445312,19043315
2026-02-24 19:30:00+00:00,607.1500244140625,607.8200073242188,607.0900268554688,607.5599975585938,683592
2026-02-24 19:45:00+00:00,607.5700073242188,608.4000244140625,607.4299926757812,607.5999755859375,779604
2026-02-24 20:00:00+00:00,607.614990234375,607.780029296875,607.1099853515625,607.1900024414062,20968381
2026-02-24 20:15:00+00:00,607.1799926757812,607.6900024414062,607.0,607.0700073242188,21483363
2026-02-24 20:30:00+00:00,607.0700073242188,607.86962890625,606.969970703125,607.8400268554688,753623
2026-02-24 20:45:00+00:00,607.8300170898438,608.8200073242188,607.6500244140625,607.8400268554688,2083449
2026-02-25 14:30:00+00:00,611.0900268554688,613.9149780273438,611.0,613.75,4949925
2026-02-25 14:45:00+00:00,613.75,615.659912109375,613.72998046875,615.47998046875,2322101
2026-02-25 15:00:00+00:00,615.469970703125,615.8900146484375,614.52001953125,614.6400146484375,1476933
2026-02-25 15:15:00+00:00,614.6300048828125,615.4000244140625,614.0700073242188,615.260009765625,1531377
2026-02-25 15:30:00+00:00,615.260009765625,615.4400024414062,614.094970703125,614.4099731445312,10124061
2026-02-25 15:45:00+00:00,614.4099731445312,614.780029296875,613.6099853515625,614.3350219726562,10398176
2026-02-25 16:00:00+00:00,614.3400268554688,614.7000122070312,614.0700073242188,614.4400024414062,799208
2026-02-25 16:15:00+00:00,614.4299926757812,614.5701293945312,614.0499877929688,614.469970703125,11892830
2026-02-25 16:30:00+00:00,614.4600219726562,615.1199951171875,614.3101196289062,614.9600219726562,13247883
2026-02-25 16:45:00+00:00,614.9600219726562,615.239990234375,614.7949829101562,614.8699951171875,12823711
2026-02-25 17:00:00+00:00,614.8699951171875,615.4600219726562,614.7449951171875,615.4149780273438,544612
2026-02-25 17:15:00+00:00,615.4099731445312,615.4299926757812,614.9299926757812,614.97998046875,479047
2026-02-25 17:30:00+00:00,614.9650268554688,615.4400024414062,614.8300170898438,615.2800903320312,14191229
2026-02-25 17:45:00+00:00,615.2849731445312,615.780029296875,615.2100219726562,615.739990234375,15314219
2026-02-25 18:00:00+00:00,615.7459716796875,615.8300170898438,615.469970703125,615.5599975585938,595785
2026-02-25 18:15:00+00:00,615.552978515625,615.5800170898438,615.3499755859375,615.4149780273438,15928154
2026-02-25 18:30:00+00:00,615.4199829101562,615.7899780273438,615.30029296875,615.7050170898438,16286367
2026-02-25 18:45:00+00:00,615.7050170898438,615.8200073242188,615.6400146484375,615.7100219726562,16558739
2026-02-25 19:00:00+00:00,615.7000122070312,616.260009765625,615.6849975585938,616.0750122070312,781895
2026-02-25 19:15:00+00:00,616.0700073242188,616.35498046875,616.0299072265625,616.1849975585938,581388
2026-02-25 19:30:00+00:00,616.1799926757812,616.3599853515625,616.0599975585938,616.0750122070312,630042
2026-02-25 19:45:00+00:00,616.0900268554688,616.3099975585938,616.040283203125,616.1300048828125,482704
2026-02-25 20:00:00+00:00,616.1300048828125,616.3200073242188,616.0499877929688,616.2050170898438,521374
2026-02-25 20:15:00+00:00,616.2050170898438,616.280029296875,615.9349975585938,616.10498046875,20267360
2026-02-25 20:30:00+00:00,616.1099853515625,616.469970703125,615.7550048828125,616.2999877929688,22156738
2026-02-25 20:45:00+00:00,616.2999877929688,616.8300170898438,616.1799926757812,616.52001953125,2870804
2026-02-26 14:30:00+00:00,615.489990234375,615.530029296875,612.72998046875,613.7125854492188,5078303
2026-02-26 14:45:00+00:00,613.7000122070312,613.7000122070312,611.730712890625,611.97998046875,2899409
2026-02-26 15:00:00+00:00,611.97998046875,612.3900146484375,608.8699951171875,608.9299926757812,19745537
2026-02-26 15:15:00+00:00,608.9349975585938,608.9349975585938,604.5499877929688,605.7000122070312,3119499
2026-02-26 15:30:00+00:00,605.7100219726562,607.309326171875,603.97998046875,607.0499877929688,20052371
2026-02-26 15:45:00+00:00,607.0499877929688,607.9500122070312,606.8099975585938,607.2949829101562,2484502
2026-02-26 16:00:00+00:00,607.2999877929688,608.529296875,606.969970703125,608.4099731445312,19276821
2026-02-26 16:15:00+00:00,608.4199829101562,609.35498046875,607.969970703125,608.719970703125,20220001
2026-02-26 16:30:00+00:00,608.7249755859375,608.969970703125,607.219970703125,607.3300170898438,21542632
2026-02-26 16:45:00+00:00,607.3200073242188,608.0,606.1854858398438,606.4099731445312,1876245
2026-02-26 17:00:00+00:00,606.4099731445312,607.5150146484375,606.3300170898438,606.5050048828125,1283718
2026-02-26 17:15:00+00:00,606.5,606.75,606.1699829101562,606.52001953125,23284961
2026-02-26 17:30:00+00:00,606.510009765625,607.47998046875,605.8900146484375,605.9400024414062,24868670
2026-02-26 17:45:00+00:00,605.9400024414062,606.1699829101562,605.1849975585938,605.719970703125,691647
2026-02-26 18:00:00+00:00,605.719970703125,605.8200073242188,604.5399780273438,605.0549926757812,25160374
2026-02-26 18:15:00+00:00,605.0499877929688,605.72998046875,604.6500244140625,605.3599853515625,954043
2026-02-26 18:30:00+00:00,605.3699951171875,607.6099853515625,605.0700073242188,607.2849731445312,1518972
2026-02-26 18:45:00+00:00,607.2899780273438,608.030029296875,606.75,607.3099975585938,2886826
2026-02-26 19:00:00+00:00,607.3300170898438,609.0150146484375,607.010009765625,608.719970703125,1495761
2026-02-26 19:15:00+00:00,608.719970703125,609.3599853515625,608.25,608.4492797851562,1335835
2026-02-26 19:30:00+00:00,608.4450073242188,609.1599731445312,608.2349853515625,608.8250122070312,934514
2026-02-26 19:45:00+00:00,608.8250122070312,609.6599731445312,608.7310791015625,608.7999877929688,1122034
2026-02-26 20:00:00+00:00,608.780029296875,609.5399780273438,608.1500244140625,608.1600952148438,925450
2026-02-26 20:15:00+00:00,608.1300048828125,608.5599975585938,607.8699951171875,607.969970703125,1415877
2026-02-26 20:30:00+00:00,607.9650268554688,609.030029296875,607.9299926757812,608.8599243164062,965540
2026-02-26 20:45:00+00:00,608.8499755859375,609.3400268554688,608.25,609.260009765625,2067399
2026-02-27 14:30:00+00:00,602.9500122070312,605.25,602.1900024414062,603.6900024414062,4041049
2026-02-27 14:45:00+00:00,603.6749877929688,605.9550170898438,603.0399780273438,604.5700073242188,7486815
2026-02-27 15:00:00+00:00,604.5399780273438,607.3300170898438,604.22998046875,606.3599853515625,1939764
2026-02-27 15:15:00+00:00,606.3699951171875,607.4000244140625,605.5750122070312,606.780029296875,8325942
2026-02-27 15:30:00+00:00,606.77001953125,607.635009765625,605.72998046875,607.4500122070312,9374952
2026-02-27 15:45:00+00:00,607.4600219726562,607.9000244140625,605.6300048828125,607.0700073242188,10340535
2026-02-27 16:00:00+00:00,607.0800170898438,607.969970703125,606.10009765625,607.1799926757812,1375608
2026-02-27 16:15:00+00:00,607.1799926757812,607.780029296875,606.3800048828125,606.6950073242188,1933604
2026-02-27 16:30:00+00:00,606.7050170898438,607.7000122070312,605.8399047851562,605.9199829101562,1413023
2026-02-27 16:45:00+00:00,605.9199829101562,607.5900268554688,605.8200073242188,606.7100219726562,1408229
2026-02-27 17:00:00+00:00,606.7100219726562,608.3200073242188,606.4199829101562,606.52001953125,1473483
2026-02-27 17:15:00+00:00,606.530029296875,606.6799926757812,605.0399780273438,606.3150024414062,1947308
2026-02-27 17:30:00+00:00,606.3200073242188,607.2899780273438,605.6599731445312,605.8800048828125,1440373
2026-02-27 17:45:00+00:00,605.8800048828125,606.3300170898438,605.3900146484375,606.1300048828125,947939
2026-02-27 18:00:00+00:00,606.1300048828125,606.369873046875,605.3300170898438,605.3900146484375,14389725
2026-02-27 18:15:00+00:00,605.3699951171875,605.5349731445312,604.4500122070312,605.3300170898438,15285448
2026-02-27 18:30:00+00:00,605.3200073242188,605.7999877929688,604.7899780273438,605.3200073242188,502921
2026-02-27 18:45:00+00:00,605.3400268554688,605.6199951171875,604.7000122070312,605.1099853515625,623500
2026-02-27 19:00:00+00:00,605.0999755859375,606.47998046875,605.0,605.2899780273438,955072
2026-02-27 19:15:00+00:00,605.2899780273438,605.5850219726562,605.010009765625,605.2000122070312,642007
2026-02-27 19:30:00+00:00,605.2100219726562,605.489990234375,604.4199829101562,604.7000122070312,739324
2026-02-27 19:45:00+00:00,604.719970703125,605.1300048828125,604.5499877929688,604.9299926757812,16755606
2026-02-27 20:00:00+00:00,604.8800048828125,606.6799926757812,604.8699951171875,606.6799926757812,1471794
2026-02-27 20:15:00+00:00,606.6900024414062,607.5399780273438,606.5900268554688,606.9249877929688,1373049
2026-02-27 20:30:00+00:00,606.9099731445312,607.0800170898438,605.5750122070312,605.9199829101562,20763021
2026-02-27 20:45:00+00:00,605.9099731445312,608.02001953125,605.77001953125,607.35498046875,25196954
2026-03-02 14:30:00+00:00,598.9299926757812,604.739990234375,597.989990234375,603.6099853515625,8198735
2026-03-02 14:45:00+00:00,603.5599975585938,605.0700073242188,602.9400024414062,604.1201171875,2480212
2026-03-02 15:00:00+00:00,604.1699829101562,606.260009765625,602.77001953125,605.8671264648438,9482607
2026-03-02 15:15:00+00:00,605.8800048828125,606.22998046875,604.0700073242188,604.6799926757812,1852855
2026-03-02 15:30:00+00:00,604.6300048828125,606.0850219726562,603.719970703125,606.0399780273438,10080996
2026-03-02 15:45:00+00:00,606.030029296875,606.47998046875,604.5599975585938,605.6849975585938,2121828
2026-03-02 16:00:00+00:00,605.6799926757812,607.27001953125,604.9400024414062,606.8800048828125,22538195
2026-03-02 16:15:00+00:00,606.8400268554688,606.9099731445312,603.9600219726562,604.3200073242188,12061951
2026-03-02 16:30:00+00:00,604.2999877929688,607.969970703125,604.1699829101562,607.831787109375,2161952
2026-03-02 16:45:00+00:00,607.8499755859375,608.5698852539062,607.405029296875,608.4100952148438,15254004
2026-03-02 17:00:00+00:00,608.2899780273438,608.4849853515625,607.7000122070312,608.239990234375,639795
2026-03-02 17:15:00+00:00,608.25,609.3599853515625,608.2100219726562,608.60498046875,1156219
2026-03-02 17:30:00+00:00,608.5900268554688,608.8699951171875,608.1500244140625,608.6300048828125,16107365
2026-03-02 17:45:00+00:00,608.6300048828125,609.3200073242188,608.4000244140625,609.094970703125,599063
2026-03-02 18:00:00+00:00,609.094970703125,609.2999877929688,608.4149780273438,608.719970703125,722485
2026-03-02 18:15:00+00:00,608.719970703125,608.75,607.8499755859375,608.4000244140625,17346504
2026-03-02 18:30:00+00:00,608.4199829101562,608.47998046875,607.52001953125,608.030029296875,17784959
2026-03-02 18:45:00+00:00,608.0499877929688,608.0499877929688,606.760009765625,606.8499755859375,18050905
2026-03-02 19:00:00+00:00,606.8599853515625,608.8200073242188,606.72998046875,608.7333984375,1331431
2026-03-02 19:15:00+00:00,608.7199096679688,609.6599731445312,608.7100219726562,609.4249877929688,19601622
2026-03-02 19:30:00+00:00,609.4249877929688,609.8699951171875,609.22998046875,609.3599853515625,1173953
2026-03-02 19:45:00+00:00,609.3699951171875,609.9199829101562,609.3699951171875,609.510009765625,775212
2026-03-02 20:00:00+00:00,609.5,609.7000122070312,606.5349731445312,606.739990234375,2898232
2026-03-02 20:15:00+00:00,606.739990234375,608.02001953125,606.260009765625,606.7100219726562,2333470
2026-03-02 20:30:00+00:00,606.7100219726562,607.9000244140625,606.6099853515625,607.719970703125,1635854
2026-03-02 20:45:00+00:00,607.7100219726562,609.0599975585938,607.4600219726562,608.0399780273438,3441398
2026-03-03 14:30:00+00:00,596.3200073242188,599.3900146484375,595.5900268554688,596.239990234375,12259355
2026-03-03 14:45:00+00:00,596.239990234375,598.1824951171875,595.0,595.239990234375,5107735
2026-03-03 15:00:00+00:00,595.2100219726562,596.9600219726562,594.5499877929688,595.489990234375,5055328
2026-03-03 15:15:00+00:00,595.5,595.9299926757812,591.8699951171875,592.030029296875,5461456
2026-03-03 15:30:00+00:00,592.030029296875,594.780029296875,591.969970703125,593.3800048828125,5368786
2026-03-03 15:45:00+00:00,593.3599853515625,594.47998046875,592.4010009765625,594.1799926757812,4265737
2026-03-03 16:00:00+00:00,594.1900024414062,597.5900268554688,593.9400024414062,597.22998046875,4417452
2026-03-03 16:15:00+00:00,597.22998046875,598.8900146484375,597.1799926757812,598.3499755859375,3377159
2026-03-03 16:30:00+00:00,598.3400268554688,599.1400146484375,596.989990234375,599.010009765625,3639021
2026-03-03 16:45:00+00:00,599.010009765625,600.89501953125,598.969970703125,599.5900268554688,3674579
2026-03-03 17:00:00+00:00,599.5700073242188,600.0800170898438,598.3699951171875,599.2249755859375,2882104
2026-03-03 17:15:00+00:00,599.22998046875,600.5700073242188,598.6627197265625,600.3900146484375,2063898
2026-03-03 17:30:00+00:00,600.4000244140625,600.47998046875,597.9299926757812,600.1099853515625,2474251
2026-03-03 17:45:00+00:00,600.0700073242188,600.239990234375,598.47998046875,598.8699951171875,1859746
2026-03-03 18:00:00+00:00,598.8599853515625,600.3800048828125,598.8400268554688,599.7899780273438,2199109
2026-03-03 18:15:00+00:00,599.7999877929688,602.030029296875,599.7100219726562,601.4400024414062,2621072
2026-03-03 18:30:00+00:00,601.4400024414062,603.4949951171875,601.3200073242188,602.780029296875,2980078
2026-03-03 18:45:00+00:00,602.8200073242188,603.3099975585938,602.02001953125,602.6749877929688,2330633
2026-03-03 19:00:00+00:00,602.7100219726562,603.0399780273438,601.0399780273438,601.9550170898438,2385516
2026-03-03 19:15:00+00:00,601.968994140625,602.780029296875,601.5800170898438,601.72998046875,1654642
2026-03-03 19:30:00+00:00,601.739990234375,603.2999877929688,600.5399780273438,603.2000122070312,3623984
2026-03-03 19:45:00+00:00,603.219970703125,603.9550170898438,601.9400024414062,602.4199829101562,2571628
2026-03-03 20:00:00+00:00,602.4500122070312,603.22998046875,602.0999755859375,602.1099853515625,2055710
2026-03-03 20:15:00+00:00,602.0999755859375,602.469970703125,601.3099975585938,602.2999877929688,2206947
2026-03-03 20:30:00+00:00,602.2999877929688,602.919921875,601.6649780273438,601.9600219726562,2082346
2026-03-03 20:45:00+00:00,601.9500122070312,602.2449951171875,600.739990234375,601.6599731445312,4139873
2026-03-04 14:30:00+00:00,604.1500244140625,606.9299926757812,603.72998046875,604.0700073242188,8827709
2026-03-04 14:45:00+00:00,604.0399780273438,606.27001953125,603.4299926757812,605.6600952148438,3238706
2026-03-04 15:00:00+00:00,605.75,607.8699951171875,605.0599975585938,607.0999755859375,4495178
2026-03-04 15:15:00+00:00,607.1099853515625,611.0700073242188,607.0499877929688,610.97998046875,5100351
2026-03-04 15:30:00+00:00,610.97998046875,611.1799926757812,609.0999755859375,609.1300048828125,4243001
2026-03-04 15:45:00+00:00,609.1400146484375,610.8099975585938,608.5399780273438,610.7050170898438,3845356
2026-03-04 16:00:00+00:00,610.7000122070312,611.4500122070312,609.0499877929688,609.3300170898438,3455124
2026-03-04 16:15:00+00:00,609.3400268554688,610.5499877929688,608.9000244140625,610.1699829101562,2672686
2026-03-04 16:30:00+00:00,610.1749877929688,611.6799926757812,609.97998046875,611.47998046875,2989016
2026-03-04 16:45:00+00:00,611.489990234375,611.739990234375,610.97998046875,611.1400146484375,2285973
2026-03-04 17:00:00+00:00,611.1599731445312,611.8250122070312,610.8699951171875,611.4149780273438,1612392
2026-03-04 17:15:00+00:00,611.4099731445312,611.6300048828125,610.8098754882812,610.8499755859375,1241883
2026-03-04 17:30:00+00:00,610.8499755859375,611.8099975585938,610.1900024414062,611.3300170898438,1540604
2026-03-04 17:45:00+00:00,611.3300170898438,612.010009765625,611.260009765625,611.719970703125,1464007
2026-03-04 18:00:00+00:00,611.719970703125,612.0499877929688,611.4299926757812,611.5800170898438,1366814
2026-03-04 18:15:00+00:00,611.5650024414062,611.8499755859375,611.0399780273438,611.7816772460938,1002733
2026-03-04 18:30:00+00:00,611.7899780273438,612.8099975585938,611.760009765625,612.469970703125,1512133
2026-03-04 18:45:00+00:00,612.47998046875,612.8099975585938,611.969970703125,612.2949829101562,1317670
2026-03-04 19:00:00+00:00,612.3049926757812,612.8800048828125,612.155029296875,612.6900024414062,1162901
2026-03-04 19:15:00+00:00,612.7000122070312,612.8400268554688,612.2150268554688,612.3400268554688,1010270
2026-03-04 19:30:00+00:00,612.3350219726562,612.625,612.0750122070312,612.27001953125,1094278
2026-03-04 19:45:00+00:00,612.27001953125,612.5,612.0,612.22998046875,1201115
2026-03-04 20:00:00+00:00,612.219970703125,612.3599853515625,611.2150268554688,611.280029296875,1360016
2026-03-04 20:15:00+00:00,611.2899780273438,611.3900146484375,610.6599731445312,611.3300170898438,1710279
2026-03-04 20:30:00+00:00,611.3200073242188,611.72998046875,610.9500122070312,611.6400146484375,1904403
2026-03-04 20:45:00+00:00,611.635009765625,611.6755981445312,610.4199829101562,610.5499877929688,5051263
2026-03-05 14:30:00+00:00,607.4500122070312,610.760009765625,607.3800048828125,609.1599731445312,8018644
2026-03-05 14:45:00+00:00,609.1599731445312,612.27001953125,608.6099853515625,612.2396850585938,4437566
2026-03-05 15:00:00+00:00,612.219970703125,612.760009765625,610.8099975585938,612.0399780273438,4018980
2026-03-05 15:15:00+00:00,612.030029296875,612.1099853515625,607.5499877929688,608.0150146484375,3466940
2026-03-05 15:30:00+00:00,608.02001953125,609.469970703125,606.0700073242188,608.75,4563118
2026-03-05 15:45:00+00:00,608.739990234375,610.0800170898438,608.5449829101562,609.7000122070312,3256797
2026-03-05 16:00:00+00:00,609.7000122070312,609.9600219726562,606.7000122070312,607.4000244140625,3289960
2026-03-05 16:15:00+00:00,607.4000244140625,608.0,606.3200073242188,606.9500122070312,3083373
2026-03-05 16:30:00+00:00,606.9600219726562,608.6699829101562,606.9000244140625,607.8713989257812,2223486
2026-03-05 16:45:00+00:00,607.9000244140625,609.030029296875,607.9000244140625,608.780029296875,2188780
2026-03-05 17:00:00+00:00,608.7899780273438,610.6799926757812,607.9000244140625,608.510009765625,3327823
2026-03-05 17:15:00+00:00,608.52001953125,608.530029296875,606.0,606.0,2567169
2026-03-05 17:30:00+00:00,606.010009765625,606.3599853515625,603.739990234375,604.0900268554688,3534180
2026-03-05 17:45:00+00:00,604.0700073242188,604.139892578125,602.6099853515625,603.0650024414062,3680470
2026-03-05 18:00:00+00:00,603.0650024414062,605.010009765625,602.8800048828125,604.739990234375,3112215
2026-03-05 18:15:00+00:00,604.739990234375,605.0499877929688,602.4600219726562,602.739990234375,2419348
2026-03-05 18:30:00+00:00,602.7050170898438,604.5900268554688,602.260009765625,604.3400268554688,2271633
2026-03-05 18:45:00+00:00,604.3099975585938,604.4000244140625,602.2999877929688,603.239990234375,2273002
2026-03-05 19:00:00+00:00,603.22998046875,604.3200073242188,602.969970703125,604.2000122070312,1992533
2026-03-05 19:15:00+00:00,604.219970703125,604.8300170898438,603.2401123046875,603.8350219726562,2174406
2026-03-05 19:30:00+00:00,603.8200073242188,604.1400146484375,602.739990234375,604.1199951171875,2176824
2026-03-05 19:45:00+00:00,604.1099853515625,604.8699951171875,603.4600219726562,604.27001953125,2039674
2026-03-05 20:00:00+00:00,604.2899780273438,606.1599731445312,603.530029296875,605.780029296875,3674430
2026-03-05 20:15:00+00:00,605.7999877929688,607.5900268554688,605.385009765625,606.6400146484375,3338897
2026-03-05 20:30:00+00:00,606.6400146484375,607.7100219726562,606.2899780273438,606.9500122070312,2791896
2026-03-05 20:45:00+00:00,606.9500122070312,609.1199951171875,606.4000244140625,608.969970703125,6698240
2026-03-06 14:30:00+00:00,600.3350219726562,601.469970703125,598.5399780273438,600.2000732421875,10323049
2026-03-06 14:45:00+00:00,600.219970703125,601.7100219726562,599.1099853515625,600.469970703125,4183382
2026-03-06 15:00:00+00:00,600.4500122070312,603.02001953125,599.8499755859375,602.8900146484375,5258301
2026-03-06 15:15:00+00:00,602.864990234375,603.7999877929688,602.1400146484375,603.6300048828125,3355839
2026-03-06 15:30:00+00:00,603.6099853515625,605.3400268554688,603.3800048828125,603.97998046875,3747767
2026-03-06 15:45:00+00:00,603.969970703125,605.1300048828125,601.9299926757812,604.510009765625,3353547
2026-03-06 16:00:00+00:00,604.5025024414062,605.5,603.5,603.6599731445312,2505523
2026-03-06 16:15:00+00:00,603.6799926757812,604.6199951171875,602.8699951171875,604.159912109375,2174838
2026-03-06 16:30:00+00:00,604.1799926757812,604.8800048828125,603.0,604.2999877929688,2410611
2026-03-06 16:45:00+00:00,604.280029296875,605.8800048828125,604.1400146484375,605.030029296875,2507226
2026-03-06 17:00:00+00:00,605.0499877929688,605.989990234375,603.6300048828125,603.9199829101562,1946125
2026-03-06 17:15:00+00:00,603.9299926757812,604.7899780273438,602.9199829101562,603.4000244140625,1993371
2026-03-06 17:30:00+00:00,603.4000244140625,603.7000122070312,601.72998046875,602.3599853515625,2052075
2026-03-06 17:45:00+00:00,602.3300170898438,603.6900024414062,602.3300170898438,602.7000122070312,2156504
2026-03-06 18:00:00+00:00,602.7100219726562,605.4000244140625,602.5800170898438,605.2100219726562,2504272
2026-03-06 18:15:00+00:00,605.22998046875,605.4500122070312,603.4400024414062,603.8200073242188,1865884
2026-03-06 18:30:00+00:00,603.8300170898438,604.530029296875,603.22998046875,604.0800170898438,2020506
2026-03-06 18:45:00+00:00,604.0800170898438,604.22998046875,602.8599853515625,603.0800170898438,1900140
2026-03-06 19:00:00+00:00,603.0900268554688,604.3699951171875,602.8499755859375,604.0999755859375,2275165
2026-03-06 19:15:00+00:00,604.0999755859375,604.22998046875,602.6699829101562,603.530029296875,2664510
2026-03-06 19:30:00+00:00,603.52001953125,604.0250244140625,602.7100219726562,603.030029296875,2594729
2026-03-06 19:45:00+00:00,603.02001953125,603.4299926757812,602.4600219726562,603.27001953125,1906968
2026-03-06 20:00:00+00:00,603.260009765625,604.3499755859375,601.280029296875,601.8900146484375,3357884
2026-03-06 20:15:00+00:00,601.8900146484375,602.4400024414062,599.2999877929688,599.530029296875,2916430
2026-03-06 20:30:00+00:00,599.530029296875,600.8599853515625,598.3699951171875,600.1500244140625,5320518
2026-03-06 20:45:00+00:00,600.1500244140625,600.72998046875,599.47998046875,599.8699951171875,5903464
2026-03-09 13:30:00+00:00,594.219970703125,596.4600219726562,592.3099975585938,593.010009765625,8766667
2026-03-09 13:45:00+00:00,592.97998046875,593.8800048828125,591.3350219726562,592.72998046875,4983794
2026-03-09 14:00:00+00:00,592.7100219726562,595.27001953125,591.5599975585938,592.3900146484375,5060519
2026-03-09 14:15:00+00:00,592.4000244140625,595.0900268554688,592.02001953125,593.469970703125,3895183
2026-03-09 14:30:00+00:00,593.4400024414062,596.7000122070312,593.3699951171875,596.7000122070312,3207239
2026-03-09 14:45:00+00:00,596.7100219726562,597.8800048828125,596.5599975585938,597.0499877929688,3094452
2026-03-09 15:00:00+00:00,597.030029296875,598.52001953125,597.030029296875,598.2999877929688,2327987
2026-03-09 15:15:00+00:00,598.3200073242188,599.47998046875,597.8300170898438,599.3200073242188,2281300
2026-03-09 15:30:00+00:00,599.3300170898438,599.3400268554688,598.0700073242188,598.4401245117188,1921403
2026-03-09 15:45:00+00:00,598.4400024414062,599.6699829101562,598.25,599.2999877929688,2019096
2026-03-09 16:00:00+00:00,599.3099975585938,600.2100219726562,599.0399780273438,599.7899780273438,2124787
2026-03-09 16:15:00+00:00,599.7999877929688,601.3499755859375,599.0806884765625,600.4500122070312,1939481
2026-03-09 16:30:00+00:00,600.4500122070312,601.77001953125,599.5499877929688,601.5700073242188,1963877
2026-03-09 16:45:00+00:00,601.5750122070312,601.8499755859375,600.77001953125,600.8800048828125,1651533
2026-03-09 17:00:00+00:00,600.8900146484375,600.969970703125,599.8300170898438,600.260009765625,2051299
2026-03-09 17:15:00+00:00,600.260009765625,600.3699951171875,598.3800048828125,598.530029296875,2436323
2026-03-09 17:30:00+00:00,598.52001953125,598.7899780273438,597.6400146484375,597.8400268554688,2273084
2026-03-09 17:45:00+00:00,597.8400268554688,598.969970703125,597.7899780273438,598.47998046875,1773317
2026-03-09 18:00:00+00:00,598.5,599.4299926757812,598.4500122070312,599.1699829101562,1932469
2026-03-09 18:15:00+00:00,599.1699829101562,600.25,598.97998046875,599.4299926757812,1910311
2026-03-09 18:30:00+00:00,599.4299926757812,600.6799926757812,599.3699951171875,600.3099975585938,2171506
2026-03-09 18:45:00+00:00,600.3300170898438,600.8400268554688,599.4600219726562,599.5800170898438,1801678
2026-03-09 19:00:00+00:00,599.5900268554688,600.2055053710938,599.22998046875,599.8800048828125,1598347
2026-03-09 19:15:00+00:00,599.8800048828125,606.9500122070312,599.719970703125,606.780029296875,8447632
2026-03-09 19:30:00+00:00,606.739990234375,609.25,605.3599853515625,607.1500244140625,8365261
2026-03-09 19:45:00+00:00,607.1500244140625,608.35498046875,606.4000244140625,607.760009765625,7535647
2026-03-10 13:30:00+00:00,607.7899780273438,609.9600219726562,607.02001953125,608.77001953125,6859379
2026-03-10 13:45:00+00:00,608.7000122070312,609.3599853515625,606.75,607.1500244140625,2417088
2026-03-10 14:00:00+00:00,607.1699829101562,607.969970703125,605.4801025390625,606.3499755859375,2623569
2026-03-10 14:15:00+00:00,606.3200073242188,608.6199951171875,605.4199829101562,608.1099853515625,2314136
2026-03-10 14:30:00+00:00,608.0999755859375,610.8195190429688,608.0900268554688,610.489990234375,2595556
2026-03-10 14:45:00+00:00,610.5,611.6699829101562,610.0599975585938,611.6500244140625,2430161
2026-03-10 15:00:00+00:00,611.6500244140625,612.4000244140625,610.8599853515625,611.02001953125,2538430
2026-03-10 15:15:00+00:00,611.0399780273438,612.2899780273438,610.97998046875,611.469970703125,1743628
2026-03-10 15:30:00+00:00,611.5,612.1500854492188,610.6749877929688,611.6199951171875,1705928
2026-03-10 15:45:00+00:00,611.6400146484375,611.9400024414062,610.969970703125,611.6099243164062,1334827
2026-03-10 16:00:00+00:00,611.5999755859375,611.6199951171875,609.9400024414062,610.8001098632812,1603019
2026-03-10 16:15:00+00:00,610.7899780273438,611.9199829101562,610.61328125,611.1500244140625,1495393
2026-03-10 16:30:00+00:00,611.2000122070312,611.9793090820312,611.2000122070312,611.9000244140625,1297381
2026-03-10 16:45:00+00:00,611.9099731445312,612.0999755859375,610.8699951171875,611.77001953125,1333903
2026-03-10 17:00:00+00:00,611.760009765625,612.3599853515625,611.5501098632812,611.8300170898438,1252589
2026-03-10 17:15:00+00:00,611.8300170898438,613.2800903320312,611.7999877929688,613.1668090820312,1575104
2026-03-10 17:30:00+00:00,613.1599731445312,613.1599731445312,610.5,611.3117065429688,2452339
2026-03-10 17:45:00+00:00,611.3200073242188,612.5780029296875,611.135009765625,612.1599731445312,1161490
2026-03-10 18:00:00+00:00,612.1500244140625,612.4000244140625,608.9000244140625,608.9600219726562,2291437
2026-03-10 18:15:00+00:00,608.989990234375,610.530029296875,607.739990234375,609.6699829101562,4446505
2026-03-10 18:30:00+00:00,609.6500244140625,610.6262817382812,608.655029296875,609.0,2183996
2026-03-10 18:45:00+00:00,608.9099731445312,610.1199951171875,608.6599731445312,608.739990234375,1420005
2026-03-10 19:00:00+00:00,608.760009765625,609.2999877929688,608.2424926757812,609.1699829101562,1939633
2026-03-10 19:15:00+00:00,609.1749877929688,609.780029296875,607.7000122070312,607.72998046875,2441516
2026-03-10 19:30:00+00:00,607.72998046875,608.8300170898438,606.969970703125,607.8599853515625,3147269
2026-03-10 19:45:00+00:00,607.8300170898438,608.1500244140625,606.5700073242188,607.6400146484375,4252432
2026-03-11 13:30:00+00:00,608.9500122070312,610.8699951171875,608.9500122070312,609.75,5744330
2026-03-11 13:45:00+00:00,609.780029296875,610.7000122070312,608.4409790039062,610.5100708007812,3201152
2026-03-11 14:00:00+00:00,610.5399780273438,612.4299926757812,609.5,610.5499877929688,4054719
2026-03-11 14:15:00+00:00,610.5499877929688,610.760009765625,607.5900268554688,608.75,2531643
2026-03-11 14:30:00+00:00,608.75,609.3638916015625,607.0900268554688,608.97998046875,2076672
2026-03-11 14:45:00+00:00,609.0,610.02001953125,608.5,609.6900024414062,1655696
2026-03-11 15:00:00+00:00,609.6900024414062,610.25927734375,606.9849853515625,607.9600219726562,2475698
2026-03-11 15:15:00+00:00,607.9600219726562,608.530029296875,606.48779296875,606.5399780273438,2359579
2026-03-11 15:30:00+00:00,606.5399780273438,607.2100219726562,605.9600219726562,606.1937255859375,3182970
2026-03-11 15:45:00+00:00,606.1599731445312,607.1199951171875,605.510009765625,606.530029296875,2345583
2026-03-11 16:00:00+00:00,606.52001953125,606.6500244140625,605.6300048828125,606.5075073242188,1825132
2026-03-11 16:15:00+00:00,606.47998046875,606.9600219726562,605.8427124023438,606.9500122070312,1924482
2026-03-11 16:30:00+00:00,606.9299926757812,608.260009765625,606.8800048828125,607.5999755859375,1898446
2026-03-11 16:45:00+00:00,607.6199951171875,608.3699951171875,607.260009765625,608.280029296875,989641
2026-03-11 17:00:00+00:00,608.260009765625,608.7000122070312,607.739990234375,608.0,1241003
2026-03-11 17:15:00+00:00,607.989990234375,608.5999755859375,607.3699951171875,608.27001953125,1523218
2026-03-11 17:30:00+00:00,608.280029296875,608.489990234375,605.030029296875,606.52001953125,3168682
2026-03-11 17:45:00+00:00,606.5599975585938,607.6900024414062,606.0700073242188,606.9199829101562,2660436
2026-03-11 18:00:00+00:00,606.9299926757812,607.1699829101562,605.4400024414062,606.0150146484375,1614634
2026-03-11 18:15:00+00:00,606.02001953125,607.0700073242188,605.739990234375,606.8300170898438,1463972
2026-03-11 18:30:00+00:00,606.8300170898438,607.25,606.510009765625,606.72998046875,1491693
2026-03-11 18:45:00+00:00,606.739990234375,607.5399780273438,606.4199829101562,607.090087890625,1449488
2026-03-11 19:00:00+00:00,607.1099853515625,607.27001953125,606.0900268554688,606.2100219726562,1226896
2026-03-11 19:15:00+00:00,606.2100219726562,606.7681884765625,606.02001953125,606.530029296875,1428936
2026-03-11 19:30:00+00:00,606.5499877929688,607.780029296875,606.4000244140625,607.52001953125,1837515
2026-03-11 19:45:00+00:00,607.52001953125,608.239990234375,607.0,607.72998046875,2743827
2026-03-12 13:30:00+00:00,602.760009765625,604.1300048828125,601.9500122070312,602.489990234375,6153524
2026-03-12 13:45:00+00:00,602.469970703125,602.5180053710938,599.22998046875,599.869873046875,4733457
2026-03-12 14:00:00+00:00,599.9199829101562,601.9949951171875,599.780029296875,601.7999877929688,3578933
2026-03-12 14:15:00+00:00,601.8099975585938,602.0499877929688,598.9000244140625,598.9000244140625,3186822
2026-03-12 14:30:00+00:00,598.9099731445312,599.6649780273438,597.8200073242188,599.5700073242188,3453946
2026-03-12 14:45:00+00:00,599.5499877929688,601.3699951171875,598.52001953125,598.9450073242188,3433955
2026-03-12 15:00:00+00:00,598.969970703125,599.2698974609375,597.530029296875,598.22998046875,2377528
2026-03-12 15:15:00+00:00,598.22998046875,599.4299926757812,597.7000122070312,598.9400024414062,2212826
2026-03-12 15:30:00+00:00,598.9500122070312,601.1500244140625,597.9600219726562,600.6099853515625,4215243
2026-03-12 15:45:00+00:00,600.6400146484375,600.8400268554688,599.0499877929688,600.0599975585938,2077805
2026-03-12 16:00:00+00:00,600.0800170898438,601.0499877929688,598.219970703125,599.7949829101562,2427662
2026-03-12 16:15:00+00:00,599.780029296875,601.739990234375,599.2899780273438,599.4699096679688,2824625
2026-03-12 16:30:00+00:00,599.4600219726562,601.27001953125,599.239990234375,600.639892578125,2202770
2026-03-12 16:45:00+00:00,600.5999755859375,600.8099975585938,599.0800170898438,599.97998046875,1780796
2026-03-12 17:00:00+00:00,599.969970703125,601.4600219726562,599.8499755859375,599.9451293945312,1548414
2026-03-12 17:15:00+00:00,599.9099731445312,600.5999755859375,599.2100219726562,599.6978149414062,1468687
2026-03-12 17:30:00+00:00,599.75,600.7000122070312,599.510009765625,599.5999755859375,1341100
2026-03-12 17:45:00+00:00,599.5900268554688,599.8300170898438,598.1199951171875,599.0501098632812,1577681
2026-03-12 18:00:00+00:00,599.0700073242188,600.1799926757812,599.0700073242188,599.8200073242188,1664208
2026-03-12 18:15:00+00:00,599.8400268554688,600.1400146484375,598.7686767578125,599.3499755859375,1350064
2026-03-12 18:30:00+00:00,599.3599243164062,599.5700073242188,598.52001953125,598.6799926757812,1185142
2026-03-12 18:45:00+00:00,598.6699829101562,599.1965942382812,598.3300170898438,598.4400024414062,1350215
2026-03-12 19:00:00+00:00,598.4400024414062,599.1799926757812,597.7000122070312,598.280029296875,2654230
2026-03-12 19:15:00+00:00,598.2899780273438,599.1599731445312,598.0499877929688,598.8099975585938,1573869
2026-03-12 19:30:00+00:00,598.8200073242188,599.47998046875,597.8099975585938,598.0499877929688,2455760
2026-03-12 19:45:00+00:00,598.0399780273438,598.0800170898438,597.0499877929688,597.3400268554688,5545783
2026-03-13 13:30:00+00:00,599.72998046875,602.7899780273438,598.9299926757812,602.7698974609375,6802789
2026-03-13 13:45:00+00:00,602.7593994140625,603.5999145507812,601.5599975585938,601.7000122070312,3498924
2026-03-13 14:00:00+00:00,601.7100219726562,602.5999755859375,600.0700073242188,600.2999877929688,2503628
2026-03-13 14:15:00+00:00,600.280029296875,601.1287841796875,599.4600219726562,600.4447021484375,2384029
2026-03-13 14:30:00+00:00,600.4600219726562,601.7208862304688,598.52001953125,598.5401000976562,2415050
2026-03-13 14:45:00+00:00,598.5599975585938,598.5800170898438,595.8049926757812,595.9749755859375,3258739
2026-03-13 15:00:00+00:00,595.97998046875,597.8800048828125,595.27001953125,597.719970703125,2593852
2026-03-13 15:15:00+00:00,597.719970703125,597.77001953125,595.2899780273438,595.47998046875,1870498
2026-03-13 15:30:00+00:00,595.4600219726562,596.1199951171875,593.8200073242188,594.0999755859375,2777345
2026-03-13 15:45:00+00:00,594.0700073242188,595.72998046875,593.5800170898438,594.0,2399147
2026-03-13 16:00:00+00:00,593.9600219726562,595.5798950195312,593.9299926757812,594.6300048828125,1876887
2026-03-13 16:15:00+00:00,594.6599731445312,595.280029296875,594.0601196289062,594.8900146484375,1229411
2026-03-13 16:30:00+00:00,594.8400268554688,595.9199829101562,594.4249877929688,594.4609985351562,1449705
2026-03-13 16:45:00+00:00,594.4450073242188,595.5230102539062,593.469970703125,593.6799926757812,1934640
2026-03-13 17:00:00+00:00,593.6878051757812,595.2000122070312,593.4299926757812,595.2000122070312,1779941
2026-03-13 17:15:00+00:00,595.219970703125,595.5338745117188,594.2550048828125,594.97998046875,1333040
2026-03-13 17:30:00+00:00,594.969970703125,595.1199951171875,593.9400024414062,594.4199829101562,1613000
2026-03-13 17:45:00+00:00,594.3870849609375,594.5599975585938,592.6300048828125,593.1300048828125,2032959
2026-03-13 18:00:00+00:00,593.1300048828125,593.9500122070312,593.0599975585938,593.7899780273438,1762845
2026-03-13 18:15:00+00:00,593.780029296875,594.1500244140625,592.97998046875,594.0800170898438,1582162
2026-03-13 18:30:00+00:00,594.0449829101562,595.260009765625,593.719970703125,595.1599731445312,1545541
2026-03-13 18:45:00+00:00,595.1500244140625,595.5,594.739990234375,594.9199829101562,1678190
2026-03-13 19:00:00+00:00,594.9099731445312,594.9400024414062,593.9000244140625,594.1500244140625,1602302
2026-03-13 19:15:00+00:00,594.1599731445312,594.52001953125,592.9819946289062,593.1799926757812,2013687
2026-03-13 19:30:00+00:00,593.188720703125,593.719970703125,592.5700073242188,592.97998046875,2367956
2026-03-13 19:45:00+00:00,592.9600219726562,593.8300170898438,592.7150268554688,593.6900024414062,4425758
2026-03-16 13:30:00+00:00,600.0399780273438,601.4876098632812,599.22998046875,600.3599853515625,3013054
2026-03-16 13:45:00+00:00,600.3599853515625,602.030029296875,600.3049926757812,601.9099731445312,1328111
2026-03-16 14:00:00+00:00,601.9000244140625,602.5,601.02001953125,601.9000244140625,1258197
2026-03-16 14:15:00+00:00,601.9000244140625,602.5999755859375,601.469970703125,601.47998046875,848600
2026-03-16 14:30:00+00:00,601.489990234375,601.5499877929688,599.4500122070312,599.72998046875,7652524
2026-03-16 14:45:00+00:00,599.719970703125,600.940673828125,599.1300048828125,600.9400024414062,1044784
2026-03-16 15:00:00+00:00,600.9400024414062,601.239990234375,599.802001953125,601.1201782226562,8562959
2026-03-16 15:15:00+00:00,601.1199951171875,601.9450073242188,600.6099853515625,601.469970703125,717847
2026-03-16 15:30:00+00:00,601.4500122070312,601.989990234375,601.3699951171875,601.5,575053
2026-03-16 15:45:00+00:00,601.5,601.8800048828125,600.323974609375,600.4600219726562,866800
2026-03-16 16:00:00+00:00,600.469970703125,601.1500244140625,600.2100219726562,600.6259765625,567086
2026-03-16 16:15:00+00:00,600.6199951171875,600.8900146484375,599.1599731445312,599.47998046875,783311
2026-03-16 16:30:00+00:00,599.4600219726562,600.8200073242188,599.1199951171875,600.6300048828125,741381
2026-03-16 16:45:00+00:00,600.6207885742188,601.02001953125,600.239990234375,600.47998046875,423318
2026-03-16 17:00:00+00:00,600.47998046875,601.5900268554688,600.4650268554688,601.2849731445312,753263
2026-03-16 17:15:00+00:00,601.2650146484375,601.6400146484375,600.8800048828125,600.989990234375,489415
2026-03-16 17:30:00+00:00,601.010009765625,601.3699951171875,600.3800048828125,600.4400024414062,573930
2026-03-16 17:45:00+00:00,600.4716796875,600.9799194335938,599.9299926757812,600.6500244140625,674159
2026-03-16 18:00:00+00:00,600.64501953125,601.5900268554688,600.47998046875,601.239990234375,724859
2026-03-16 18:15:00+00:00,601.25,601.719970703125,601.1900024414062,601.5499877929688,626251
2026-03-16 18:30:00+00:00,601.5399780273438,601.8499755859375,601.1799926757812,601.8099975585938,568018
2026-03-16 18:45:00+00:00,601.8200073242188,601.8900146484375,601.094482421875,601.1500244140625,621608
2026-03-16 19:00:00+00:00,601.1500244140625,603.85498046875,600.780029296875,601.3099975585938,16688062
2026-03-16 19:15:00+00:00,601.3099975585938,601.8399047851562,600.0700073242188,600.6599731445312,1164056
2026-03-16 19:30:00+00:00,600.6799926757812,600.8900146484375,599.8300170898438,600.030029296875,822063
2026-03-16 19:45:00+00:00,600.030029296875,600.5900268554688,599.530029296875,600.3099975585938,2091175
2026-03-17 13:30:00+00:00,603.1400146484375,604.9598999023438,602.2899780273438,604.6649780273438,2675481
2026-03-17 13:45:00+00:00,604.6500244140625,605.8900146484375,604.5399780273438,605.3599853515625,1548643
2026-03-17 14:00:00+00:00,605.3699951171875,605.469970703125,603.7512817382812,603.77001953125,6092638
2026-03-17 14:15:00+00:00,603.760009765625,605.010009765625,603.0599975585938,604.6199951171875,1558367
2026-03-17 14:30:00+00:00,604.6300048828125,605.3200073242188,604.0,605.1900024414062,6895002
2026-03-17 14:45:00+00:00,605.2000122070312,605.2999877929688,604.719970703125,604.9520263671875,7037737
2026-03-17 15:00:00+00:00,604.9500122070312,605.27001953125,603.4299926757812,603.75,7775791
2026-03-17 15:15:00+00:00,603.7449951171875,604.489990234375,603.3599853515625,603.3800048828125,8925674
2026-03-17 15:30:00+00:00,603.3900146484375,603.9199829101562,601.969970703125,603.0,9633026
2026-03-17 15:45:00+00:00,603.0,603.4749755859375,602.77001953125,602.9000244140625,10381773
2026-03-17 16:00:00+00:00,602.9039916992188,603.3699951171875,601.8699951171875,602.6099853515625,1309569
2026-03-17 16:15:00+00:00,602.6300048828125,603.77001953125,602.489990234375,603.4199829101562,760000
2026-03-17 16:30:00+00:00,603.4299926757812,603.75,602.8699951171875,603.72998046875,12339896
2026-03-17 16:45:00+00:00,603.739990234375,603.780029296875,603.0599975585938,603.0800170898438,391721
2026-03-17 17:00:00+00:00,603.084716796875,604.0449829101562,603.0549926757812,603.5449829101562,618941
2026-03-17 17:15:00+00:00,603.530029296875,603.7000122070312,603.22998046875,603.5700073242188,426329
2026-03-17 17:30:00+00:00,603.530029296875,604.0,603.3200073242188,603.4099731445312,541293
2026-03-17 17:45:00+00:00,603.4500122070312,604.1799926757812,603.0549926757812,603.969970703125,634764
2026-03-17 18:00:00+00:00,603.969970703125,604.530029296875,603.7100219726562,604.0,643390
2026-03-17 18:15:00+00:00,604.010009765625,604.1500244140625,603.177978515625,603.2100219726562,616103
2026-03-17 18:30:00+00:00,603.2000122070312,603.4000244140625,602.9199829101562,602.9749755859375,987522
2026-03-17 18:45:00+00:00,603.0,603.55126953125,602.9450073242188,603.2100219726562,16235374
2026-03-17 19:00:00+00:00,603.219970703125,603.5999755859375,602.6849975585938,603.2349853515625,419453
2026-03-17 19:15:00+00:00,603.2197265625,603.7100219726562,603.1199951171875,603.3099975585938,579329
2026-03-17 19:30:00+00:00,603.3200073242188,603.510009765625,603.02001953125,603.1199951171875,493697
2026-03-17 19:45:00+00:00,603.1099853515625,603.760009765625,603.030029296875,603.3800048828125,1886801
2026-03-18 13:30:00+00:00,601.5,602.9400024414062,600.9299926757812,602.0900268554688,3764588
2026-03-18 13:45:00+00:00,602.0800170898438,603.1500244140625,601.5399780273438,602.4799194335938,1256687
2026-03-18 14:00:00+00:00,602.4500122070312,602.7899780273438,600.6489868164062,600.6500244140625,1377887
2026-03-18 14:15:00+00:00,600.6699829101562,601.4019775390625,598.7100219726562,598.969970703125,1350135
2026-03-18 14:30:00+00:00,598.9500122070312,600.1300048828125,598.8400268554688,599.2000122070312,1265966
2026-03-18 14:45:00+00:00,599.1900024414062,600.4199829101562,598.9000244140625,600.4000244140625,7727955
2026-03-18 15:00:00+00:00,600.4099731445312,601.5499877929688,599.9378051757812,600.905029296875,9787167
2026-03-18 15:15:00+00:00,600.9199829101562,601.114990234375,599.8699951171875,600.530029296875,9491055
2026-03-18 15:30:00+00:00,600.530029296875,601.2000122070312,600.3699951171875,600.7100219726562,839618
2026-03-18 15:45:00+00:00,600.6900024414062,601.2000122070312,600.25,600.780029296875,761812
2026-03-18 16:00:00+00:00,600.77001953125,601.010009765625,599.9901123046875,600.8560180664062,11247012
2026-03-18 16:15:00+00:00,600.8699951171875,601.0700073242188,600.27001953125,600.5,518891
2026-03-18 16:30:00+00:00,600.469970703125,600.6699829101562,599.1400146484375,599.6500244140625,748529
2026-03-18 16:45:00+00:00,599.6300048828125,600.2022705078125,599.4099731445312,599.4970092773438,577238
2026-03-18 17:00:00+00:00,599.4500122070312,599.5499877929688,598.2999877929688,598.530029296875,816388
2026-03-18 17:15:00+00:00,598.530029296875,599.260009765625,598.3800048828125,599.1500854492188,13665194
2026-03-18 17:30:00+00:00,599.1699829101562,600.0650024414062,598.6900024414062,599.5900268554688,446129
2026-03-18 17:45:00+00:00,599.5800170898438,600.3900146484375,599.530029296875,600.219970703125,536126
2026-03-18 18:00:00+00:00,600.22998046875,601.1599731445312,599.75,600.1699829101562,814768
2026-03-18 18:15:00+00:00,600.1400146484375,600.1599731445312,599.0,599.72998046875,517319
2026-03-18 18:30:00+00:00,599.719970703125,599.9199829101562,598.0900268554688,598.718017578125,16992084
2026-03-18 18:45:00+00:00,598.7100219726562,598.8599853515625,597.0,597.0499877929688,820034
2026-03-18 19:00:00+00:00,597.0150146484375,598.4500122070312,596.8900146484375,597.5598754882812,1162597
2026-03-18 19:15:00+00:00,597.5399780273438,597.6099853515625,596.219970703125,596.52001953125,1823088
2026-03-18 19:30:00+00:00,596.510009765625,597.0050048828125,595.3300170898438,595.635009765625,1447580
2026-03-18 19:45:00+00:00,595.6300048828125,595.8200073242188,594.5599975585938,594.760009765625,3005827
2026-03-19 13:30:00+00:00,589.5250244140625,590.10498046875,587.0800170898438,589.6300048828125,7444788
2026-03-19 13:45:00+00:00,589.6099853515625,591.760009765625,588.6544799804688,591.2999877929688,2336704
2026-03-19 14:00:00+00:00,591.280029296875,592.3699951171875,590.5,591.1812133789062,10159260
2026-03-19 14:15:00+00:00,591.1599731445312,591.4600219726562,589.0499877929688,589.530029296875,10249428
2026-03-19 14:30:00+00:00,589.530029296875,592.2100219726562,589.4249877929688,590.5,937368
2026-03-19 14:45:00+00:00,590.510009765625,591.8250122070312,590.1300048828125,591.0399780273438,11259304
2026-03-19 15:00:00+00:00,591.010009765625,593.1300048828125,590.8300170898438,592.5599975585938,1231452
2026-03-19 15:15:00+00:00,592.5599975585938,592.77001953125,589.9801025390625,590.3699951171875,1294257
2026-03-19 15:30:00+00:00,590.3599853515625,590.4099731445312,588.7999877929688,589.1699829101562,1170734
2026-03-19 15:45:00+00:00,589.1599731445312,590.6799926757812,588.8300170898438,590.6799926757812,15903057
2026-03-19 16:00:00+00:00,590.6699829101562,591.7999877929688,590.1599731445312,590.5598754882812,1233181
2026-03-19 16:15:00+00:00,590.5700073242188,590.8099975585938,589.7100219726562,590.5599975585938,647418
2026-03-19 16:30:00+00:00,590.5700073242188,591.3300170898438,589.8200073242188,590.8599243164062,715697
2026-03-19 16:45:00+00:00,590.8699951171875,590.989990234375,589.4500122070312,590.2100219726562,19260592
2026-03-19 17:00:00+00:00,590.2000122070312,590.4097290039062,588.3699951171875,588.5999755859375,1323101
2026-03-19 17:15:00+00:00,588.6099853515625,590.3966064453125,588.4000244140625,590.0499877929688,1132915
2026-03-19 17:30:00+00:00,590.0399780273438,590.530029296875,589.1400146484375,589.580078125,676483
2026-03-19 17:45:00+00:00,589.5900268554688,590.8800048828125,589.27001953125,590.1300048828125,23430959
2026-03-19 18:00:00+00:00,590.1300048828125,591.760009765625,589.47998046875,591.4500122070312,678421
2026-03-19 18:15:00+00:00,591.4600219726562,591.6500244140625,590.5150146484375,590.5408935546875,24326652
2026-03-19 18:30:00+00:00,590.5399780273438,590.614990234375,589.4000244140625,589.5599975585938,25639851
2026-03-19 18:45:00+00:00,589.5700073242188,591.8300170898438,589.3300170898438,591.4600219726562,927558
2026-03-19 19:00:00+00:00,591.4600219726562,595.7999877929688,591.4099731445312,595.0401000976562,32283737
2026-03-19 19:15:00+00:00,595.02001953125,595.4099731445312,593.0,593.5399780273438,1037072
2026-03-19 19:30:00+00:00,593.5294189453125,593.9530029296875,592.2899780273438,593.3300170898438,1574013
2026-03-19 19:45:00+00:00,593.3099975585938,593.6400146484375,592.7100219726562,592.97998046875,2445037
2026-03-20 13:30:00+00:00,591.0700073242188,591.1500244140625,588.5800170898438,590.3699951171875,7000965
2026-03-20 13:45:00+00:00,590.364990234375,590.72998046875,586.1599731445312,586.2999877929688,4120940
2026-03-20 14:00:00+00:00,586.2999877929688,587.3400268554688,585.2349853515625,585.5800170898438,5435742
2026-03-20 14:15:00+00:00,585.5700073242188,586.5900268554688,585.4400024414062,585.9450073242188,2780938
2026-03-20 14:30:00+00:00,585.969970703125,587.280029296875,585.7899780273438,586.25,3536930
2026-03-20 14:45:00+00:00,586.260009765625,586.75,584.969970703125,585.9000244140625,4998355
2026-03-20 15:00:00+00:00,585.898681640625,587.0399780273438,585.0999755859375,586.719970703125,2394871
2026-03-20 15:15:00+00:00,586.719970703125,587.6300048828125,585.3499755859375,585.75,4802008
2026-03-20 15:30:00+00:00,585.7899780273438,586.6699829101562,585.5399780273438,586.5289916992188,1020057
2026-03-20 15:45:00+00:00,586.52001953125,587.1400146484375,585.9500732421875,587.02001953125,1264811
2026-03-20 16:00:00+00:00,586.7899780273438,587.9299926757812,586.719970703125,587.4801025390625,2064828
2026-03-20 16:15:00+00:00,587.5,587.9199829101562,586.6500244140625,586.739990234375,1769683
2026-03-20 16:30:00+00:00,586.75,586.75,585.52001953125,585.7899780273438,2576001
2026-03-20 16:45:00+00:00,585.780029296875,586.5900268554688,585.0800170898438,585.9400024414062,1643755
2026-03-20 17:00:00+00:00,585.9400024414062,586.4149780273438,584.8300170898438,585.489990234375,1506562
2026-03-20 17:15:00+00:00,585.52001953125,585.72998046875,584.8800048828125,585.0399780273438,1230656
2026-03-20 17:30:00+00:00,585.0499877929688,585.2150268554688,583.43798828125,583.8599853515625,2092635
2026-03-20 17:45:00+00:00,583.8599853515625,584.6199951171875,583.3800048828125,584.47998046875,2107411
2026-03-20 18:00:00+00:00,584.47998046875,584.7100219726562,583.60498046875,583.844970703125,1646792
2026-03-20 18:15:00+00:00,583.8499755859375,583.9500122070312,582.1099853515625,582.8699951171875,3121733
2026-03-20 18:30:00+00:00,582.8599853515625,583.0549926757812,581.4600219726562,581.5549926757812,2533695
2026-03-20 18:45:00+00:00,581.5499877929688,581.8599853515625,581.0599975585938,581.5499877929688,2577514
2026-03-20 19:00:00+00:00,581.5700073242188,582.1500244140625,580.8499755859375,581.3599853515625,2616836
2026-03-20 19:15:00+00:00,581.3599853515625,581.6599731445312,580.469970703125,580.7000122070312,3467193
2026-03-20 19:30:00+00:00,580.7000122070312,581.0599975585938,578.5399780273438,580.4949951171875,6062919
2026-03-20 19:45:00+00:00,580.47998046875,582.1099853515625,579.6849975585938,582.0700073242188,9613185
2026-03-23 13:30:00+00:00,590.469970703125,592.239990234375,589.030029296875,590.5698852539062,14216092
2026-03-23 13:45:00+00:00,590.5900268554688,593.1699829101562,590.35009765625,592.969970703125,3599210
2026-03-23 14:00:00+00:00,592.969970703125,593.5,591.22998046875,593.0800170898438,3667733
2026-03-23 14:15:00+00:00,593.0900268554688,595.0798950195312,593.0399780273438,593.864990234375,4223426
2026-03-23 14:30:00+00:00,593.8599853515625,594.3099975585938,592.8599853515625,593.010009765625,2176425
2026-03-23 14:45:00+00:00,593.010009765625,594.0900268554688,592.4600219726562,593.2100219726562,2687813
2026-03-23 15:00:00+00:00,593.239990234375,595.0800170898438,593.0,594.489990234375,2699785
2026-03-23 15:15:00+00:00,594.4600219726562,594.6199951171875,592.9099731445312,593.219970703125,2463424
2026-03-23 15:30:00+00:00,593.239990234375,593.7000122070312,591.0,591.47998046875,2775099
2026-03-23 15:45:00+00:00,591.47998046875,591.4849853515625,587.489990234375,587.72998046875,4153470
2026-03-23 16:00:00+00:00,587.7249755859375,589.7899780273438,587.6699829101562,589.4000244140625,3460556
2026-03-23 16:15:00+00:00,589.3699951171875,589.5599975585938,585.9600219726562,586.2000122070312,5614857
2026-03-23 16:30:00+00:00,586.2100219726562,588.27001953125,586.0599975585938,588.0499877929688,4080062
2026-03-23 16:45:00+00:00,588.0599975585938,588.7899780273438,586.969970703125,587.4450073242188,2926318
2026-03-23 17:00:00+00:00,587.4600219726562,588.0399780273438,586.8200073242188,587.14501953125,2200502
2026-03-23 17:15:00+00:00,587.1400146484375,587.510009765625,586.0700073242188,587.1500244140625,1950723
2026-03-23 17:30:00+00:00,587.1400146484375,589.9400024414062,587.125,588.5599975585938,3092944
2026-03-23 17:45:00+00:00,588.590087890625,589.989990234375,587.9500122070312,589.844970703125,1511208
2026-03-23 18:00:00+00:00,589.8499755859375,590.3400268554688,588.6199951171875,589.5599975585938,1964228
2026-03-23 18:15:00+00:00,589.5900268554688,589.8599853515625,589.0,589.3300170898438,1160305
2026-03-23 18:30:00+00:00,589.4400024414062,591.510009765625,589.4400024414062,590.7559814453125,2638659
2026-03-23 18:45:00+00:00,590.77001953125,591.2799072265625,590.5750122070312,590.9550170898438,1166253
2026-03-23 19:00:00+00:00,590.969970703125,591.030029296875,590.4299926757812,590.4658203125,1255505
2026-03-23 19:15:00+00:00,590.469970703125,590.6649780273438,589.6400146484375,589.989990234375,1847738
2026-03-23 19:30:00+00:00,589.9749755859375,590.5167236328125,589.8200073242188,590.5,1830266
2026-03-23 19:45:00+00:00,590.47998046875,590.9450073242188,588.1699829101562,588.1699829101562,5013704
2026-03-24 13:30:00+00:00,584.8200073242188,586.280029296875,582.0499877929688,582.9199829101562,6358267
2026-03-24 13:45:00+00:00,582.9266967773438,584.1799926757812,581.9400024414062,583.8800048828125,2232820
2026-03-24 14:00:00+00:00,583.885009765625,585.4500122070312,582.9299926757812,584.0499877929688,2821026
2026-03-24 14:15:00+00:00,584.0399780273438,584.625,583.0599975585938,583.6300048828125,2061376
2026-03-24 14:30:00+00:00,583.6199951171875,584.72998046875,583.1099853515625,584.7100219726562,1666338
2026-03-24 14:45:00+00:00,584.6799926757812,586.9299926757812,583.1300048828125,584.52001953125,4157660
2026-03-24 15:00:00+00:00,584.5399780273438,586.3499755859375,584.5399780273438,586.169921875,1720865
2026-03-24 15:15:00+00:00,586.1799926757812,587.9299926757812,586.0798950195312,586.8673706054688,1856944
2026-03-24 15:30:00+00:00,586.8599853515625,587.4099731445312,585.9199829101562,586.9299926757812,1270656
2026-03-24 15:45:00+00:00,586.8900146484375,587.739990234375,585.5599975585938,585.77001953125,1571998
2026-03-24 16:00:00+00:00,585.719970703125,586.1799926757812,585.0900268554688,585.6199951171875,1393368
2026-03-24 16:15:00+00:00,585.6099853515625,586.989990234375,585.5599975585938,586.6300048828125,1056567
2026-03-24 16:30:00+00:00,586.6300048828125,586.7899780273438,584.5800170898438,585.6400146484375,1165409
2026-03-24 16:45:00+00:00,585.6400146484375,586.27001953125,584.8599853515625,585.47998046875,1068963
2026-03-24 17:00:00+00:00,585.4500122070312,585.780029296875,582.7750244140625,583.239990234375,1898943
2026-03-24 17:15:00+00:00,583.2100219726562,583.6199951171875,582.7000122070312,583.510009765625,1596904
2026-03-24 17:30:00+00:00,583.469970703125,584.1699829101562,582.5900268554688,582.77001953125,1767357
2026-03-24 17:45:00+00:00,582.7750244140625,584.7650146484375,582.5999755859375,584.5499877929688,2143207
2026-03-24 18:00:00+00:00,584.5549926757812,585.2999877929688,584.0900268554688,584.4249877929688,1242411
2026-03-24 18:15:00+00:00,584.4400024414062,585.2999877929688,583.72998046875,584.9495239257812,1440366
2026-03-24 18:30:00+00:00,584.9400024414062,587.0380249023438,584.6500244140625,585.8200073242188,2356979
2026-03-24 18:45:00+00:00,585.8599853515625,586.1699829101562,584.8900146484375,585.3300170898438,929805
2026-03-24 19:00:00+00:00,585.2899780273438,586.2899780273438,585.2899780273438,586.280029296875,1016442
2026-03-24 19:15:00+00:00,586.27001953125,586.3599853515625,585.0599975585938,585.0900268554688,1099296
2026-03-24 19:30:00+00:00,585.0800170898438,585.4400024414062,584.0899047851562,584.469970703125,1571458
2026-03-24 19:45:00+00:00,584.4600219726562,584.469970703125,583.25,583.9299926757812,3093320
2026-03-25 13:30:00+00:00,589.1099853515625,591.3699951171875,589.0,589.5999145507812,6562682
2026-03-25 13:45:00+00:00,589.5999755859375,589.969970703125,587.4400024414062,587.6199951171875,3280540
2026-03-25 14:00:00+00:00,587.6300048828125,589.8099975585938,586.7000122070312,589.7249755859375,4248357
2026-03-25 14:15:00+00:00,589.72998046875,590.905029296875,589.3200073242188,590.25,3725823
2026-03-25 14:30:00+00:00,590.27001953125,591.0599975585938,589.7000122070312,590.5399780273438,2369794
2026-03-25 14:45:00+00:00,590.5599975585938,591.2000122070312,590.1599731445312,590.3599853515625,1382228
2026-03-25 15:00:00+00:00,590.3599853515625,590.5900268554688,588.0399780273438,588.0499877929688,2501522
2026-03-25 15:15:00+00:00,588.0499877929688,589.0443115234375,585.6900024414062,588.989990234375,5532004
2026-03-25 15:30:00+00:00,589.0,589.4299926757812,587.010009765625,587.6400146484375,2529269
2026-03-25 15:45:00+00:00,587.6599731445312,588.1799926757812,587.1099853515625,587.8599853515625,1678206
2026-03-25 16:00:00+00:00,587.8400268554688,588.0499877929688,586.7100219726562,587.4000244140625,1546874
2026-03-25 16:15:00+00:00,587.3800048828125,589.2899780273438,587.030029296875,588.6799926757812,2290162
2026-03-25 16:30:00+00:00,588.6500244140625,589.5599975585938,588.239990234375,589.239990234375,1527417
2026-03-25 16:45:00+00:00,589.260009765625,589.3699951171875,588.239990234375,588.8300170898438,1126485
2026-03-25 17:00:00+00:00,588.8599853515625,589.3800048828125,587.8499755859375,588.7100219726562,1254298
2026-03-25 17:15:00+00:00,588.7100219726562,589.4500122070312,587.969970703125,589.094970703125,1017389
2026-03-25 17:30:00+00:00,589.0999755859375,590.5700073242188,588.5900268554688,589.969970703125,1436374
2026-03-25 17:45:00+00:00,589.969970703125,590.0,588.4299926757812,588.989990234375,2078322
2026-03-25 18:00:00+00:00,588.97998046875,589.2999877929688,588.52001953125,589.030029296875,1146617
2026-03-25 18:15:00+00:00,589.0800170898438,589.6400146484375,588.6500244140625,588.6799926757812,955671
2026-03-25 18:30:00+00:00,588.6849975585938,588.9000244140625,588.0499877929688,588.3099975585938,797060
2026-03-25 18:45:00+00:00,588.3049926757812,588.4400024414062,586.489990234375,587.27001953125,1793941
2026-03-25 19:00:00+00:00,587.260009765625,587.280029296875,586.2650146484375,587.219970703125,2217829
2026-03-25 19:15:00+00:00,587.22998046875,588.1799926757812,587.1599731445312,587.2509765625,1835463
2026-03-25 19:30:00+00:00,587.2598876953125,587.4099731445312,586.5800170898438,586.9603271484375,1267504
2026-03-25 19:45:00+00:00,586.9600219726562,588.1199951171875,586.7899780273438,587.72998046875,2580894
2026-03-26 13:30:00+00:00,582.5999755859375,582.635009765625,580.4600219726562,582.5700073242188,6540331
2026-03-26 13:45:00+00:00,582.5999145507812,584.4099731445312,582.2000122070312,583.989990234375,4524767
2026-03-26 14:00:00+00:00,584.010009765625,584.6099853515625,582.8900146484375,583.9500122070312,4149486
2026-03-26 14:15:00+00:00,583.9600219726562,584.3699951171875,582.9299926757812,582.969970703125,2460674
2026-03-26 14:30:00+00:00,582.9600219726562,584.2625122070312,581.6699829101562,581.8300170898438,3754900
2026-03-26 14:45:00+00:00,581.8400268554688,582.22998046875,579.6500244140625,581.3499755859375,4939276
2026-03-26 15:00:00+00:00,581.3599853515625,581.989990234375,580.8699951171875,581.1400146484375,2095974
2026-03-26 15:15:00+00:00,581.1400146484375,581.2899780273438,580.5,580.8800048828125,1995638
2026-03-26 15:30:00+00:00,580.8699951171875,581.0900268554688,580.0999755859375,580.7899780273438,1707438
2026-03-26 15:45:00+00:00,580.8300170898438,581.9000244140625,580.6099853515625,581.0800170898438,1815054
2026-03-26 16:00:00+00:00,581.0599975585938,581.2899780273438,580.2000122070312,580.8499755859375,1493414
2026-03-26 16:15:00+00:00,580.8300170898438,580.8350219726562,578.9000244140625,579.0399780273438,2625107
2026-03-26 16:30:00+00:00,579.0599975585938,579.22998046875,578.4099731445312,578.8250122070312,2543250
2026-03-26 16:45:00+00:00,578.8200073242188,579.0399780273438,578.1701049804688,578.8200073242188,1913192
2026-03-26 17:00:00+00:00,578.8300170898438,579.2899780273438,578.0399780273438,578.0900268554688,1419489
2026-03-26 17:15:00+00:00,578.0850219726562,578.47998046875,577.2750244140625,577.8049926757812,1920071
2026-03-26 17:30:00+00:00,577.77001953125,578.22998046875,576.8900146484375,576.97998046875,1649774
2026-03-26 17:45:00+00:00,576.97998046875,577.1300048828125,575.3099975585938,575.5599975585938,2544469
2026-03-26 18:00:00+00:00,575.52001953125,576.489990234375,575.510009765625,575.9099731445312,2113938
2026-03-26 18:15:00+00:00,575.9199829101562,576.1799926757812,575.1699829101562,575.2349853515625,1803565
2026-03-26 18:30:00+00:00,575.2349853515625,576.030029296875,575.219970703125,575.5399780273438,1936715
2026-03-26 18:45:00+00:00,575.530029296875,576.2598876953125,575.3200073242188,576.0800170898438,2349934
2026-03-26 19:00:00+00:00,576.0900268554688,576.1500244140625,574.6599731445312,574.9996948242188,2630597
2026-03-26 19:15:00+00:00,575.0,575.489990234375,574.6099853515625,575.0999755859375,2653176
2026-03-26 19:30:00+00:00,575.1099853515625,575.1900024414062,574.25,574.385009765625,3888169
2026-03-26 19:45:00+00:00,574.3900146484375,574.5700073242188,573.4310302734375,573.7100219726562,7124164
2026-03-27 13:30:00+00:00,570.8099975585938,571.02001953125,567.97998046875,569.282470703125,9481229
2026-03-27 13:45:00+00:00,569.280029296875,570.614990234375,566.4058837890625,566.719970703125,4205074
2026-03-27 14:00:00+00:00,566.6900024414062,568.0700073242188,566.1500244140625,567.6400146484375,4214744
2026-03-27 14:15:00+00:00,567.6300048828125,568.469970703125,566.489990234375,566.530029296875,2882095
2026-03-27 14:30:00+00:00,566.52001953125,567.25,565.8300170898438,566.2999877929688,2446444
2026-03-27 14:45:00+00:00,566.3200073242188,567.9849853515625,565.6599731445312,567.3599853515625,2649193
2026-03-27 15:00:00+00:00,567.3499755859375,568.4000244140625,566.9450073242188,566.9650268554688,2442655
2026-03-27 15:15:00+00:00,566.969970703125,568.6898803710938,566.0900268554688,568.4500122070312,3464031
2026-03-27 15:30:00+00:00,568.4600219726562,569.7100219726562,567.5599975585938,568.10498046875,3483682
2026-03-27 15:45:00+00:00,568.1099853515625,568.9498901367188,568.010009765625,568.2933959960938,2299557
2026-03-27 16:00:00+00:00,568.2999877929688,568.4500122070312,566.8900146484375,567.469970703125,2348884
2026-03-27 16:15:00+00:00,567.469970703125,567.52001953125,566.469970703125,566.6749877929688,2186878
2026-03-27 16:30:00+00:00,566.6699829101562,566.8499755859375,565.739990234375,566.469970703125,1933793
2026-03-27 16:45:00+00:00,566.4650268554688,567.4149780273438,566.2999877929688,566.4500122070312,1513505
2026-03-27 17:00:00+00:00,566.4500122070312,567.760009765625,565.7899780273438,566.2650146484375,2326179
2026-03-27 17:15:00+00:00,566.280029296875,566.3200073242188,564.1500244140625,564.1900024414062,2177261
2026-03-27 17:30:00+00:00,564.1610107421875,564.9149780273438,563.7899780273438,563.9099731445312,2051971
2026-03-27 17:45:00+00:00,563.885009765625,564.22998046875,563.3599853515625,563.6900024414062,2443688
2026-03-27 18:00:00+00:00,563.6900024414062,563.8150024414062,562.9199829101562,563.3599853515625,2396627
2026-03-27 18:15:00+00:00,563.3800048828125,564.1099853515625,563.1699829101562,563.7550048828125,2288267
2026-03-27 18:30:00+00:00,563.72998046875,564.5599975585938,563.3599853515625,563.8300170898438,2076851
2026-03-27 18:45:00+00:00,563.8300170898438,563.9099731445312,562.9099731445312,563.2299194335938,2018726
2026-03-27 19:00:00+00:00,563.219970703125,563.5399780273438,562.5150146484375,563.10498046875,2448755
2026-03-27 19:15:00+00:00,563.1099853515625,563.719970703125,562.8599853515625,563.02001953125,2202941
2026-03-27 19:30:00+00:00,563.0399780273438,563.4749755859375,562.3499755859375,562.594970703125,3254107
2026-03-27 19:45:00+00:00,562.5900268554688,563.4749755859375,561.5700073242188,562.5,6806718
2026-03-30 13:30:00+00:00,567.344970703125,568.0399780273438,564.0999755859375,564.5650024414062,8197527
2026-03-30 13:45:00+00:00,564.5499877929688,564.8699951171875,562.1099853515625,562.3699951171875,3903869
2026-03-30 14:00:00+00:00,562.3499755859375,564.280029296875,562.27001953125,563.8900146484375,3021947
2026-03-30 14:15:00+00:00,563.8900146484375,564.1300048828125,562.6599731445312,562.9249877929688,1860213
2026-03-30 14:30:00+00:00,562.8800048828125,563.5999755859375,561.3699951171875,561.64990234375,2464382
2026-03-30 14:45:00+00:00,561.6500244140625,564.1799926757812,561.5700073242188,564.14501953125,2921614
2026-03-30 15:00:00+00:00,564.1500244140625,565.5399780273438,562.5900268554688,562.6799926757812,2483029
2026-03-30 15:15:00+00:00,562.6900024414062,563.6950073242188,561.844970703125,563.0,2220833
2026-03-30 15:30:00+00:00,562.97998046875,564.909912109375,562.6099853515625,564.7449951171875,2271991
2026-03-30 15:45:00+00:00,564.739990234375,565.47998046875,563.9149780273438,564.0549926757812,1965083
2026-03-30 16:00:00+00:00,564.0499877929688,564.1749877929688,562.5,563.110107421875,2037416
2026-03-30 16:15:00+00:00,563.0830078125,563.1099853515625,561.6300048828125,561.6624755859375,1783971
2026-03-30 16:30:00+00:00,561.6699829101562,562.6298217773438,561.489990234375,562.2899169921875,1707108
2026-03-30 16:45:00+00:00,562.2899780273438,562.5369873046875,561.6900024414062,561.969970703125,1337850
2026-03-30 17:00:00+00:00,561.9600219726562,562.4099731445312,560.9199829101562,561.010009765625,2140032
2026-03-30 17:15:00+00:00,561.0,561.1950073242188,559.6500244140625,559.7698974609375,2319243
2026-03-30 17:30:00+00:00,559.77001953125,560.6500244140625,559.1199951171875,560.52001953125,2166676
2026-03-30 17:45:00+00:00,560.510009765625,561.1400146484375,559.6900024414062,560.0999755859375,2242335
2026-03-30 18:00:00+00:00,560.094970703125,560.1400146484375,559.2100219726562,559.6649780273438,1638079
2026-03-30 18:15:00+00:00,559.6500244140625,560.0800170898438,558.7100219726562,558.7319946289062,1442148
2026-03-30 18:30:00+00:00,558.75,559.6900024414062,558.7000122070312,558.77001953125,1520716
2026-03-30 18:45:00+00:00,558.7949829101562,559.0800170898438,557.77001953125,557.9199829101562,2412230
2026-03-30 19:00:00+00:00,557.9199829101562,558.1400146484375,555.9099731445312,556.10498046875,3366675
2026-03-30 19:15:00+00:00,556.094970703125,556.5499877929688,555.5999755859375,555.880126953125,1796600
2026-03-30 19:30:00+00:00,555.9099731445312,557.1500244140625,555.6199951171875,556.9500122070312,2542982
2026-03-30 19:45:00+00:00,556.9500122070312,558.97998046875,556.8701171875,558.2703247070312,4965341
2026-03-31 13:30:00+00:00,564.2899780273438,566.3499755859375,564.22998046875,565.0999755859375,8559819
2026-03-31 13:45:00+00:00,565.1199951171875,568.8300170898438,565.1199951171875,568.7550048828125,3884851
2026-03-31 14:00:00+00:00,568.739990234375,569.0399780273438,567.02001953125,567.72802734375,3229716
2026-03-31 14:15:00+00:00,567.72998046875,568.97998046875,567.239990234375,568.739990234375,3428316
2026-03-31 14:30:00+00:00,568.72998046875,569.2100219726562,566.5800170898438,566.9099731445312,3144392
2026-03-31 14:45:00+00:00,566.9000244140625,567.2000122070312,564.2100219726562,564.97802734375,3196568
2026-03-31 15:00:00+00:00,564.97998046875,568.3300170898438,564.9600219726562,568.2000122070312,2850872
2026-03-31 15:15:00+00:00,568.2000122070312,568.530029296875,566.72998046875,566.9525756835938,2220406
2026-03-31 15:30:00+00:00,566.9500122070312,567.6199951171875,566.159912109375,566.75,1669616
2026-03-31 15:45:00+00:00,566.739990234375,567.3800048828125,565.760009765625,565.8599853515625,1624308
2026-03-31 16:00:00+00:00,565.8599853515625,567.9299926757812,565.6199951171875,567.510009765625,1844374
2026-03-31 16:15:00+00:00,567.530029296875,568.760009765625,567.530029296875,568.3400268554688,1675607
2026-03-31 16:30:00+00:00,568.3400268554688,575.7100219726562,567.9000244140625,573.8300170898438,6215949
2026-03-31 16:45:00+00:00,573.8300170898438,574.8800048828125,571.8800048828125,573.7399291992188,4545540
2026-03-31 17:00:00+00:00,573.780029296875,575.8699951171875,573.4099731445312,575.0894775390625,3541042
2026-03-31 17:15:00+00:00,575.0800170898438,576.2100219726562,574.239990234375,574.47998046875,3422379
2026-03-31 17:30:00+00:00,574.510009765625,576.0900268554688,573.4619750976562,574.030029296875,3672716
2026-03-31 17:45:00+00:00,574.02001953125,574.9000244140625,573.114013671875,573.4500122070312,1831123
2026-03-31 18:00:00+00:00,573.4199829101562,575.1199951171875,573.4199829101562,574.8250122070312,1918523
2026-03-31 18:15:00+00:00,574.7999877929688,575.5499877929688,574.260009765625,575.0599975585938,2020916
2026-03-31 18:30:00+00:00,575.030029296875,575.9600219726562,574.52001953125,575.3099975585938,2765455
2026-03-31 18:45:00+00:00,575.3366088867188,576.1400146484375,575.3150024414062,575.780029296875,3704865
2026-03-31 19:00:00+00:00,575.7700805664062,576.530029296875,575.239990234375,576.3800048828125,2837396
2026-03-31 19:15:00+00:00,576.3800048828125,577.0700073242188,576.219970703125,576.4400024414062,3437814
2026-03-31 19:30:00+00:00,576.4500122070312,577.3499755859375,576.2899780273438,577.0599975585938,4401825
2026-03-31 19:45:00+00:00,577.0399780273438,578.6400146484375,576.3499755859375,577.1900024414062,7979344
2026-04-01 13:30:00+00:00,581.47998046875,584.0260009765625,580.4199829101562,581.6599731445312,9265105
2026-04-01 13:45:00+00:00,581.6400146484375,582.72998046875,580.7999877929688,582.1798706054688,2916034
2026-04-01 14:00:00+00:00,582.1799926757812,583.5897827148438,581.969970703125,583.3099975585938,2963126
2026-04-01 14:15:00+00:00,583.3099975585938,584.3599853515625,583.02001953125,583.8300170898438,2543623
2026-04-01 14:30:00+00:00,583.8400268554688,585.1300048828125,582.52001953125,584.27001953125,3527111
2026-04-01 14:45:00+00:00,584.2789916992188,585.7999877929688,583.5800170898438,585.5700073242188,3208809
2026-04-01 15:00:00+00:00,585.5700073242188,586.2050170898438,585.3599853515625,585.7100219726562,2753661
2026-04-01 15:15:00+00:00,585.719970703125,586.1599731445312,585.2949829101562,585.3099975585938,2088281
2026-04-01 15:30:00+00:00,585.3200073242188,586.35498046875,584.8599853515625,586.280029296875,2402233
2026-04-01 15:45:00+00:00,586.27001953125,587.1799926757812,586.0800170898438,586.875,2066553
2026-04-01 16:00:00+00:00,586.8800048828125,587.2000122070312,586.5,586.60498046875,2086977
2026-04-01 16:15:00+00:00,586.5875244140625,587.260009765625,586.4400024414062,586.6649780273438,1508549
2026-04-01 16:30:00+00:00,586.6799926757812,587.239990234375,586.27001953125,587.1799926757812,1362639
2026-04-01 16:45:00+00:00,587.1799926757812,587.3099975585938,586.878173828125,587.0374145507812,1017814
2026-04-01 17:00:00+00:00,587.0499877929688,587.739013671875,586.9201049804688,587.594970703125,1741226
2026-04-01 17:15:00+00:00,587.593505859375,587.6849975585938,587.2899780273438,587.3400268554688,1288702
2026-04-01 17:30:00+00:00,587.3474731445312,587.5499877929688,586.6799926757812,586.8200073242188,1819178
2026-04-01 17:45:00+00:00,586.8499755859375,586.9500122070312,585.7000122070312,585.760009765625,2111152
2026-04-01 18:00:00+00:00,585.7501220703125,585.9500122070312,584.510009765625,584.7899169921875,3506102
2026-04-01 18:15:00+00:00,584.760009765625,584.7899780273438,582.7000122070312,583.0250244140625,4503763
2026-04-01 18:30:00+00:00,583.030029296875,584.27001953125,582.3264770507812,583.6699829101562,3827193
2026-04-01 18:45:00+00:00,583.6699829101562,583.8099975585938,582.8800048828125,583.1699829101562,1980409
2026-04-01 19:00:00+00:00,583.1649780273438,584.219970703125,583.0599975585938,584.0,2173688
2026-04-01 19:15:00+00:00,584.030029296875,585.2999877929688,583.7650146484375,585.030029296875,3113948
2026-04-01 19:30:00+00:00,585.0399780273438,585.510009765625,584.280029296875,584.9299926757812,2897428
2026-04-01 19:45:00+00:00,584.9299926757812,585.239990234375,583.8200073242188,584.2899780273438,6746406
2026-04-02 13:30:00+00:00,573.969970703125,575.288818359375,571.9199829101562,572.6699829101562,7368080
2026-04-02 13:45:00+00:00,572.719970703125,577.4262084960938,572.3300170898438,577.1900024414062,3741699
2026-04-02 14:00:00+00:00,577.2000122070312,578.77001953125,576.2349853515625,578.030029296875,3743862
2026-04-02 14:15:00+00:00,578.0399780273438,579.7000122070312,577.9500122070312,578.22998046875,2768008
2026-04-02 14:30:00+00:00,578.25,585.9899291992188,577.9700927734375,584.489990234375,5318634
2026-04-02 14:45:00+00:00,584.469970703125,584.7100219726562,581.3300170898438,583.8300170898438,2601837
2026-04-02 15:00:00+00:00,583.8200073242188,584.739990234375,582.1300048828125,583.9439697265625,1759383
2026-04-02 15:15:00+00:00,584.010009765625,584.489990234375,582.510009765625,583.9600219726562,1524692
2026-04-02 15:30:00+00:00,584.0399780273438,584.7000122070312,582.9400024414062,584.0999755859375,1268825
2026-04-02 15:45:00+00:00,584.1199951171875,584.1199951171875,581.72998046875,582.8703002929688,1178950
2026-04-02 16:00:00+00:00,582.8594970703125,583.5800170898438,581.5999755859375,582.2901000976562,942921
2026-04-02 16:15:00+00:00,582.2650146484375,582.6099853515625,580.969970703125,581.6998901367188,1259223
2026-04-02 16:30:00+00:00,581.6699829101562,583.8499755859375,581.27001953125,583.0999755859375,1657072
2026-04-02 16:45:00+00:00,583.1199951171875,583.469970703125,582.47998046875,582.52001953125,936402
2026-04-02 17:00:00+00:00,582.52001953125,583.6199951171875,581.969970703125,583.3499755859375,908923
2026-04-02 17:15:00+00:00,583.3099975585938,583.9600219726562,583.22998046875,583.5399169921875,923809
2026-04-02 17:30:00+00:00,583.5599975585938,583.6599731445312,582.6099853515625,582.9299926757812,868186
2026-04-02 17:45:00+00:00,582.9299926757812,582.97998046875,581.1400146484375,581.8099975585938,1022088
2026-04-02 18:00:00+00:00,581.8150024414062,583.0800170898438,581.8150024414062,582.6300048828125,713600
2026-04-02 18:15:00+00:00,582.6300048828125,582.9199829101562,581.989990234375,582.1799926757812,675282
2026-04-02 18:30:00+00:00,582.1959838867188,583.1599731445312,582.0499877929688,582.9500122070312,794865
2026-04-02 18:45:00+00:00,582.9600219726562,583.5399780273438,582.780029296875,582.9641723632812,891020
2026-04-02 19:00:00+00:00,583.0,583.9600219726562,582.9299926757812,583.5299072265625,897614
2026-04-02 19:15:00+00:00,583.530029296875,583.64990234375,582.840087890625,583.1290283203125,995676
2026-04-02 19:30:00+00:00,583.11962890625,583.6900024414062,582.9099731445312,583.0999755859375,1002046
2026-04-02 19:45:00+00:00,583.1099853515625,585.0900268554688,582.9700927734375,584.9600219726562,3164171
2026-04-06 13:30:00+00:00,586.2000122070312,588.780029296875,585.72998046875,587.6998901367188,4707388
2026-04-06 13:45:00+00:00,587.6799926757812,589.6599731445312,587.6599731445312,589.5501098632812,2224628
2026-04-06 14:00:00+00:00,589.5599975585938,590.6099853515625,586.3200073242188,588.2150268554688,2724444
2026-04-06 14:15:00+00:00,588.260009765625,589.1500244140625,587.9400024414062,588.52001953125,1350891
2026-04-06 14:30:00+00:00,588.510009765625,589.1300048828125,586.6712036132812,587.3798828125,2106796
2026-04-06 14:45:00+00:00,587.3300170898438,587.6286010742188,586.0800170898438,587.1400146484375,1528364
2026-04-06 15:00:00+00:00,587.1500244140625,587.8900146484375,586.8200073242188,587.3150024414062,1133172
2026-04-06 15:15:00+00:00,587.2650146484375,587.5499877929688,586.219970703125,586.5399780273438,689506
2026-04-06 15:30:00+00:00,586.5399780273438,586.9299926757812,585.8699951171875,586.8300170898438,1058682
2026-04-06 15:45:00+00:00,586.8250122070312,587.75,586.6599731445312,587.530029296875,996456
2026-04-06 16:00:00+00:00,587.5549926757812,587.6599731445312,586.5900268554688,587.0886840820312,608959
2026-04-06 16:15:00+00:00,587.0900268554688,587.530029296875,586.8250122070312,587.2744750976562,699784
2026-04-06 16:30:00+00:00,587.280029296875,588.0999755859375,587.0399780273438,587.8200073242188,724219
2026-04-06 16:45:00+00:00,587.8099975585938,588.0526123046875,587.0599975585938,587.2100219726562,636174
2026-04-06 17:00:00+00:00,587.2091064453125,587.2799072265625,584.6900024414062,585.260009765625,1776234
2026-04-06 17:15:00+00:00,585.25,587.280029296875,585.0449829101562,587.1500244140625,1089224
2026-04-06 17:30:00+00:00,587.1599731445312,587.7899780273438,586.5499877929688,586.8040161132812,968591
2026-04-06 17:45:00+00:00,586.780029296875,586.7999877929688,586.0800170898438,586.0999755859375,590626
2026-04-06 18:00:00+00:00,586.135009765625,587.6099853515625,585.7100219726562,587.0900268554688,1094272
2026-04-06 18:15:00+00:00,587.0499877929688,588.4949951171875,587.0499877929688,587.97998046875,1320052
2026-04-06 18:30:00+00:00,587.97998046875,588.344970703125,587.5399780273438,587.8399047851562,622232
2026-04-06 18:45:00+00:00,587.8800048828125,588.260009765625,587.739990234375,588.2000122070312,500115
2026-04-06 19:00:00+00:00,588.22998046875,588.2849731445312,587.7100219726562,588.0501098632812,686611
2026-04-06 19:15:00+00:00,588.0499877929688,588.14501953125,587.7755737304688,587.85498046875,493033
2026-04-06 19:30:00+00:00,587.85498046875,588.1599731445312,587.6400146484375,588.0499877929688,847007
2026-04-06 19:45:00+00:00,588.010009765625,588.8300170898438,587.8900146484375,588.530029296875,2062026
2026-04-07 13:30:00+00:00,586.0800170898438,586.0900268554688,584.3480834960938,584.5449829101562,4818512
2026-04-07 13:45:00+00:00,584.5599975585938,584.7578125,582.6599731445312,582.6900024414062,1947296
2026-04-07 14:00:00+00:00,582.6699829101562,582.9099731445312,579.6900024414062,580.6699829101562,3027879
2026-04-07 14:15:00+00:00,580.655029296875,582.969970703125,580.5601196289062,582.3735961914062,2033349
2026-04-07 14:30:00+00:00,582.4299926757812,583.239990234375,581.2202758789062,581.5700073242188,1268273
2026-04-07 14:45:00+00:00,581.5700073242188,582.739990234375,579.97998046875,580.0250244140625,1543283
2026-04-07 15:00:00+00:00,580.030029296875,580.260009765625,578.4099731445312,579.9000244140625,2036516
2026-04-07 15:15:00+00:00,579.9500122070312,581.8800048828125,579.75,581.3900146484375,1304329
2026-04-07 15:30:00+00:00,581.3800048828125,582.0499877929688,580.8300170898438,581.1099853515625,1072307
2026-04-07 15:45:00+00:00,581.1300048828125,582.97998046875,581.0800170898438,582.4000244140625,734407
2026-04-07 16:00:00+00:00,582.4550170898438,585.5399780273438,582.3599853515625,583.6300048828125,1680048
2026-04-07 16:15:00+00:00,583.6300048828125,585.280029296875,583.3599853515625,584.4000244140625,1296507
2026-04-07 16:30:00+00:00,584.3800048828125,584.8800048828125,584.0435180664062,584.75,680520
2026-04-07 16:45:00+00:00,584.780029296875,585.6199951171875,584.6199951171875,584.6900024414062,821556
2026-04-07 17:00:00+00:00,584.6799926757812,585.5,584.4000244140625,584.6699829101562,840756
2026-04-07 17:15:00+00:00,584.6400146484375,584.9199829101562,583.9000244140625,584.3200073242188,1268191
2026-04-07 17:30:00+00:00,584.3400268554688,586.97998046875,584.2108154296875,585.3599853515625,1345307
2026-04-07 17:45:00+00:00,585.3499755859375,585.919921875,585.010009765625,585.22998046875,801917
2026-04-07 18:00:00+00:00,585.25,585.5399169921875,584.5800170898438,584.8800048828125,683112
2026-04-07 18:15:00+00:00,584.8599853515625,585.2492065429688,584.2999877929688,584.469970703125,657068
2026-04-07 18:30:00+00:00,584.45068359375,584.7100219726562,583.510009765625,583.8150024414062,782469
2026-04-07 18:45:00+00:00,583.8101196289062,583.889892578125,581.6599731445312,582.260009765625,1587653
2026-04-07 19:00:00+00:00,582.22998046875,583.0750122070312,581.8300170898438,583.0098876953125,1981638
2026-04-07 19:15:00+00:00,583.010009765625,586.9400024414062,582.8499755859375,585.0499877929688,2913254
2026-04-07 19:30:00+00:00,584.9600219726562,586.0150146484375,584.4199829101562,585.6077880859375,1148698
2026-04-07 19:45:00+00:00,585.5900268554688,588.97998046875,585.1901245117188,588.719970703125,4339106
2026-04-08 13:30:00+00:00,608.7100219726562,609.8800048828125,606.0,606.2349853515625,10294402
2026-04-08 13:45:00+00:00,606.219970703125,607.719970703125,605.4099731445312,605.780029296875,4732261
2026-04-08 14:00:00+00:00,605.77001953125,606.3300170898438,604.8599853515625,605.6751708984375,3411651
2026-04-08 14:15:00+00:00,605.6900024414062,606.0599975585938,605.0599975585938,605.1500244140625,2091753
2026-04-08 14:30:00+00:00,605.2000122070312,605.4299926757812,604.52001953125,604.6199951171875,2109518
2026-04-08 14:45:00+00:00,604.6300048828125,604.760009765625,602.1300048828125,603.6900024414062,2870843
2026-04-08 15:00:00+00:00,603.7100219726562,604.9199829101562,603.35009765625,604.4000244140625,1930224
2026-04-08 15:15:00+00:00,604.4000244140625,604.7899780273438,603.969970703125,604.1699829101562,1155169
2026-04-08 15:30:00+00:00,604.2100219726562,605.3699951171875,604.0,605.27001953125,1815311
2026-04-08 15:45:00+00:00,605.2849731445312,606.0399780273438,605.280029296875,605.7899780273438,1478053
2026-04-08 16:00:00+00:00,605.780029296875,606.7000122070312,605.760009765625,605.8599853515625,1311466
2026-04-08 16:15:00+00:00,605.8599853515625,606.280029296875,605.4099731445312,606.2000122070312,1323271
2026-04-08 16:30:00+00:00,606.2100219726562,607.2349853515625,606.0499877929688,607.0900268554688,992252
2026-04-08 16:45:00+00:00,607.0800170898438,607.7050170898438,607.030029296875,607.3499755859375,1104527
2026-04-08 17:00:00+00:00,607.3499755859375,607.6900024414062,606.7999877929688,606.9000244140625,852548
2026-04-08 17:15:00+00:00,606.89501953125,607.0499267578125,605.6600952148438,605.89501953125,1560171
2026-04-08 17:30:00+00:00,605.8800048828125,606.2999877929688,605.4949951171875,606.1699829101562,1099639
2026-04-08 17:45:00+00:00,606.1599731445312,606.3275756835938,605.9600219726562,606.2039184570312,1306882
2026-04-08 18:00:00+00:00,606.2000122070312,607.0999755859375,605.8388061523438,606.8499755859375,1670148
2026-04-08 18:15:00+00:00,606.8419799804688,607.0900268554688,604.72998046875,605.239990234375,2333286
2026-04-08 18:30:00+00:00,605.219970703125,605.6599731445312,604.239990234375,604.3298950195312,1233143
2026-04-08 18:45:00+00:00,604.3200073242188,604.6300048828125,602.6699829101562,602.7852783203125,1867032
2026-04-08 19:00:00+00:00,602.72998046875,604.2100219726562,602.5599975585938,604.1199951171875,2124481
2026-04-08 19:15:00+00:00,604.1099853515625,604.219970703125,602.8629760742188,602.9400024414062,1576896
2026-04-08 19:30:00+00:00,602.885009765625,604.3499755859375,602.885009765625,604.2650146484375,2060451
2026-04-08 19:45:00+00:00,604.25,606.1300048828125,604.22998046875,605.9199829101562,4028174
2026-04-09 13:30:00+00:00,606.0399780273438,606.6400146484375,604.469970703125,606.4400024414062,3674699
2026-04-09 13:45:00+00:00,606.4600219726562,606.6699829101562,604.1199951171875,604.6849975585938,2029457
2026-04-09 14:00:00+00:00,604.760009765625,605.3250122070312,604.02001953125,604.27001953125,1364532
2026-04-09 14:15:00+00:00,604.2100219726562,604.27001953125,603.0900268554688,603.5349731445312,1703326
2026-04-09 14:30:00+00:00,603.5250244140625,603.9299926757812,603.030029296875,603.6699829101562,1176188
2026-04-09 14:45:00+00:00,603.6500244140625,605.25,603.64990234375,604.9749755859375,997258
2026-04-09 15:00:00+00:00,604.9199829101562,605.8800048828125,604.3790283203125,605.77001953125,886676
2026-04-09 15:15:00+00:00,605.7427978515625,606.510009765625,605.27001953125,605.3699951171875,1379269
2026-04-09 15:30:00+00:00,605.3300170898438,607.6900024414062,605.15087890625,607.030029296875,2041931
2026-04-09 15:45:00+00:00,607.0300903320312,608.760009765625,606.6199951171875,608.5700073242188,1527977
2026-04-09 16:00:00+00:00,608.5700073242188,610.3599853515625,608.5399780273438,609.0,2047828
2026-04-09 16:15:00+00:00,609.0399780273438,609.8300170898438,608.9000244140625,609.1900024414062,983964
2026-04-09 16:30:00+00:00,609.2000122070312,609.280029296875,608.0498046875,608.3800048828125,1005606
2026-04-09 16:45:00+00:00,608.3499755859375,609.1099853515625,607.9110107421875,608.7100830078125,839787
2026-04-09 17:00:00+00:00,608.72998046875,609.8200073242188,608.530029296875,609.469970703125,791270
2026-04-09 17:15:00+00:00,609.4600219726562,610.0800170898438,609.3250122070312,609.3701171875,765094
2026-04-09 17:30:00+00:00,609.3699951171875,610.1599731445312,608.5601196289062,609.630126953125,1340811
2026-04-09 17:45:00+00:00,609.655029296875,609.8800048828125,609.239990234375,609.4450073242188,604215
2026-04-09 18:00:00+00:00,609.4600219726562,609.5650024414062,607.6500244140625,608.25,1427189
2026-04-09 18:15:00+00:00,608.2000122070312,608.639892578125,607.5599975585938,607.9237060546875,803863
2026-04-09 18:30:00+00:00,607.9299926757812,608.6400146484375,607.530029296875,608.1300048828125,688274
2026-04-09 18:45:00+00:00,608.0802001953125,608.5700073242188,607.921875,608.369873046875,637277
2026-04-09 19:00:00+00:00,608.3599853515625,609.5700073242188,608.27001953125,609.3400268554688,1001398
2026-04-09 19:15:00+00:00,609.3400268554688,609.52001953125,608.9400024414062,609.3800048828125,959076
2026-04-09 19:30:00+00:00,609.3900146484375,610.135009765625,609.3499755859375,609.969970703125,1278079
2026-04-09 19:45:00+00:00,609.97998046875,610.5,609.8099975585938,610.0800170898438,3016272
2026-04-10 13:30:00+00:00,611.8499755859375,613.1099853515625,611.25,612.010009765625,4127585
2026-04-10 13:45:00+00:00,612.0291748046875,612.739990234375,611.469970703125,611.8699951171875,1487802
2026-04-10 14:00:00+00:00,611.8599853515625,612.0700073242188,610.6599731445312,611.9849853515625,1629887
2026-04-10 14:15:00+00:00,611.969970703125,612.6699829101562,611.72998046875,612.4199829101562,1377948
2026-04-10 14:30:00+00:00,612.4299926757812,613.2100219726562,611.5903930664062,611.9099731445312,1682863
2026-04-10 14:45:00+00:00,611.9149780273438,612.8599853515625,611.7000122070312,612.6699829101562,1205471
2026-04-10 15:00:00+00:00,612.6699829101562,613.1500244140625,612.1199951171875,613.0999755859375,862180
2026-04-10 15:15:00+00:00,613.1099853515625,613.6699829101562,612.5,612.5999145507812,1059876
2026-04-10 15:30:00+00:00,612.635009765625,612.8099975585938,611.1300048828125,611.5599975585938,1109555
2026-04-10 15:45:00+00:00,611.5700073242188,611.8099975585938,610.1400146484375,610.5999755859375,1146874
2026-04-10 16:00:00+00:00,610.6099853515625,611.489990234375,610.219970703125,611.2899780273438,1829479
2026-04-10 16:15:00+00:00,611.2899780273438,611.4949951171875,610.7449951171875,610.8599243164062,944013
2026-04-10 16:30:00+00:00,610.85009765625,611.0499877929688,609.5800170898438,609.6810913085938,694342
2026-04-10 16:45:00+00:00,609.7050170898438,610.75,609.6599731445312,610.6199951171875,858576
2026-04-10 17:00:00+00:00,610.6300048828125,610.6400146484375,609.7200927734375,610.2000122070312,489653
2026-04-10 17:15:00+00:00,610.2100219726562,610.4000244140625,609.72998046875,609.8599853515625,405108
2026-04-10 17:30:00+00:00,609.844970703125,610.4000244140625,609.6099853515625,610.344970703125,535451
2026-04-10 17:45:00+00:00,610.3499755859375,610.85498046875,610.2100219726562,610.780029296875,502876
2026-04-10 18:00:00+00:00,610.780029296875,610.8200073242188,610.0,610.3900146484375,541417
2026-04-10 18:15:00+00:00,610.409912109375,610.9849853515625,610.3900146484375,610.64501953125,550567
2026-04-10 18:30:00+00:00,610.6500244140625,610.72802734375,610.0,610.1900024414062,543918
2026-04-10 18:45:00+00:00,610.1799926757812,610.5499877929688,610.1099853515625,610.510498046875,365782
2026-04-10 19:00:00+00:00,610.52001953125,611.3200073242188,610.4843139648438,611.2949829101562,1316359
2026-04-10 19:15:00+00:00,611.2999877929688,611.47998046875,611.0599975585938,611.3200073242188,1132479
2026-04-10 19:30:00+00:00,611.3099975585938,611.3099975585938,610.4600219726562,610.885009765625,1113842
2026-04-10 19:45:00+00:00,610.8699951171875,611.1699829101562,610.4600219726562,611.02001953125,3817850
2026-04-13 13:30:00+00:00,609.5599975585938,609.9500122070312,608.4650268554688,608.6300048828125,3750070
2026-04-13 13:45:00+00:00,608.6300048828125,611.6900024414062,608.1099853515625,611.6400146484375,2458660
2026-04-13 14:00:00+00:00,611.6099853515625,612.25,610.8800048828125,611.0261840820312,1812212
2026-04-13 14:15:00+00:00,611.0,611.4199829101562,610.1699829101562,611.3380126953125,941554
2026-04-13 14:30:00+00:00,611.375,611.9199829101562,610.9400024414062,611.8699951171875,691188
2026-04-13 14:45:00+00:00,611.9099731445312,612.8800048828125,611.3200073242188,612.7100219726562,1227825
2026-04-13 15:00:00+00:00,612.7100219726562,612.7249755859375,611.6300048828125,612.2100219726562,775999
2026-04-13 15:15:00+00:00,612.2349853515625,612.4299926757812,611.719970703125,611.7999267578125,576598
2026-04-13 15:30:00+00:00,611.760009765625,612.780029296875,611.4500122070312,611.9528198242188,588571
2026-04-13 15:45:00+00:00,611.9500122070312,612.1400146484375,611.4199829101562,611.6900024414062,428701
2026-04-13 16:00:00+00:00,611.6950073242188,612.52001953125,611.0700073242188,611.8400268554688,1017851
2026-04-13 16:15:00+00:00,611.8350219726562,613.760009765625,611.6199951171875,613.489990234375,852268
2026-04-13 16:30:00+00:00,613.5,614.4199829101562,612.5700073242188,613.419921875,1313691
2026-04-13 16:45:00+00:00,613.3699951171875,614.7100219726562,613.2501220703125,614.14501953125,2573823
2026-04-13 17:00:00+00:00,614.1699829101562,614.4199829101562,613.8200073242188,614.2000122070312,556531
2026-04-13 17:15:00+00:00,614.2150268554688,614.8251953125,614.1500854492188,614.5999755859375,957227
2026-04-13 17:30:00+00:00,614.5900268554688,614.7901000976562,614.27001953125,614.4000244140625,601635
2026-04-13 17:45:00+00:00,614.3800048828125,614.3900146484375,613.864990234375,613.9949951171875,504188
2026-04-13 18:00:00+00:00,614.0050048828125,614.489990234375,614.0020141601562,614.2800903320312,456544
2026-04-13 18:15:00+00:00,614.2899169921875,614.3300170898438,613.8099975585938,613.8900146484375,456042
2026-04-13 18:30:00+00:00,613.8800048828125,614.489990234375,613.8300170898438,614.4600219726562,531453
2026-04-13 18:45:00+00:00,614.469970703125,615.2000122070312,614.469970703125,614.97998046875,826465
2026-04-13 19:00:00+00:00,614.97998046875,615.1900024414062,614.6599731445312,614.8099975585938,440869
2026-04-13 19:15:00+00:00,614.8099975585938,615.3900146484375,614.7401123046875,615.344970703125,635185
2026-04-13 19:30:00+00:00,615.3300170898438,615.9699096679688,615.1591186523438,615.5,1102142
2026-04-13 19:45:00+00:00,615.47998046875,617.9600219726562,615.2899780273438,617.3200073242188,3896905
2026-04-14 13:30:00+00:00,620.27001953125,622.5499877929688,620.0999755859375,622.3939819335938,5644114
2026-04-14 13:45:00+00:00,622.4099731445312,622.7598876953125,621.6599731445312,621.7698974609375,2433228
2026-04-14 14:00:00+00:00,621.75,623.0999755859375,621.5399780273438,623.0372924804688,2169177
2026-04-14 14:15:00+00:00,623.030029296875,623.780029296875,622.7899780273438,623.7100219726562,1651661
2026-04-14 14:30:00+00:00,623.760009765625,624.010009765625,623.1699829101562,623.2999877929688,1559599
2026-04-14 14:45:00+00:00,623.2949829101562,624.1099853515625,623.27001953125,623.8051147460938,1467021
2026-04-14 15:00:00+00:00,623.7999877929688,623.8200073242188,622.760009765625,623.2999877929688,1464119
2026-04-14 15:15:00+00:00,623.2999877929688,624.77001953125,623.25,624.4600219726562,2418208
2026-04-14 15:30:00+00:00,624.469970703125,625.4500122070312,624.4500122070312,625.1599731445312,2193950
2026-04-14 15:45:00+00:00,625.1699829101562,626.02001953125,625.1199951171875,625.4400024414062,1757221
2026-04-14 16:00:00+00:00,625.4299926757812,625.9400024414062,625.3800048828125,625.8392944335938,1112321
2026-04-14 16:15:00+00:00,625.84912109375,626.8093872070312,625.8300170898438,626.719970703125,1826960
2026-04-14 16:30:00+00:00,626.719970703125,626.8499755859375,626.22998046875,626.6599731445312,1479002
2026-04-14 16:45:00+00:00,626.6699829101562,626.9600219726562,626.1599731445312,626.3800048828125,1039100
2026-04-14 17:00:00+00:00,626.3759765625,626.6950073242188,626.3200073242188,626.6199951171875,1177762
2026-04-14 17:15:00+00:00,626.6300048828125,627.4650268554688,626.5700073242188,627.0599975585938,1324438
2026-04-14 17:30:00+00:00,627.0800170898438,627.6500244140625,627.030029296875,627.5750122070312,1857134
2026-04-14 17:45:00+00:00,627.5800170898438,627.7000122070312,627.27001953125,627.4299926757812,1327878
2026-04-14 18:00:00+00:00,627.4249877929688,627.5800170898438,626.8900146484375,626.9299926757812,989750
2026-04-14 18:15:00+00:00,626.9299926757812,626.97998046875,625.6799926757812,626.260009765625,1460250
2026-04-14 18:30:00+00:00,626.260009765625,626.8699951171875,626.1400146484375,626.22998046875,1037067
2026-04-14 18:45:00+00:00,626.22998046875,626.4744262695312,626.0599975585938,626.44873046875,1002270
2026-04-14 19:00:00+00:00,626.4400024414062,627.7000122070312,626.3756103515625,627.4299926757812,1313272
2026-04-14 19:15:00+00:00,627.4398803710938,628.1799926757812,627.4398803710938,628.1199951171875,1359721
2026-04-14 19:30:00+00:00,628.0800170898438,628.2999877929688,627.4600219726562,627.77001953125,1391621
2026-04-14 19:45:00+00:00,627.7550048828125,628.5999755859375,627.3599853515625,628.5399780273438,4355771
2026-04-15 13:30:00+00:00,629.125,630.0,628.2000122070312,628.3499755859375,5103392
2026-04-15 13:45:00+00:00,628.3900146484375,630.27001953125,628.3900146484375,630.2249755859375,1846684
2026-04-15 14:00:00+00:00,630.260009765625,630.760009765625,629.739990234375,630.72998046875,1614669
2026-04-15 14:15:00+00:00,630.7100219726562,631.72998046875,630.2606811523438,631.7249755859375,1537401
2026-04-15 14:30:00+00:00,631.72998046875,632.2150268554688,631.1300048828125,632.0399780273438,1923093
2026-04-15 14:45:00+00:00,632.0399780273438,632.77001953125,631.8699951171875,632.469970703125,1299583
2026-04-15 15:00:00+00:00,632.5040283203125,633.068603515625,631.8900756835938,633.0098876953125,1388820
2026-04-15 15:15:00+00:00,633.02001953125,633.4000244140625,632.8499755859375,633.1749877929688,1027593
2026-04-15 15:30:00+00:00,633.1799926757812,633.5999755859375,632.5599975585938,633.4400024414062,1524664
2026-04-15 15:45:00+00:00,633.4199829101562,633.739990234375,633.030029296875,633.2799072265625,1231436
2026-04-15 16:00:00+00:00,633.27001953125,633.9000244140625,633.0449829101562,633.7949829101562,792968
2026-04-15 16:15:00+00:00,633.7949829101562,634.5701293945312,633.6607055664062,633.7050170898438,1541448
2026-04-15 16:30:00+00:00,633.719970703125,633.7999877929688,631.9500122070312,632.0,2177303
2026-04-15 16:45:00+00:00,632.0050048828125,632.489990234375,630.9500122070312,631.9600219726562,2800028
2026-04-15 17:00:00+00:00,631.9696044921875,632.8699951171875,631.780029296875,632.625,2094249
2026-04-15 17:15:00+00:00,632.6298828125,633.2899780273438,632.469970703125,633.0150146484375,743287
2026-04-15 17:30:00+00:00,633.0079956054688,633.7999877929688,632.75,632.904296875,1358808
2026-04-15 17:45:00+00:00,632.9500122070312,633.6400146484375,632.9500122070312,633.0850219726562,1195244
2026-04-15 18:00:00+00:00,633.0698852539062,634.510009765625,632.6799926757812,634.3499145507812,1771627
2026-04-15 18:15:00+00:00,634.3300170898438,634.6900024414062,634.0399780273438,634.4793090820312,825035
2026-04-15 18:30:00+00:00,634.4849853515625,635.4249877929688,634.4849853515625,635.0499267578125,1492925
2026-04-15 18:45:00+00:00,635.0599975585938,636.0700073242188,635.0404052734375,635.8099975585938,1366017
2026-04-15 19:00:00+00:00,635.8098754882812,636.3900146484375,635.5401000976562,635.8499755859375,1437246
2026-04-15 19:15:00+00:00,635.8599853515625,636.6599731445312,635.8400268554688,636.6300048828125,1083067
2026-04-15 19:30:00+00:00,636.6199951171875,637.1599731445312,636.47998046875,636.6649780273438,2157708
2026-04-15 19:45:00+00:00,636.6099853515625,637.6500244140625,636.47998046875,637.364990234375,4573916
2026-04-16 13:30:00+00:00,639.2150268554688,639.5800170898438,636.9716186523438,638.1599731445312,4322784
2026-04-16 13:45:00+00:00,638.1400146484375,638.1400146484375,635.2550048828125,636.3499755859375,2334100
2026-04-16 14:00:00+00:00,636.3200073242188,637.9000244140625,635.60009765625,637.2349853515625,2088838
2026-04-16 14:15:00+00:00,637.280029296875,637.5087890625,636.1199951171875,637.0999755859375,1334917
2026-04-16 14:30:00+00:00,637.0999755859375,638.0700073242188,637.0399780273438,638.0,935452
2026-04-16 14:45:00+00:00,638.0,638.7899780273438,637.9099731445312,638.3599853515625,1480151
2026-04-16 15:00:00+00:00,638.3599853515625,640.3400268554688,638.3599853515625,639.9400024414062,1701356
2026-04-16 15:15:00+00:00,639.9299926757812,640.75,639.6500244140625,639.6500244140625,1824250
2026-04-16 15:30:00+00:00,639.6799926757812,641.6500244140625,639.5,640.6199951171875,1458278
2026-04-16 15:45:00+00:00,640.6300048828125,641.5993041992188,640.010009765625,641.530029296875,1291112
2026-04-16 16:00:00+00:00,641.510009765625,641.9400024414062,641.3201293945312,641.9201049804688,1127456
2026-04-16 16:15:00+00:00,641.9349975585938,642.1799926757812,641.0501098632812,641.1199951171875,1003376
2026-04-16 16:30:00+00:00,641.1300048828125,641.219970703125,639.0189819335938,640.5900268554688,1490207
2026-04-16 16:45:00+00:00,640.590087890625,641.1400146484375,639.969970703125,640.030029296875,957220
2026-04-16 17:00:00+00:00,640.0800170898438,640.22998046875,639.2999877929688,639.314697265625,666537
2026-04-16 17:15:00+00:00,639.2999877929688,640.4299926757812,639.0499877929688,640.1300048828125,851892
2026-04-16 17:30:00+00:00,640.1400146484375,640.8499755859375,639.8599853515625,640.760009765625,1679680
2026-04-16 17:45:00+00:00,640.7650146484375,640.9199829101562,639.2000122070312,639.7550048828125,828690
2026-04-16 18:00:00+00:00,639.75,640.2899780273438,638.1099853515625,638.719970703125,1317510
2026-04-16 18:15:00+00:00,638.7100219726562,638.9199829101562,637.2000122070312,637.60009765625,972294
2026-04-16 18:30:00+00:00,637.6099853515625,639.2849731445312,637.5900268554688,639.1298828125,1833238
2026-04-16 18:45:00+00:00,639.0828247070312,639.489990234375,638.7100219726562,639.1400146484375,1509486
2026-04-16 19:00:00+00:00,639.1500244140625,639.8400268554688,639.0900268554688,639.3099975585938,708843
2026-04-16 19:15:00+00:00,639.2971801757812,639.7000122070312,639.280029296875,639.3499755859375,751564
2026-04-16 19:30:00+00:00,639.3499755859375,640.219970703125,639.2208862304688,639.9099731445312,1154084
2026-04-16 19:45:00+00:00,639.9000244140625,640.719970703125,639.7100219726562,640.4099731445312,3775578
2026-04-17 13:30:00+00:00,645.5499877929688,646.27001953125,644.0700073242188,645.8900146484375,6953416
2026-04-17 13:45:00+00:00,645.8800048828125,646.6599731445312,644.1199951171875,646.4450073242188,2974505
2026-04-17 14:00:00+00:00,646.4600219726562,647.530029296875,646.2899780273438,647.35009765625,2190899
2026-04-17 14:15:00+00:00,647.3499755859375,647.3690795898438,646.1500244140625,646.6300048828125,2303202
2026-04-17 14:30:00+00:00,646.6400146484375,648.969970703125,646.635009765625,648.8200073242188,2274705
2026-04-17 14:45:00+00:00,648.8499755859375,649.4000244140625,648.1199951171875,648.760009765625,1642225
2026-04-17 15:00:00+00:00,648.780029296875,649.4199829101562,648.3900146484375,648.5599975585938,1643377
2026-04-17 15:15:00+00:00,648.5700073242188,649.25,648.260009765625,649.0598754882812,1251878
2026-04-17 15:30:00+00:00,649.0800170898438,649.9000244140625,648.4201049804688,648.4400024414062,1734596
2026-04-17 15:45:00+00:00,648.469970703125,649.2899780273438,648.030029296875,648.1500244140625,3262319
2026-04-17 16:00:00+00:00,648.1500244140625,649.5150146484375,647.8699951171875,649.155029296875,2940770
2026-04-17 16:15:00+00:00,649.1500244140625,649.419921875,648.5850219726562,649.3499755859375,1146619
2026-04-17 16:30:00+00:00,649.375,649.9799194335938,649.3699951171875,649.77001953125,1543387
2026-04-17 16:45:00+00:00,649.77001953125,650.0,649.3300170898438,649.45068359375,594422
2026-04-17 17:00:00+00:00,649.4500122070312,649.8699951171875,648.3699951171875,649.0,1070690
2026-04-17 17:15:00+00:00,649.02001953125,649.1701049804688,646.489990234375,647.3798828125,1934400
2026-04-17 17:30:00+00:00,647.3400268554688,648.1300048828125,647.0900268554688,647.8099975585938,1274535
2026-04-17 17:45:00+00:00,647.7999877929688,648.72998046875,647.7999877929688,648.2000122070312,1356929
2026-04-17 18:00:00+00:00,648.2100219726562,648.530029296875,647.0700073242188,647.2598876953125,1220698
2026-04-17 18:15:00+00:00,647.239990234375,648.280029296875,646.9400024414062,647.6524047851562,1183655
2026-04-17 18:30:00+00:00,647.6599731445312,648.3499755859375,647.6500244140625,648.1699829101562,814446
2026-04-17 18:45:00+00:00,648.1799926757812,648.3599853515625,647.22998046875,647.6500244140625,1493749
2026-04-17 19:00:00+00:00,647.6500244140625,647.9199829101562,647.02001953125,647.2100219726562,899139
2026-04-17 19:15:00+00:00,647.1799926757812,647.9285888671875,647.1599731445312,647.52001953125,1134942
2026-04-17 19:30:00+00:00,647.52001953125,648.7150268554688,647.5198974609375,648.60498046875,1373441
2026-04-17 19:45:00+00:00,648.5999755859375,648.8499755859375,647.8400268554688,648.780029296875,3323021
2026-04-20 13:30:00+00:00,648.0399780273438,648.75,646.469970703125,646.8909301757812,3823847
2026-04-20 13:45:00+00:00,646.8900146484375,648.2100219726562,646.0800170898438,647.655029296875,1243989
2026-04-20 14:00:00+00:00,647.6699829101562,647.8200073242188,646.5599975585938,647.0701293945312,1098452
2026-04-20 14:15:00+00:00,647.010009765625,647.489990234375,646.1099853515625,646.405029296875,1177917
2026-04-20 14:30:00+00:00,646.3800048828125,646.659423828125,645.4500122070312,645.60498046875,6318702
2026-04-20 14:45:00+00:00,645.5999755859375,646.1699829101562,643.5900268554688,644.1500244140625,2772656
2026-04-20 15:00:00+00:00,644.1599731445312,644.739990234375,642.52001953125,643.77001953125,2145087
2026-04-20 15:15:00+00:00,643.8200073242188,645.9000244140625,643.4450073242188,645.6500244140625,1365447
2026-04-20 15:30:00+00:00,645.6199951171875,645.6199951171875,644.4199829101562,644.6099853515625,1169868
2026-04-20 15:45:00+00:00,644.6199951171875,645.0349731445312,644.0800170898438,644.6798706054688,706147
2026-04-20 16:00:00+00:00,644.6699829101562,645.260009765625,644.22998046875,645.1199951171875,761304
2026-04-20 16:15:00+00:00,645.094970703125,645.3900146484375,644.510009765625,645.0800170898438,742132
2026-04-20 16:30:00+00:00,645.1099853515625,645.6599731445312,644.8699951171875,645.3400268554688,453571
2026-04-20 16:45:00+00:00,645.3200073242188,645.5499877929688,644.9389038085938,645.1699829101562,443445
2026-04-20 17:00:00+00:00,645.1900024414062,645.6900024414062,644.7550048828125,645.5900268554688,672105
2026-04-20 17:15:00+00:00,645.5599975585938,646.0900268554688,645.4600219726562,645.6099853515625,688052
2026-04-20 17:30:00+00:00,645.5999755859375,646.1799926757812,645.3099975585938,645.885009765625,583001
2026-04-20 17:45:00+00:00,645.8800048828125,646.3099975585938,645.7716064453125,645.8599853515625,438265
2026-04-20 18:00:00+00:00,645.9000244140625,646.4199829101562,645.6199951171875,646.260009765625,613055
2026-04-20 18:15:00+00:00,646.280029296875,646.7100219726562,646.10009765625,646.489990234375,635961
2026-04-20 18:30:00+00:00,646.5,646.6099853515625,645.9349975585938,646.2999877929688,612280
2026-04-20 18:45:00+00:00,646.2999877929688,646.8099975585938,646.1699829101562,646.4299926757812,1031493
2026-04-20 19:00:00+00:00,646.4349975585938,646.6699829101562,646.3300170898438,646.6099853515625,590765
2026-04-20 19:15:00+00:00,646.6099853515625,646.6699829101562,646.1500244140625,646.3297729492188,497875
2026-04-20 19:30:00+00:00,646.3099975585938,646.5700073242188,646.0599975585938,646.1699829101562,766695
2026-04-20 19:45:00+00:00,646.1500244140625,646.9299926757812,645.9199829101562,646.77001953125,2589926
2026-04-21 13:30:00+00:00,648.3900146484375,649.0900268554688,646.4500122070312,647.434814453125,3879913
2026-04-21 13:45:00+00:00,647.4299926757812,649.0900268554688,646.8400268554688,649.0900268554688,1667593
2026-04-21 14:00:00+00:00,649.0999755859375,650.02001953125,648.6599731445312,649.5,1650581
2026-04-21 14:15:00+00:00,649.5800170898438,650.2000122070312,648.530029296875,649.168212890625,1237355
2026-04-21 14:30:00+00:00,649.1400146484375,649.5800170898438,648.6099853515625,648.760009765625,771681
2026-04-21 14:45:00+00:00,648.760009765625,648.8599853515625,646.489990234375,646.6199951171875,1758073
2026-04-21 15:00:00+00:00,646.6500244140625,647.4600219726562,644.8800048828125,647.2100219726562,2118165
2026-04-21 15:15:00+00:00,647.2213134765625,647.8300170898438,645.9199829101562,646.3099975585938,1284170
2026-04-21 15:30:00+00:00,646.2999877929688,647.135009765625,645.5900268554688,646.5900268554688,696984
2026-04-21 15:45:00+00:00,646.6439819335938,647.22998046875,646.1199951171875,646.510009765625,957072
2026-04-21 16:00:00+00:00,646.5750122070312,647.72998046875,646.2520141601562,646.5401000976562,1030356
2026-04-21 16:15:00+00:00,646.5399780273438,647.0499877929688,645.7999877929688,645.89501953125,581863
2026-04-21 16:30:00+00:00,645.8200073242188,646.8499755859375,645.05517578125,645.3099975585938,750807
2026-04-21 16:45:00+00:00,645.3099975585938,646.1201171875,644.969970703125,645.0399780273438,648895
2026-04-21 17:00:00+00:00,645.0599975585938,645.8900146484375,643.760009765625,644.3800048828125,1441615
2026-04-21 17:15:00+00:00,644.4498901367188,644.6599731445312,643.364990234375,644.1796264648438,1398017
2026-04-21 17:30:00+00:00,644.1799926757812,647.4199829101562,644.1199951171875,646.405029296875,1386935
2026-04-21 17:45:00+00:00,646.39501953125,646.4600219726562,645.2100830078125,645.7249755859375,722970
2026-04-21 18:00:00+00:00,645.7100830078125,646.47998046875,645.7100830078125,646.2949829101562,683543
2026-04-21 18:15:00+00:00,646.2899780273438,646.52001953125,644.780029296875,645.219970703125,847000
2026-04-21 18:30:00+00:00,645.2100219726562,645.9349975585938,645.2100219726562,645.47998046875,352226
2026-04-21 18:45:00+00:00,645.489990234375,646.8900146484375,644.9149780273438,646.3350219726562,984827
2026-04-21 19:00:00+00:00,646.3400268554688,647.47998046875,646.2100219726562,646.5900268554688,1232565
2026-04-21 19:15:00+00:00,646.6500244140625,647.6900024414062,646.260009765625,647.6312255859375,990097
2026-04-21 19:30:00+00:00,647.6599731445312,647.8300170898438,642.2100219726562,642.75,2685576
2026-04-21 19:45:00+00:00,642.739990234375,644.5,642.6500244140625,644.280029296875,4407990
2026-04-22 13:30:00+00:00,650.260009765625,650.4600219726562,648.5465087890625,649.47998046875,3323874
2026-04-22 13:45:00+00:00,649.469970703125,650.1199951171875,648.52001953125,649.7501220703125,1492913
2026-04-22 14:00:00+00:00,649.75,651.1900024414062,649.47998046875,651.1400146484375,2159046
2026-04-22 14:15:00+00:00,651.1500244140625,652.7899780273438,651.1500244140625,652.760009765625,1815194
2026-04-22 14:30:00+00:00,652.75,653.1799926757812,651.6900024414062,652.260009765625,2500788
2026-04-22 14:45:00+00:00,652.239990234375,652.780029296875,651.719970703125,652.3499755859375,1089278
2026-04-22 15:00:00+00:00,652.3400268554688,652.655029296875,651.6099853515625,652.4099731445312,1214745
2026-04-22 15:15:00+00:00,652.4349975585938,653.22998046875,652.1824951171875,652.780029296875,684984
2026-04-22 15:30:00+00:00,652.77001953125,653.1400146484375,652.25,652.2799072265625,676264
2026-04-22 15:45:00+00:00,652.2799072265625,653.1099853515625,652.1400146484375,652.5499877929688,1065305
2026-04-22 16:00:00+00:00,652.5599975585938,653.1199951171875,652.260009765625,652.97998046875,567070
2026-04-22 16:15:00+00:00,652.989990234375,653.1049194335938,652.3300170898438,652.4299926757812,536256
2026-04-22 16:30:00+00:00,652.4099731445312,652.8200073242188,652.0599975585938,652.27001953125,742564
2026-04-22 16:45:00+00:00,652.2698974609375,652.6699829101562,652.030029296875,652.2899780273438,473066
2026-04-22 17:00:00+00:00,652.239990234375,653.9000244140625,652.239990234375,653.4500732421875,1137693
2026-04-22 17:15:00+00:00,653.47998046875,654.25,653.22998046875,653.7100219726562,820339
2026-04-22 17:30:00+00:00,653.72998046875,654.1199951171875,653.6849975585938,654.0499267578125,687497
2026-04-22 17:45:00+00:00,654.0499877929688,654.22998046875,653.5700073242188,653.7750244140625,971060
2026-04-22 18:00:00+00:00,653.7664184570312,654.030029296875,653.6199951171875,653.780029296875,502240
2026-04-22 18:15:00+00:00,653.760009765625,653.760009765625,652.8895263671875,653.0499877929688,1313802
2026-04-22 18:30:00+00:00,653.0549926757812,653.739990234375,653.0098876953125,653.7000732421875,446962
2026-04-22 18:45:00+00:00,653.6900024414062,654.0499877929688,653.3200073242188,653.3991088867188,535038
2026-04-22 19:00:00+00:00,653.4000244140625,653.9400024414062,652.530029296875,653.8300170898438,1171026
2026-04-22 19:15:00+00:00,653.8300170898438,654.4290771484375,653.8200073242188,654.1400146484375,1009844
2026-04-22 19:30:00+00:00,654.1300048828125,654.4349975585938,653.9600219726562,654.4149780273438,1007165
2026-04-22 19:45:00+00:00,654.4199829101562,655.3300170898438,654.3400268554688,655.0800170898438,5152606
2026-04-23 13:30:00+00:00,653.5399780273438,654.8300170898438,652.3099975585938,654.5700073242188,3632745
2026-04-23 13:45:00+00:00,654.5599975585938,655.6199951171875,653.5499267578125,653.5800170898438,1427235
2026-04-23 14:00:00+00:00,653.5800170898438,653.9000244140625,652.4199829101562,652.9099731445312,1180405
2026-04-23 14:15:00+00:00,652.8800048828125,653.8800048828125,652.8499755859375,653.52001953125,1287631
2026-04-23 14:30:00+00:00,653.5449829101562,654.5599975585938,653.2902221679688,653.9949951171875,868046
2026-04-23 14:45:00+00:00,654.0390014648438,655.6998291015625,654.0100708007812,655.4500122070312,958060
2026-04-23 15:00:00+00:00,655.4199829101562,656.32958984375,655.4199829101562,656.0349731445312,881596
2026-04-23 15:15:00+00:00,656.0401000976562,656.780029296875,655.7650146484375,656.3300170898438,792842
2026-04-23 15:30:00+00:00,656.2999877929688,656.9199829101562,655.969970703125,656.0750122070312,691618
2026-04-23 15:45:00+00:00,656.0800170898438,656.0900268554688,654.6500244140625,655.407470703125,950944
2026-04-23 16:00:00+00:00,655.4199829101562,655.5789794921875,654.1199951171875,655.1596069335938,568647
2026-04-23 16:15:00+00:00,655.1400146484375,655.6900024414062,654.8099975585938,655.3099975585938,575874
2026-04-23 16:30:00+00:00,655.3099975585938,656.02001953125,655.2000122070312,655.5999755859375,742428
2026-04-23 16:45:00+00:00,655.5999755859375,655.8900146484375,654.969970703125,655.2301025390625,523221
2026-04-23 17:00:00+00:00,655.280029296875,655.530029296875,651.344970703125,651.8599853515625,2373383
2026-04-23 17:15:00+00:00,651.8699951171875,651.8699951171875,649.7999877929688,650.0650024414062,2333254
2026-04-23 17:30:00+00:00,650.0800170898438,651.969970703125,647.0001220703125,647.4050903320312,2749574
2026-04-23 17:45:00+00:00,647.4400024414062,650.5999755859375,645.5250244140625,650.2899780273438,4134212
2026-04-23 18:00:00+00:00,650.2899780273438,651.8900146484375,649.8499755859375,651.2050170898438,1804076
2026-04-23 18:15:00+00:00,651.1900024414062,651.7979736328125,650.780029296875,651.6749877929688,673419
2026-04-23 18:30:00+00:00,651.6799926757812,652.739990234375,651.3099975585938,651.9199829101562,991228
2026-04-23 18:45:00+00:00,651.9149780273438,651.9149780273438,649.3800048828125,649.8400268554688,801371
2026-04-23 19:00:00+00:00,649.7999877929688,650.8599853515625,649.3400268554688,650.8250122070312,839599
2026-04-23 19:15:00+00:00,650.8499755859375,651.3800048828125,650.8001098632812,651.1099853515625,791360
2026-04-23 19:30:00+00:00,651.1099853515625,651.619873046875,649.7100219726562,649.989990234375,1111997
2026-04-23 19:45:00+00:00,649.9901123046875,651.8499145507812,649.3499755859375,651.4099731445312,2529597
2026-04-24 13:30:00+00:00,658.469970703125,659.6950073242188,657.72998046875,658.5999145507812,5821478
2026-04-24 13:45:00+00:00,658.6199951171875,659.5198974609375,656.5300903320312,658.0200805664062,2045805
2026-04-24 14:00:00+00:00,658.02001953125,659.8499755859375,657.2340087890625,659.0800170898438,1793137
2026-04-24 14:15:00+00:00,659.0499877929688,659.739990234375,657.9199829101562,658.1400146484375,1491877
2026-04-24 14:30:00+00:00,658.239990234375,659.5999755859375,657.4600219726562,659.4600219726562,1169643
2026-04-24 14:45:00+00:00,659.47998046875,660.5499877929688,658.9199829101562,660.385009765625,2117792
2026-04-24 15:00:00+00:00,660.4000244140625,661.0399780273438,660.3099975585938,661.030029296875,1452944
2026-04-24 15:15:00+00:00,661.030029296875,661.3699951171875,660.47998046875,661.2000122070312,1442932
2026-04-24 15:30:00+00:00,661.22998046875,663.0999755859375,660.77001953125,662.719970703125,1639424
2026-04-24 15:45:00+00:00,662.7100219726562,663.4349975585938,661.6599731445312,662.9099731445312,2126217
2026-04-24 16:00:00+00:00,662.9099731445312,663.1099853515625,662.0599975585938,662.6099853515625,1023602
2026-04-24 16:15:00+00:00,662.5800170898438,663.27001953125,662.2100219726562,663.0,1136132
2026-04-24 16:30:00+00:00,663.0,663.7399291992188,662.4849853515625,662.8400268554688,962326
2026-04-24 16:45:00+00:00,662.8200073242188,663.489990234375,662.6649780273438,663.260009765625,561126
2026-04-24 17:00:00+00:00,663.2899780273438,663.5800170898438,663.0499877929688,663.219970703125,803101
2026-04-24 17:15:00+00:00,663.22998046875,663.25,662.2249755859375,662.6199951171875,663134
2026-04-24 17:30:00+00:00,662.60498046875,663.510009765625,662.3200073242188,663.3800048828125,670456
2026-04-24 17:45:00+00:00,663.3800048828125,664.510009765625,663.2999877929688,663.8099975585938,957446
2026-04-24 18:00:00+00:00,663.7999877929688,664.0599975585938,663.1701049804688,663.4000244140625,798131
2026-04-24 18:15:00+00:00,663.4000244140625,663.4600219726562,662.6699829101562,662.760009765625,967519
2026-04-24 18:30:00+00:00,662.7899780273438,663.5700073242188,662.7000122070312,663.2299194335938,915632
2026-04-24 18:45:00+00:00,663.219970703125,663.3599853515625,662.9299926757812,663.27001953125,1380595
2026-04-24 19:00:00+00:00,663.27001953125,664.1699829101562,663.2650146484375,664.0900268554688,1196786
2026-04-24 19:15:00+00:00,664.0900268554688,664.3800048828125,663.5399780273438,663.6300048828125,1521211
2026-04-24 19:30:00+00:00,663.6199951171875,663.72998046875,663.2000122070312,663.510009765625,1315584
2026-04-24 19:45:00+00:00,663.510009765625,664.239990234375,663.3200073242188,663.9099731445312,5321700
2026-04-27 13:30:00+00:00,663.385009765625,663.8499755859375,662.0700073242188,662.8699951171875,4697106
2026-04-27 13:45:00+00:00,662.8300170898438,663.5089721679688,660.6900024414062,663.280029296875,2364993
2026-04-27 14:00:00+00:00,663.1900024414062,663.4099731445312,661.9099731445312,662.9249877929688,1754298
2026-04-27 14:15:00+00:00,662.8800048828125,663.0,662.0399780273438,662.1699829101562,1062559
2026-04-27 14:30:00+00:00,662.1859741210938,663.280029296875,661.27001953125,662.5999755859375,2061272
2026-04-27 14:45:00+00:00,662.6400146484375,662.9000244140625,661.8400268554688,662.39990234375,913017
2026-04-27 15:00:00+00:00,662.4199829101562,662.6400146484375,661.510009765625,661.719970703125,783517
2026-04-27 15:15:00+00:00,661.6849975585938,662.1998901367188,660.9500122070312,661.8200073242188,820202
2026-04-27 15:30:00+00:00,661.8300170898438,662.72998046875,661.6099853515625,662.489990234375,782844
2026-04-27 15:45:00+00:00,662.4550170898438,662.6680908203125,661.9199829101562,662.3400268554688,617413
2026-04-27 16:00:00+00:00,662.3900146484375,662.760009765625,661.9000244140625,662.5549926757812,616712
2026-04-27 16:15:00+00:00,662.5499877929688,662.9099731445312,662.4400024414062,662.5800170898438,833453
2026-04-27 16:30:00+00:00,662.5800170898438,663.3300170898438,662.5800170898438,663.0800170898438,596363
2026-04-27 16:45:00+00:00,663.0750122070312,663.3200073242188,662.6500244140625,662.9400024414062,341556
2026-04-27 17:00:00+00:00,662.9349975585938,663.5,662.9349975585938,663.47998046875,1045783
2026-04-27 17:15:00+00:00,663.489990234375,663.6500244140625,662.6500244140625,663.469970703125,694471
2026-04-27 17:30:00+00:00,663.4400024414062,664.0900268554688,663.4400024414062,663.9000244140625,753469
2026-04-27 17:45:00+00:00,663.9000244140625,664.1224975585938,663.5800170898438,663.8599853515625,572993
2026-04-27 18:00:00+00:00,663.8400268554688,664.030029296875,663.5900268554688,663.9000244140625,751032
2026-04-27 18:15:00+00:00,663.8900146484375,664.0399780273438,663.72998046875,663.8599853515625,1934002
2026-04-27 18:30:00+00:00,663.8400268554688,664.375,663.3300170898438,663.4500122070312,1076802
2026-04-27 18:45:00+00:00,663.4400024414062,663.47998046875,662.969970703125,663.1900024414062,487530
2026-04-27 19:00:00+00:00,663.1699829101562,663.5399780273438,662.9299926757812,663.489990234375,1171478
2026-04-27 19:15:00+00:00,663.5,663.8400268554688,663.469970703125,663.6901245117188,816779
2026-04-27 19:30:00+00:00,663.7100219726562,664.0194702148438,663.4299926757812,663.8798828125,1443672
2026-04-27 19:45:00+00:00,663.8699951171875,664.4199829101562,663.8499755859375,664.27001953125,1809441
2026-04-28 13:30:00+00:00,657.4550170898438,659.3800048828125,655.2750244140625,658.7550048828125,6735693
2026-04-28 13:45:00+00:00,658.760009765625,659.6400146484375,657.0,658.4600219726562,1779791
2026-04-28 14:00:00+00:00,658.3099975585938,659.2000122070312,657.6799926757812,658.5499877929688,1095320
2026-04-28 14:15:00+00:00,658.6300048828125,658.8099975585938,657.1599731445312,657.6386108398438,1304102
2026-04-28 14:30:00+00:00,657.6572265625,657.9299926757812,654.5599975585938,656.010009765625,1915407
2026-04-28 14:45:00+00:00,656.010009765625,656.27001953125,653.8609008789062,655.7750244140625,2008985
2026-04-28 15:00:00+00:00,655.8099975585938,656.4199829101562,654.3499755859375,655.8900146484375,1091779
2026-04-28 15:15:00+00:00,655.9000244140625,656.010009765625,654.4299926757812,654.6849975585938,766180
2026-04-28 15:30:00+00:00,654.5850219726562,654.9600219726562,653.8599853515625,654.4525146484375,800187
2026-04-28 15:45:00+00:00,654.4450073242188,654.8900146484375,653.8099975585938,654.8599853515625,1114414
2026-04-28 16:00:00+00:00,654.8800048828125,655.6500244140625,654.5574951171875,655.279296875,1594857
2026-04-28 16:15:00+00:00,655.280029296875,655.6788940429688,654.9099731445312,655.2550048828125,559245
2026-04-28 16:30:00+00:00,655.27001953125,655.4400024414062,654.2501220703125,654.5499877929688,469043
2026-04-28 16:45:00+00:00,654.530029296875,655.8599853515625,654.47998046875,655.5800170898438,610073
2026-04-28 17:00:00+00:00,655.5999755859375,655.9199829101562,654.701416015625,655.280029296875,580558
2026-04-28 17:15:00+00:00,655.2899780273438,655.7899780273438,654.7301025390625,655.5800170898438,347492
2026-04-28 17:30:00+00:00,655.5800170898438,656.739990234375,655.56201171875,656.4492797851562,590248
2026-04-28 17:45:00+00:00,656.4400024414062,657.030029296875,656.3099975585938,656.9896850585938,513636
2026-04-28 18:00:00+00:00,656.9700927734375,657.1099853515625,656.4600219726562,656.969970703125,536071
2026-04-28 18:15:00+00:00,656.969970703125,657.9600219726562,656.3800048828125,657.8200073242188,898465
2026-04-28 18:30:00+00:00,657.8099975585938,657.9199829101562,657.2000122070312,657.9000244140625,546319
2026-04-28 18:45:00+00:00,657.8701171875,658.25,657.6950073242188,658.2449951171875,564857
2026-04-28 19:00:00+00:00,658.25,658.9639892578125,656.3800048828125,658.530029296875,1179558
2026-04-28 19:15:00+00:00,658.52001953125,658.52001953125,657.7100219726562,658.030029296875,803761
2026-04-28 19:30:00+00:00,658.0299072265625,658.1500244140625,657.5001220703125,657.8599853515625,738858
2026-04-28 19:45:00+00:00,657.8499755859375,658.0700073242188,657.27001953125,657.5700073242188,3022440
2026-04-29 13:30:00+00:00,658.5800170898438,658.8200073242188,656.5899047851562,657.9650268554688,2985917
2026-04-29 13:45:00+00:00,657.9550170898438,659.27001953125,657.3502807617188,658.9343872070312,1344667
2026-04-29 14:00:00+00:00,658.9249877929688,659.14501953125,657.9000244140625,658.780029296875,878928
2026-04-29 14:15:00+00:00,658.7839965820312,660.280029296875,658.510009765625,660.0599975585938,937761
2026-04-29 14:30:00+00:00,660.0700073242188,661.22998046875,659.6030883789062,660.9797973632812,1336280
2026-04-29 14:45:00+00:00,660.989990234375,661.1099853515625,660.4000244140625,660.9099731445312,692235
2026-04-29 15:00:00+00:00,660.9199829101562,661.0599975585938,658.9500122070312,659.1699829101562,1051896
2026-04-29 15:15:00+00:00,659.1500244140625,660.510009765625,658.9299926757812,660.239990234375,723783
2026-04-29 15:30:00+00:00,660.2498779296875,660.6799926757812,659.9949951171875,660.3250122070312,608179
2026-04-29 15:45:00+00:00,660.3084106445312,660.77001953125,658.4199829101562,659.3699951171875,1430887
2026-04-29 16:00:00+00:00,659.3800048828125,660.1599731445312,659.1500244140625,659.530029296875,714876
2026-04-29 16:15:00+00:00,659.5399780273438,659.760009765625,658.3800048828125,658.4600219726562,745850
2026-04-29 16:30:00+00:00,658.4099731445312,658.875,657.2899780273438,658.530029296875,886266
2026-04-29 16:45:00+00:00,658.52001953125,658.9199829101562,658.0401000976562,658.4099731445312,838739
2026-04-29 17:00:00+00:00,658.4550170898438,658.7999877929688,657.6900024414062,658.530029296875,342444
2026-04-29 17:15:00+00:00,658.5272216796875,659.1199951171875,658.2000122070312,658.706787109375,509656
2026-04-29 17:30:00+00:00,658.7899780273438,659.1199951171875,658.5499877929688,658.8800048828125,509228
2026-04-29 17:45:00+00:00,658.8900146484375,659.68408203125,658.8099975585938,659.5700073242188,700015
2026-04-29 18:00:00+00:00,659.5999755859375,659.75,657.3900146484375,658.2100219726562,801354
2026-04-29 18:15:00+00:00,658.2000122070312,659.3200073242188,658.1400146484375,658.6290893554688,579376
2026-04-29 18:30:00+00:00,658.6300048828125,659.969970703125,657.9600219726562,658.2188110351562,1180592
2026-04-29 18:45:00+00:00,658.2000122070312,660.8099975585938,657.75,660.719970703125,1140130
2026-04-29 19:00:00+00:00,660.6799926757812,661.280029296875,659.9299926757812,661.2449951171875,1102106
2026-04-29 19:15:00+00:00,661.239990234375,661.719970703125,660.72998046875,661.0549926757812,1080566
2026-04-29 19:30:00+00:00,661.0499877929688,661.1296997070312,660.02001953125,660.25,1089692
2026-04-29 19:45:00+00:00,660.25,661.6199951171875,659.8599853515625,661.5800170898438,2593050
2026-04-30 13:30:00+00:00,665.3099975585938,665.31201171875,660.2000122070312,662.0,5030225
2026-04-30 13:45:00+00:00,661.9400024414062,662.4600219726562,658.5999755859375,659.5800170898438,2931805
2026-04-30 14:00:00+00:00,659.6099853515625,660.9400024414062,658.52001953125,659.739990234375,1967477
2026-04-30 14:15:00+00:00,659.7349853515625,659.8099975585938,657.5599975585938,659.1298828125,2253823
2026-04-30 14:30:00+00:00,659.0700073242188,660.239990234375,657.77001953125,659.5499877929688,1816633
2026-04-30 14:45:00+00:00,659.52001953125,662.7000122070312,659.489990234375,662.2899780273438,1360988
2026-04-30 15:00:00+00:00,662.3200073242188,663.6400146484375,662.239990234375,663.3170776367188,1306536
2026-04-30 15:15:00+00:00,663.3400268554688,663.669677734375,662.739990234375,663.375,737510
2026-04-30 15:30:00+00:00,663.3900146484375,664.1900024414062,662.1500244140625,662.3499755859375,871747
2026-04-30 15:45:00+00:00,662.4000244140625,663.7999877929688,661.6400146484375,662.97998046875,889247
2026-04-30 16:00:00+00:00,662.989990234375,664.0499877929688,662.2899780273438,664.02001953125,592061
2026-04-30 16:15:00+00:00,664.0549926757812,664.0999755859375,663.1799926757812,663.6500244140625,426957
2026-04-30 16:30:00+00:00,663.6699829101562,663.8699951171875,663.0999755859375,663.1699829101562,741612
2026-04-30 16:45:00+00:00,663.1500244140625,663.3099975585938,662.030029296875,662.5,1443097
2026-04-30 17:00:00+00:00,662.5700073242188,664.5700073242188,662.5599975585938,664.4299926757812,1056604
2026-04-30 17:15:00+00:00,664.4199829101562,664.7899780273438,663.9099731445312,664.780029296875,670731
2026-04-30 17:30:00+00:00,664.7750244140625,665.760009765625,664.760009765625,665.6099853515625,1323772
2026-04-30 17:45:00+00:00,665.6199951171875,666.8200073242188,665.6099853515625,666.6799926757812,1066840
2026-04-30 18:00:00+00:00,666.7100219726562,667.7100219726562,666.6599731445312,667.3599243164062,1068166
2026-04-30 18:15:00+00:00,667.3499755859375,667.7100219726562,666.9199829101562,667.1796264648438,734379
2026-04-30 18:30:00+00:00,667.1699829101562,667.8699951171875,667.1400146484375,667.47998046875,1020138
2026-04-30 18:45:00+00:00,667.498779296875,667.6326293945312,666.8200073242188,666.8900756835938,1216678
2026-04-30 19:00:00+00:00,666.8900146484375,668.0999755859375,666.6900024414062,668.0250244140625,1196341
2026-04-30 19:15:00+00:00,668.030029296875,668.260009765625,667.7999877929688,667.8900146484375,799581
2026-04-30 19:30:00+00:00,667.8900146484375,668.510009765625,667.6699829101562,668.489990234375,1229353
2026-04-30 19:45:00+00:00,668.5,668.75,667.4000244140625,667.5700073242188,3905690
2026-05-01 13:30:00+00:00,669.1599731445312,673.0700073242188,668.7999877929688,672.9299926757812,4302540
2026-05-01 13:45:00+00:00,672.89501953125,674.9400024414062,672.0599975585938,674.9400024414062,3117071
2026-05-01 14:00:00+00:00,674.97998046875,675.760009765625,674.4824829101562,675.3099975585938,1998464
2026-05-01 14:15:00+00:00,675.3099975585938,675.72998046875,674.5999755859375,674.864990234375,2318069
2026-05-01 14:30:00+00:00,674.9000244140625,674.9000244140625,672.010009765625,673.5902709960938,2398312
2026-05-01 14:45:00+00:00,673.5549926757812,674.2799072265625,673.0499877929688,673.530029296875,985873
2026-05-01 15:00:00+00:00,673.5700073242188,674.0999145507812,672.469970703125,674.0700073242188,1422916
2026-05-01 15:15:00+00:00,674.0850219726562,674.8599853515625,673.8800048828125,674.7000122070312,1140252
2026-05-01 15:30:00+00:00,674.7100219726562,675.6799926757812,674.52001953125,675.4500122070312,1389886
2026-05-01 15:45:00+00:00,675.4400024414062,675.969970703125,674.1099853515625,675.3599853515625,1802614
2026-05-01 16:00:00+00:00,675.3499755859375,675.6099853515625,674.1300048828125,674.22998046875,1352667
2026-05-01 16:15:00+00:00,674.219970703125,675.0499877929688,673.6300048828125,674.010009765625,1378398
2026-05-01 16:30:00+00:00,673.969970703125,674.3499755859375,673.4249877929688,673.6599731445312,626924
2026-05-01 16:45:00+00:00,673.6099853515625,674.5349731445312,673.3300170898438,673.9349975585938,739549
2026-05-01 17:00:00+00:00,673.905029296875,674.5798950195312,673.8900146484375,674.5401000976562,586374
2026-05-01 17:15:00+00:00,674.5499877929688,675.2849731445312,674.52001953125,675.25,656690
2026-05-01 17:30:00+00:00,675.25,675.3389892578125,674.739990234375,675.22998046875,449507
2026-05-01 17:45:00+00:00,675.25,675.52001953125,675.0399780273438,675.219970703125,455324
2026-05-01 18:00:00+00:00,675.239990234375,675.3900146484375,674.280029296875,674.3499145507812,896375
2026-05-01 18:15:00+00:00,674.3200073242188,674.9600219726562,674.0700073242188,674.8701171875,585624
2026-05-01 18:30:00+00:00,674.8370971679688,674.8798828125,673.530029296875,673.760009765625,674863
2026-05-01 18:45:00+00:00,673.7100219726562,673.8400268554688,673.090087890625,673.75,874891
2026-05-01 19:00:00+00:00,673.7708129882812,674.9899291992188,673.6610107421875,674.8800048828125,958150
2026-05-01 19:15:00+00:00,674.8699951171875,675.6400146484375,674.719970703125,675.5499877929688,1073840
2026-05-01 19:30:00+00:00,675.5504760742188,675.6599731445312,674.780029296875,675.0250244140625,1054839
2026-05-01 19:45:00+00:00,675.02001953125,675.1799926757812,673.8400268554688,674.1599731445312,2725245
2026-05-04 13:30:00+00:00,674.6400146484375,675.369873046875,673.5599975585938,674.6799926757812,3793215
2026-05-04 13:45:00+00:00,674.6296997070312,675.6500244140625,674.3599853515625,675.6099853515625,1218844
2026-05-04 14:00:00+00:00,675.5999755859375,676.0599975585938,674.4500122070312,675.5800170898438,1348945
2026-05-04 14:15:00+00:00,675.5651245117188,676.0189819335938,674.9600830078125,675.030029296875,734773
2026-05-04 14:30:00+00:00,675.030029296875,676.47998046875,674.9000244140625,676.375,1101307
2026-05-04 14:45:00+00:00,676.4000244140625,676.72998046875,675.1300048828125,675.2999877929688,1513799
2026-05-04 15:00:00+00:00,675.3300170898438,676.0892944335938,674.2999877929688,674.6599731445312,1076110
2026-05-04 15:15:00+00:00,674.6500244140625,674.9500122070312,671.2000122070312,672.7849731445312,2492371
2026-05-04 15:30:00+00:00,672.780029296875,672.969970703125,670.8599853515625,672.4550170898438,1457476
2026-05-04 15:45:00+00:00,672.4099731445312,672.625,671.0,671.7750244140625,1128445
2026-05-04 16:00:00+00:00,671.780029296875,672.0396118164062,668.9000244140625,669.9100952148438,1564282
2026-05-04 16:15:00+00:00,669.8599853515625,672.0800170898438,669.2349853515625,671.27001953125,1488325
2026-05-04 16:30:00+00:00,671.2849731445312,671.97998046875,670.739990234375,671.260009765625,703905
2026-05-04 16:45:00+00:00,671.2449951171875,671.489990234375,670.6699829101562,671.1300048828125,977477
2026-05-04 17:00:00+00:00,671.0800170898438,672.3599853515625,671.0700073242188,672.030029296875,1044021
2026-05-04 17:15:00+00:00,672.010009765625,673.4500122070312,671.9299926757812,673.222412109375,965449
2026-05-04 17:30:00+00:00,673.239990234375,673.3198852539062,672.239990234375,672.8099975585938,516325
2026-05-04 17:45:00+00:00,672.8099975585938,673.4299926757812,672.5900268554688,673.1701049804688,726318
2026-05-04 18:00:00+00:00,673.1749877929688,673.7899169921875,673.0399780273438,673.0399780273438,721524
2026-05-04 18:15:00+00:00,673.0599975585938,673.0999755859375,671.719970703125,672.6400756835938,498758
2026-05-04 18:30:00+00:00,672.6400146484375,672.780029296875,671.5866088867188,671.6099853515625,377195
2026-05-04 18:45:00+00:00,671.6099853515625,672.5,671.3900146484375,672.3900146484375,630889
2026-05-04 19:00:00+00:00,672.4799194335938,673.0800170898438,671.9099731445312,672.75,1615599
2026-05-04 19:15:00+00:00,672.77001953125,673.0599975585938,672.1300048828125,672.8300170898438,999938
2026-05-04 19:30:00+00:00,672.8350219726562,673.1950073242188,672.469970703125,672.6300048828125,972281
2026-05-04 19:45:00+00:00,672.6300048828125,673.1099243164062,672.0700073242188,672.8800048828125,2110474
2026-05-05 13:30:00+00:00,677.9500122070312,680.2000122070312,677.510009765625,680.1749877929688,4159905
2026-05-05 13:45:00+00:00,680.1900024414062,680.9199829101562,679.7869873046875,680.2199096679688,1868288
2026-05-05 14:00:00+00:00,680.22998046875,680.8291015625,679.3400268554688,679.530029296875,1523551
2026-05-05 14:15:00+00:00,679.510009765625,681.4600219726562,679.010009765625,681.1199951171875,2125819
2026-05-05 14:30:00+00:00,681.1300048828125,681.5800170898438,680.22998046875,680.3250122070312,1061395
2026-05-05 14:45:00+00:00,680.3499145507812,680.9500122070312,680.030029296875,680.530029296875,860975
2026-05-05 15:00:00+00:00,680.5499267578125,681.47998046875,680.3400268554688,681.4249877929688,2812608
2026-05-05 15:15:00+00:00,681.4450073242188,681.6099853515625,681.0399780273438,681.3400268554688,863348
2026-05-05 15:30:00+00:00,681.4000244140625,681.6699829101562,680.9000244140625,681.510009765625,1151427
2026-05-05 15:45:00+00:00,681.52001953125,681.8099975585938,681.1649780273438,681.3099975585938,814257
2026-05-05 16:00:00+00:00,681.3150024414062,681.9400024414062,681.1599731445312,681.844970703125,611755
2026-05-05 16:15:00+00:00,681.8599853515625,681.8900146484375,680.4199829101562,681.0250244140625,783049
2026-05-05 16:30:00+00:00,681.030029296875,681.3699951171875,680.47998046875,680.8400268554688,641947
2026-05-05 16:45:00+00:00,680.8400268554688,681.5175170898438,680.72998046875,681.2700805664062,495347
2026-05-05 17:00:00+00:00,681.281982421875,681.5,680.8699951171875,681.1799926757812,2129243
2026-05-05 17:15:00+00:00,681.2000122070312,681.760009765625,681.1900024414062,681.7449951171875,650009
2026-05-05 17:30:00+00:00,681.75,681.9199829101562,681.52001953125,681.8400268554688,1404718
2026-05-05 17:45:00+00:00,681.8400268554688,682.2899780273438,681.7899780273438,682.0999755859375,692681
2026-05-05 18:00:00+00:00,682.090087890625,682.7100219726562,682.030029296875,682.6400146484375,601482
2026-05-05 18:15:00+00:00,682.6425170898438,682.719970703125,682.3400268554688,682.5399780273438,700227
2026-05-05 18:30:00+00:00,682.530029296875,682.6300048828125,682.3699951171875,682.5,2285287
2026-05-05 18:45:00+00:00,682.4808959960938,682.6300048828125,681.9550170898438,682.3098754882812,530469
2026-05-05 19:00:00+00:00,682.302001953125,682.7733764648438,682.1699829101562,682.4199829101562,460131
2026-05-05 19:15:00+00:00,682.4000244140625,682.5399780273438,682.1243286132812,682.4450073242188,460143
