timestamp,Open,High,Low,Close,Volume
2024-01-01 00:00:00+00:00,100.00000000000004,100.05305473988975,99.95560927173928,100.02902789463162,0.0
2024-01-01 00:01:00+00:00,100.02902789463162,100.08663101149237,99.98227400279585,100.06585861861477,0.0
2024-01-01 00:02:00+00:00,100.06585861861477,100.21818526216295,99.99361659523758,100.21818526216295,0.0
2024-01-01 00:03:00+00:00,100.21818526216295,100.24670646710014,100.12286522386141,100.23714120074561,0.0
2024-01-01 00:04:00+00:00,100.23714120074561,100.2785150859724,100.20342783367956,100.25495247821587,0.0
2024-01-01 00:05:00+00:00,100.25495247821587,100.25966299557106,100.14768571090242,100.18701986904105,0.0
2024-01-01 00:06:00+00:00,100.18701986904105,100.18701986904105,100.07839927838519,100.10951690963661,0.0
2024-01-01 00:07:00+00:00,100.10951690963661,100.25135546930095,100.10258070467027,100.21018150140421,0.0
2024-01-01 00:08:00+00:00,100.21018150140421,100.2703266788307,100.18983731580582,100.20192794804554,0.0
2024-01-01 00:09:00+00:00,100.20192794804554,100.30138854338533,100.20192794804554,100.26779907365886,0.0
2024-01-01 00:10:00+00:00,100.26779907365886,100.40423761767767,100.2408949927538,100.40423761767767,0.0
2024-01-01 00:11:00+00:00,100.40423761767767,100.44976368561554,100.25920663182204,100.29572238707107,0.0
2024-01-01 00:12:00+00:00,100.29572238707107,100.38798413384997,100.27562937511337,100.37795595388542,0.0
2024-01-01 00:13:00+00:00,100.37795595388542,100.53273923668208,100.36022761014348,100.52603686492121,0.0
2024-01-01 00:14:00+00:00,100.52603686492121,100.62532533932074,100.50870198416293,100.62019094557837,0.0
2024-01-01 00:15:00+00:00,100.62019094557837,100.62348437720927,100.54396616546092,100.57357324409323,0.0
2024-01-01 00:16:00+00:00,100.57357324409323,100.57357324409323,100.47408051664569,100.51444260184041,0.0
2024-01-01 00:17:00+00:00,100.51444260184041,100.67404297084906,100.51174814319756,100.67404297084906,0.0
2024-01-01 00:18:00+00:00,100.67404297084906,100.67404297084906,100.55912210098474,100.6229748666412,0.0
2024-01-01 00:19:00+00:00,100.6229748666412,100.69030782734139,100.58889764296045,100.58889764296045,0.0
2024-01-01 00:20:00+00:00,100.58889764296045,100.69775168108974,100.51787637751202,100.65800624800866,0.0
2024-01-01 00:21:00+00:00,100.65800624800866,100.81873441855484,100.65800624800866,100.71104273617246,0.0
2024-01-01 00:22:00+00:00,100.71104273617246,100.85587757219602,100.71104273617246,100.8408961268487,0.0
2024-01-01 00:23:00+00:00,100.8408961268487,100.84194725269667,100.58901180005219,100.58901180005219,0.0
2024-01-01 00:24:00+00:00,100.58901180005219,100.70688101132785,100.58901180005219,100.70688101132785,0.0
2024-01-01 00:25:00+00:00,100.70688101132785,100.70688101132785,100.55486087761126,100.55486087761126,0.0
2024-01-01 00:26:00+00:00,100.55486087761126,100.63274395634264,100.5517173472129,100.57446524405387,0.0
2024-01-01 00:27:00+00:00,100.57446524405387,100.6342283723767,100.54411716185275,100.54411716185275,0.0
2024-01-01 00:28:00+00:00,100.54411716185275,100.54411716185275,100.34982661640639,100.37340700754426,0.0
2024-01-01 00:29:00+00:00,100.37340700754426,100.4221111230228,100.34393586470667,100.3884188918062,0.0
2024-01-01 00:30:00+00:00,100.3884188918062,100.43071041104318,100.3432509377954,100.43071041104318,0.0
2024-01-01 00:31:00+00:00,100.43071041104318,100.54927259592482,100.43071041104318,100.48018191781054,0.0
2024-01-01 00:32:00+00:00,100.48018191781054,100.48018191781054,100.31571526126822,100.42231056273755,0.0
2024-01-01 00:33:00+00:00,100.42231056273755,100.42801630478604,100.33643859764918,100.36601364543561,0.0
2024-01-01 00:34:00+00:00,100.36601364543561,100.46973487886228,100.36601364543561,100.45407192801979,0.0
2024-01-01 00:35:00+00:00,100.45407192801979,100.63353045988866,100.45407192801979,100.53864405705042,0.0
2024-01-01 00:36:00+00:00,100.53864405705042,100.63310308114575,100.51868468615454,100.59351641336471,0.0
2024-01-01 00:37:00+00:00,100.59351641336471,100.59351641336471,100.33095103401277,100.33095103401277,0.0
2024-01-01 00:38:00+00:00,100.33095103401277,100.39559414563348,100.25234605657246,100.28568100730328,0.0
2024-01-01 00:39:00+00:00,100.28568100730328,100.47489755754182,100.28568100730328,100.47489755754182,0.0
2024-01-01 00:40:00+00:00,100.47489755754182,100.50584062381529,100.44297143385212,100.46678042820237,0.0
2024-01-01 00:41:00+00:00,100.46678042820237,100.46678042820237,100.33096185899271,100.33096185899271,0.0
2024-01-01 00:42:00+00:00,100.33096185899271,100.33096185899271,100.26181763779088,100.29768906522538,0.0
2024-01-01 00:43:00+00:00,100.29768906522538,100.31286506886107,100.21291357376293,100.21291357376293,0.0
2024-01-01 00:44:00+00:00,100.21291357376293,100.28341217748782,100.14410781151076,100.17860747836545,0.0
2024-01-01 00:45:00+00:00,100.17860747836545,100.3349646997427,100.17126109260121,100.3349646997427,0.0
2024-01-01 00:46:00+00:00,100.3349646997427,100.40313607019252,100.30738640906182,100.34823785911423,0.0
2024-01-01 00:47:00+00:00,100.34823785911423,100.34823785911423,100.24472630127461,100.26206111777707,0.0
2024-01-01 00:48:00+00:00,100.26206111777707,100.26206111777707,100.11861342078912,100.20249360057741,0.0
2024-01-01 00:49:00+00:00,100.20249360057741,100.20249360057741,100.08628191643035,100.08628191643035,0.0
2024-01-01 00:50:00+00:00,100.08628191643035,100.17920526053446,100.00886619070688,100.17920526053446,0.0
2024-01-01 00:51:00+00:00,100.17920526053446,100.17920526053446,100.05610102921251,100.12576634953876,0.0
2024-01-01 00:52:00+00:00,100.12576634953876,100.12576634953876,99.865429677198,99.865429677198,0.0
2024-01-01 00:53:00+00:00,99.865429677198,99.865429677198,99.76388447007105,99.81463628657364,0.0
2024-01-01 00:54:00+00:00,99.81463628657364,99.92174514719966,99.81463628657364,99.87927205423803,0.0
2024-01-01 00:55:00+00:00,99.87927205423803,99.88701148789961,99.76259387978367,99.85164714523266,0.0
2024-01-01 00:56:00+00:00,99.85164714523266,100.02645666066202,99.85164714523266,99.9902032978048,0.0
2024-01-01 00:57:00+00:00,99.9902032978048,100.01984071374017,99.91592523258271,100.01984071374017,0.0
2024-01-01 00:58:00+00:00,100.01984071374017,100.25891956576669,100.01984071374017,100.15058858276835,0.0
2024-01-01 00:59:00+00:00,100.15058858276835,100.24968443527277,100.15058858276835,100.23870400750826,0.0
2024-01-01 01:00:00+00:00,100.23870400750826,100.29058522013345,100.16207862651275,100.23704085173758,0.0
2024-01-01 01:01:00+00:00,100.23704085173758,100.40442911330221,100.21300197843806,100.40442911330221,0.0
2024-01-01 01:02:00+00:00,100.40442911330221,100.42534949150337,100.26506050171213,100.30701478859108,0.0
2024-01-01 01:03:00+00:00,100.30701478859108,100.40288955230817,100.29346641836523,100.39339061217771,0.0
2024-01-01 01:04:00+00:00,100.39339061217771,100.46516054923032,100.28198443333447,100.28198443333447,0.0
2024-01-01 01:05:00+00:00,100.28198443333447,100.30484785217031,100.25101293670483,100.30484785217031,0.0
2024-01-01 01:06:00+00:00,100.30484785217031,100.30484785217031,99.99168613208845,100.03004957463524,0.0
2024-01-01 01:07:00+00:00,100.03004957463524,100.03004957463524,99.89907296641526,99.89907296641526,0.0
2024-01-01 01:08:00+00:00,99.89907296641526,100.01249481388525,99.89907296641526,99.96027937778062,0.0
2024-01-01 01:09:00+00:00,99.96027937778062,100.10986314272336,99.96027937778062,100.08905091828171,0.0
2024-01-01 01:10:00+00:00,100.08905091828171,100.17140203634273,100.08905091828171,100.17140203634273,0.0
2024-01-01 01:11:00+00:00,100.17140203634273,100.17140203634273,99.99917718433177,100.07783027913229,0.0
2024-01-01 01:12:00+00:00,100.07783027913229,100.07783027913229,99.88970257896193,99.96617340098484,0.0
2024-01-01 01:13:00+00:00,99.96617340098484,100.13791143156406,99.96617340098484,100.13791143156406,0.0
2024-01-01 01:14:00+00:00,100.13791143156406,100.2549840236965,100.13791143156406,100.22559314032682,0.0
2024-01-01 01:15:00+00:00,100.22559314032682,100.30836168254429,100.1873352330516,100.25740807446212,0.0
2024-01-01 01:16:00+00:00,100.25740807446212,100.31214828939392,100.23286444727147,100.30745491149978,0.0
2024-01-01 01:17:00+00:00,100.30745491149978,100.35631521374714,100.3066390029067,100.35309276164453,0.0
2024-01-01 01:18:00+00:00,100.35309276164453,100.40445381446187,100.26336004239586,100.26336004239586,0.0
2024-01-01 01:19:00+00:00,100.26336004239586,100.26336004239586,100.1391943042927,100.15185240243937,0.0
2024-01-01 01:20:00+00:00,100.15185240243937,100.298191698859,100.14478830785616,100.28668040983662,0.0
2024-01-01 01:21:00+00:00,100.28668040983662,100.29169636161492,100.14189345258107,100.14189345258107,0.0
2024-01-01 01:22:00+00:00,100.14189345258107,100.29400979114463,100.14189345258107,100.27328376374007,0.0
2024-01-01 01:23:00+00:00,100.27328376374007,100.27328376374007,100.15730367287853,100.19826446995886,0.0
2024-01-01 01:24:00+00:00,100.19826446995886,100.35764562076898,100.19826446995886,100.35764562076898,0.0
2024-01-01 01:25:00+00:00,100.35764562076898,100.40296577358438,100.33333280349989,100.36731783806998,0.0
2024-01-01 01:26:00+00:00,100.36731783806998,100.40017550564566,100.30876567153375,100.35349003756343,0.0
2024-01-01 01:27:00+00:00,100.35349003756343,100.49264655674682,100.35349003756343,100.41039622484226,0.0
2024-01-01 01:28:00+00:00,100.41039622484226,100.45345895678402,100.34938671428162,100.45345895678402,0.0
2024-01-01 01:29:00+00:00,100.45345895678402,100.6149725958052,100.45345895678402,100.6149725958052,0.0
2024-01-01 01:30:00+00:00,100.6149725958052,100.82489176673805,100.60864649274771,100.82489176673805,0.0
2024-01-01 01:31:00+00:00,100.82489176673805,100.91214422711577,100.68797167438949,100.68797167438949,0.0
2024-01-01 01:32:00+00:00,100.68797167438949,100.7469058091081,100.64546730802614,100.64546730802614,0.0
2024-01-01 01:33:00+00:00,100.64546730802614,100.65311430907802,100.58236915347207,100.6003749267829,0.0
2024-01-01 01:34:00+00:00,100.6003749267829,100.72819157505175,100.6003749267829,100.72819157505175,0.0
2024-01-01 01:35:00+00:00,100.72819157505175,100.79305072296856,100.67969792342058,100.7814007315246,0.0
2024-01-01 01:36:00+00:00,100.7814007315246,100.87593864382097,100.7306065528215,100.8471217169073,0.0
2024-01-01 01:37:00+00:00,100.8471217169073,100.85441645190168,100.77459494394985,100.77459494394985,0.0
2024-01-01 01:38:00+00:00,100.77459494394985,100.86115689922312,100.7018761188274,100.7018761188274,0.0
2024-01-01 01:39:00+00:00,100.7018761188274,100.78195161451642,100.7018761188274,100.71729954231782,0.0
2024-01-01 01:40:00+00:00,100.71729954231782,100.81648559036468,100.69821146320946,100.81648559036468,0.0
2024-01-01 01:41:00+00:00,100.81648559036468,101.0015066274051,100.81648559036468,101.00016684668863,0.0
2024-01-01 01:42:00+00:00,101.00016684668863,101.00016684668863,100.90276080856403,100.95779748031654,0.0
2024-01-01 01:43:00+00:00,100.95779748031654,101.00510860441787,100.87871706705019,101.00510860441787,0.0
2024-01-01 01:44:00+00:00,101.00510860441787,101.02234282553273,100.94633721234298,100.96138625828469,0.0
2024-01-01 01:45:00+00:00,100.96138625828469,101.11166692195052,100.96138625828469,101.08965171149791,0.0
2024-01-01 01:46:00+00:00,101.08965171149791,101.1136770777751,101.04951754598291,101.1136770777751,0.0
2024-01-01 01:47:00+00:00,101.1136770777751,101.24143340642854,101.1136770777751,101.22375500238013,0.0
2024-01-01 01:48:00+00:00,101.22375500238013,101.27675329629726,101.20400851529753,101.20400851529753,0.0
2024-01-01 01:49:00+00:00,101.20400851529753,101.26466773755685,101.17522813920343,101.21903401162773,0.0
2024-01-01 01:50:00+00:00,101.21903401162773,101.25211485305616,101.04682308832597,101.07274542503313,0.0
2024-01-01 01:51:00+00:00,101.07274542503313,101.07274542503313,100.93938543957822,100.98008918659642,0.0
2024-01-01 01:52:00+00:00,100.98008918659642,100.98008918659642,100.81695487384187,100.81695487384187,0.0
2024-01-01 01:53:00+00:00,100.81695487384187,101.00660108998534,100.81695487384187,101.00660108998534,0.0
2024-01-01 01:54:00+00:00,101.00660108998534,101.0620702767368,100.97734296212512,101.0620702767368,0.0
2024-01-01 01:55:00+00:00,101.0620702767368,101.0620702767368,100.9693346153311,100.99894315825199,0.0
2024-01-01 01:56:00+00:00,100.99894315825199,101.05068522285472,100.8784218529257,100.8784218529257,0.0
2024-01-01 01:57:00+00:00,100.8784218529257,100.88579827602241,100.78512722124128,100.78512722124128,0.0
2024-01-01 01:58:00+00:00,100.78512722124128,100.8014276981511,100.72777180147403,100.79063309459643,0.0
2024-01-01 01:59:00+00:00,100.79063309459643,100.83508326630215,100.69254229307133,100.69254229307133,0.0
2024-01-01 02:00:00+00:00,100.69254229307133,100.75351794612261,100.62504243140096,100.67913990931888,0.0
2024-01-01 02:01:00+00:00,100.67913990931888,100.70447524378574,100.52902222231708,100.52902222231708,0.0
2024-01-01 02:02:00+00:00,100.52902222231708,100.6572218559322,100.52902222231708,100.61850000800838,0.0
2024-01-01 02:03:00+00:00,100.61850000800838,100.63682827121443,100.52555790330278,100.63682827121443,0.0
2024-01-01 02:04:00+00:00,100.63682827121443,100.74087068561866,100.63682827121443,100.69141303885415,0.0
2024-01-01 02:05:00+00:00,100.69141303885415,100.78879924703979,100.67721131337875,100.7845028554935,0.0
2024-01-01 02:06:00+00:00,100.7845028554935,100.84331124980461,100.66792137039957,100.84331124980461,0.0
2024-01-01 02:07:00+00:00,100.84331124980461,100.99338972860085,100.81947728446904,100.99338972860085,0.0
2024-01-01 02:08:00+00:00,100.99338972860085,101.05979254247698,100.94584357995237,101.05979254247698,0.0
2024-01-01 02:09:00+00:00,101.05979254247698,101.0683693368804,100.93412388170623,100.93412388170623,0.0
2024-01-01 02:10:00+00:00,100.93412388170623,100.93412388170623,100.80512310550156,100.80512310550156,0.0
2024-01-01 02:11:00+00:00,100.80512310550156,100.94730453503314,100.80277421852166,100.80977878206346,0.0
2024-01-01 02:12:00+00:00,100.80977878206346,100.80977878206346,100.67664459911062,100.76574722095826,0.0
2024-01-01 02:13:00+00:00,100.76574722095826,100.78747300022872,100.59574102456905,100.59574102456905,0.0
2024-01-01 02:14:00+00:00,100.59574102456905,100.64831258060637,100.562258804538,100.562258804538,0.0
2024-01-01 02:15:00+00:00,100.562258804538,100.69589582157785,100.55377016943028,100.69589582157785,0.0
2024-01-01 02:16:00+00:00,100.69589582157785,100.74423931076589,100.62859389743039,100.69417422307325,0.0
2024-01-01 02:17:00+00:00,100.69417422307325,100.75570141263275,100.6749374285511,100.7532213498794,0.0
2024-01-01 02:18:00+00:00,100.7532213498794,100.85994459956562,100.73609788708731,100.75733689535066,0.0
2024-01-01 02:19:00+00:00,100.75733689535066,100.92764625883167,100.75733689535066,100.92764625883167,0.0
2024-01-01 02:20:00+00:00,100.92764625883167,100.92764625883167,100.75292974080027,100.81005460801528,0.0
2024-01-01 02:21:00+00:00,100.81005460801528,100.82567992839752,100.72243684745878,100.74018662396098,0.0
2024-01-01 02:22:00+00:00,100.74018662396098,100.78270040424637,100.66164311335854,100.76136686693538,0.0
2024-01-01 02:23:00+00:00,100.76136686693538,101.03073401189593,100.7456883394104,100.95898589391773,0.0
2024-01-01 02:24:00+00:00,100.95898589391773,101.08921277430163,100.95882234891285,101.08921277430163,0.0
2024-01-01 02:25:00+00:00,101.08921277430163,101.1776398688698,101.07005303922374,101.07005303922374,0.0
2024-01-01 02:26:00+00:00,101.07005303922374,101.07005303922374,100.8709742641816,100.8709742641816,0.0
2024-01-01 02:27:00+00:00,100.8709742641816,100.88176275991542,100.7926509803508,100.88176275991542,0.0
2024-01-01 02:28:00+00:00,100.88176275991542,100.90702713216002,100.73903654452067,100.81659922388981,0.0
2024-01-01 02:29:00+00:00,100.81659922388981,100.8258645266524,100.75161111443536,100.78270711517364,0.0
2024-01-01 02:30:00+00:00,100.78270711517364,100.8105558852636,100.74525872698634,100.74525872698634,0.0
2024-01-01 02:31:00+00:00,100.74525872698634,100.8982505831411,100.74525872698634,100.84052231278237,0.0
2024-01-01 02:32:00+00:00,100.84052231278237,100.91773944456628,100.65898742877167,100.67379076848061,0.0
2024-01-01 02:33:00+00:00,100.67379076848061,100.75301822498741,100.64130707365372,100.75301822498741,0.0
2024-01-01 02:34:00+00:00,100.75301822498741,100.80029655960223,100.70891783803707,100.77787060426697,0.0
2024-01-01 02:35:00+00:00,100.77787060426697,100.9422608346579,100.76595146551944,100.7763337011557,0.0
2024-01-01 02:36:00+00:00,100.7763337011557,100.84013183515735,100.6851454693932,100.7281241576816,0.0
2024-01-01 02:37:00+00:00,100.7281241576816,100.73104662934641,100.66879272383865,100.68965644456556,0.0
2024-01-01 02:38:00+00:00,100.68965644456556,100.75124986340302,100.65304402668635,100.70827426468833,0.0
2024-01-01 02:39:00+00:00,100.70827426468833,100.70827426468833,100.63500592308894,100.63500592308894,0.0
2024-01-01 02:40:00+00:00,100.63500592308894,100.85956085295513,100.63500592308894,100.8522190610899,0.0
2024-01-01 02:41:00+00:00,100.8522190610899,101.1317789963436,100.85217569277694,101.1317789963436,0.0
2024-01-01 02:42:00+00:00,101.1317789963436,101.28419288842584,101.1317789963436,101.19000084775627,0.0
2024-01-01 02:43:00+00:00,101.19000084775627,101.43026615238055,101.18402618102749,101.37626886454495,0.0
2024-01-01 02:44:00+00:00,101.37626886454495,101.41101773557658,101.3121699616209,101.3121699616209,0.0
2024-01-01 02:45:00+00:00,101.3121699616209,101.45082018805137,101.3121699616209,101.38403397633721,0.0
2024-01-01 02:46:00+00:00,101.38403397633721,101.4277721321931,101.34501234753148,101.41033737930823,0.0
2024-01-01 02:47:00+00:00,101.41033737930823,101.53328356268337,101.39158743222477,101.47726477971347,0.0
2024-01-01 02:48:00+00:00,101.47726477971347,101.53711436871718,101.40620302427998,101.44231797791664,0.0
2024-01-01 02:49:00+00:00,101.44231797791664,101.45817682703523,101.3371867769093,101.3371867769093,0.0
2024-01-01 02:50:00+00:00,101.3371867769093,101.34658873321406,101.23152086543992,101.23152086543992,0.0
2024-01-01 02:51:00+00:00,101.23152086543992,101.26460616586154,101.17533034056768,101.17533034056768,0.0
2024-01-01 02:52:00+00:00,101.17533034056768,101.17533034056768,100.98774812045004,100.98774812045004,0.0
2024-01-01 02:53:00+00:00,100.98774812045004,101.09317455374782,100.98774812045004,101.04613499363444,0.0
2024-01-01 02:54:00+00:00,101.04613499363444,101.04613499363444,100.83995589269215,100.89350703533768,0.0
2024-01-01 02:55:00+00:00,100.89350703533768,100.9242477234951,100.76190475119017,100.81815581794054,0.0
2024-01-01 02:56:00+00:00,100.81815581794054,100.90151517074058,100.80013327256245,100.86006752145762,0.0
2024-01-01 02:57:00+00:00,100.86006752145762,100.97102682109728,100.83021341616363,100.90189179929594,0.0
2024-01-01 02:58:00+00:00,100.90189179929594,101.14531685406594,100.90189179929594,101.11526138598092,0.0
2024-01-01 02:59:00+00:00,101.11526138598092,101.1213426352609,101.05894713954441,101.05894713954441,0.0
2024-01-01 03:00:00+00:00,101.05894713954441,101.1380637921792,101.0051576149305,101.0051576149305,0.0
2024-01-01 03:01:00+00:00,101.0051576149305,101.0051576149305,100.66556278240034,100.66556278240034,0.0
2024-01-01 03:02:00+00:00,100.66556278240034,100.83106344604907,100.66556278240034,100.78899657433865,0.0
2024-01-01 03:03:00+00:00,100.78899657433865,100.78899657433865,100.72473418421406,100.78098978433573,0.0
2024-01-01 03:04:00+00:00,100.78098978433573,100.86077890242706,100.69424658924429,100.69424658924429,0.0
2024-01-01 03:05:00+00:00,100.69424658924429,100.69424658924429,100.55219655078481,100.55219655078481,0.0
2024-01-01 03:06:00+00:00,100.55219655078481,100.55219655078481,100.36967611203065,100.4149569657194,0.0
2024-01-01 03:07:00+00:00,100.4149569657194,100.59642992794006,100.4149569657194,100.59642992794006,0.0
2024-01-01 03:08:00+00:00,100.59642992794006,100.64578982323819,100.5115674318907,100.64578982323819,0.0
2024-01-01 03:09:00+00:00,100.64578982323819,100.7334181065183,100.61797013456321,100.61797013456321,0.0
2024-01-01 03:10:00+00:00,100.61797013456321,100.67100691717148,100.55974434230438,100.667844843621,0.0
2024-01-01 03:11:00+00:00,100.667844843621,100.71480101982148,100.5228889115692,100.71480101982148,0.0
2024-01-01 03:12:00+00:00,100.71480101982148,100.77818346267335,100.67693581317603,100.7016139305824,0.0
2024-01-01 03:13:00+00:00,100.7016139305824,100.7016139305824,100.56700914991899,100.56700914991899,0.0
2024-01-01 03:14:00+00:00,100.56700914991899,100.62262544846905,100.56024352174141,100.58702335460629,0.0
2024-01-01 03:15:00+00:00,100.58702335460629,100.6738160312791,100.58702335460629,100.5948744103755,0.0
2024-01-01 03:16:00+00:00,100.5948744103755,100.61747509715283,100.52871553178288,100.52871553178288,0.0
2024-01-01 03:17:00+00:00,100.52871553178288,100.64615659157596,100.52871553178288,100.60904766274716,0.0
2024-01-01 03:18:00+00:00,100.60904766274716,100.61476050134902,100.53872562357266,100.53872562357266,0.0
2024-01-01 03:19:00+00:00,100.53872562357266,100.54690297111644,100.46416027471408,100.54492932516746,0.0
2024-01-01 03:20:00+00:00,100.54492932516746,100.58180127747632,100.51591786480193,100.54889032993563,0.0
2024-01-01 03:21:00+00:00,100.54889032993563,100.65565886217924,100.54889032993563,100.58725039201408,0.0
2024-01-01 03:22:00+00:00,100.58725039201408,100.68759982714387,100.58725039201408,100.65623769451659,0.0
2024-01-01 03:23:00+00:00,100.65623769451659,100.73489320648962,100.6263963161903,100.71183504700554,0.0
2024-01-01 03:24:00+00:00,100.71183504700554,100.90076903012847,100.71183504700554,100.81652536196074,0.0
2024-01-01 03:25:00+00:00,100.81652536196074,100.82647801306221,100.76241539648365,100.76550572196385,0.0
2024-01-01 03:26:00+00:00,100.76550572196385,100.8148799570618,100.65342625320906,100.65342625320906,0.0
2024-01-01 03:27:00+00:00,100.65342625320906,100.73492819503615,100.61896746577185,100.61896746577185,0.0
2024-01-01 03:28:00+00:00,100.61896746577185,100.72436261282355,100.61896746577185,100.68672743015351,0.0
2024-01-01 03:29:00+00:00,100.68672743015351,100.76628930083703,100.66103189650168,100.7494640158113,0.0
2024-01-01 03:30:00+00:00,100.7494640158113,100.91073790623855,100.74206215989497,100.84145162090329,0.0
2024-01-01 03:31:00+00:00,100.84145162090329,100.91820239357676,100.81051826873725,100.91820239357676,0.0
2024-01-01 03:32:00+00:00,100.91820239357676,100.99568008544945,100.85419640824784,100.93412469260929,0.0
2024-01-01 03:33:00+00:00,100.93412469260929,100.98627713480161,100.91694757753761,100.98627713480161,0.0
2024-01-01 03:34:00+00:00,100.98627713480161,101.00799343921415,100.80150546100549,100.85429084830726,0.0
2024-01-01 03:35:00+00:00,100.85429084830726,101.04825470853815,100.85429084830726,101.019765534522,0.0
2024-01-01 03:36:00+00:00,101.019765534522,101.02959412716955,100.86259859439204,100.91842256638212,0.0
2024-01-01 03:37:00+00:00,100.91842256638212,100.94755905167882,100.85881834241587,100.94755905167882,0.0
2024-01-01 03:38:00+00:00,100.94755905167882,101.09665883735944,100.92020259359346,101.02107060695035,0.0
2024-01-01 03:39:00+00:00,101.02107060695035,101.09155737308116,101.01477718187903,101.09149569465463,0.0
2024-01-01 03:40:00+00:00,101.09149569465463,101.28429256346737,101.03892549739878,101.26538340788596,0.0
2024-01-01 03:41:00+00:00,101.26538340788596,101.3696896475316,101.26538340788596,101.3172489488004,0.0
2024-01-01 03:42:00+00:00,101.3172489488004,101.42749836304249,101.31189597946536,101.35176378382806,0.0
2024-01-01 03:43:00+00:00,101.35176378382806,101.4319152461736,101.27606442786742,101.4319152461736,0.0
2024-01-01 03:44:00+00:00,101.4319152461736,101.44117405669056,101.22965071279523,101.23845102743358,0.0
2024-01-01 03:45:00+00:00,101.23845102743358,101.24513365500434,101.1573510600995,101.18320599988711,0.0
2024-01-01 03:46:00+00:00,101.18320599988711,101.26070695374689,101.18320599988711,101.25256106084079,0.0
2024-01-01 03:47:00+00:00,101.25256106084079,101.35101628270083,101.25256106084079,101.30758619255455,0.0
2024-01-01 03:48:00+00:00,101.30758619255455,101.30758619255455,101.1480921019965,101.21852111562337,0.0
2024-01-01 03:49:00+00:00,101.21852111562337,101.30844047925724,101.19316429236957,101.19665600200419,0.0
2024-01-01 03:50:00+00:00,101.19665600200419,101.19665600200419,101.0797944898321,101.0797944898321,0.0
2024-01-01 03:51:00+00:00,101.0797944898321,101.0797944898321,100.97885924392709,101.04090931819755,0.0
2024-01-01 03:52:00+00:00,101.04090931819755,101.0635131359939,100.93459123368446,101.02352840085682,0.0
2024-01-01 03:53:00+00:00,101.02352840085682,101.04329326760681,100.94344074648849,100.97218586899231,0.0
2024-01-01 03:54:00+00:00,100.97218586899231,100.99261674326276,100.82446143110518,100.83843472683905,0.0
2024-01-01 03:55:00+00:00,100.83843472683905,100.83843472683905,100.61798210587116,100.61798210587116,0.0
2024-01-01 03:56:00+00:00,100.61798210587116,100.65645056508606,100.5715202638614,100.60224847209783,0.0
2024-01-01 03:57:00+00:00,100.60224847209783,100.60666606304228,100.51238203155387,100.54819675388767,0.0
2024-01-01 03:58:00+00:00,100.54819675388767,100.64013735936445,100.54819675388767,100.63090712189766,0.0
2024-01-01 03:59:00+00:00,100.63090712189766,100.6362582199188,100.52161461022047,100.55576014519322,0.0
2024-01-01 04:00:00+00:00,100.55576014519322,100.62551546520106,100.4920854386756,100.5758478852696,0.0
2024-01-01 04:01:00+00:00,100.5758478852696,100.77209367934077,100.5758478852696,100.77209367934077,0.0
2024-01-01 04:02:00+00:00,100.77209367934077,100.79284811988039,100.70929383017345,100.70929383017345,0.0
2024-01-01 04:03:00+00:00,100.70929383017345,100.7240866865094,100.62567921605503,100.64001544828344,0.0
2024-01-01 04:04:00+00:00,100.64001544828344,100.64001544828344,100.41078524305964,100.41078524305964,0.0
2024-01-01 04:05:00+00:00,100.41078524305964,100.45046561415813,100.29945756528467,100.29945756528467,0.0
2024-01-01 04:06:00+00:00,100.29945756528467,100.3542127877179,100.26231405676691,100.32927102406953,0.0
2024-01-01 04:07:00+00:00,100.32927102406953,100.42684246496809,100.32927102406953,100.37150028221397,0.0
2024-01-01 04:08:00+00:00,100.37150028221397,100.37150028221397,100.16981095606349,100.19472400842608,0.0
2024-01-01 04:09:00+00:00,100.19472400842608,100.19472400842608,100.06792437177953,100.06792437177953,0.0
2024-01-01 04:10:00+00:00,100.06792437177953,100.06792437177953,99.9461800190945,99.9461800190945,0.0
2024-01-01 04:11:00+00:00,99.9461800190945,100.08142216298037,99.93560716059486,100.07062293906569,0.0
2024-01-01 04:12:00+00:00,100.07062293906569,100.13347812506201,100.05057301400454,100.09841840544719,0.0
2024-01-01 04:13:00+00:00,100.09841840544719,100.21587305955121,100.09841840544719,100.21061972778668,0.0
2024-01-01 04:14:00+00:00,100.21061972778668,100.21061972778668,100.06985817555574,100.1494878357997,0.0
2024-01-01 04:15:00+00:00,100.1494878357997,100.16412825203024,99.93491496054803,99.93491496054803,0.0
2024-01-01 04:16:00+00:00,99.93491496054803,99.99393383518985,99.74792552604954,99.74792552604954,0.0
2024-01-01 04:17:00+00:00,99.74792552604954,99.81672733924749,99.74088050559304,99.77016397889561,0.0
2024-01-01 04:18:00+00:00,99.77016397889561,99.85796177143118,99.77016397889561,99.80818706239849,0.0
2024-01-01 04:19:00+00:00,99.80818706239849,99.924870287306,99.80818706239849,99.90346450998304,0.0
2024-01-01 04:20:00+00:00,99.90346450998304,100.0330666305931,99.86440547880467,100.02576566833969,0.0
2024-01-01 04:21:00+00:00,100.02576566833969,100.09495044992833,99.8857119667933,99.8857119667933,0.0
2024-01-01 04:22:00+00:00,99.8857119667933,100.01858439362505,99.8857119667933,99.96102931916252,0.0
2024-01-01 04:23:00+00:00,99.96102931916252,99.96102931916252,99.83693624307517,99.90548442022342,0.0
2024-01-01 04:24:00+00:00,99.90548442022342,99.93431343963796,99.81961873427485,99.81961873427485,0.0
2024-01-01 04:25:00+00:00,99.81961873427485,99.82902417699604,99.78128466907587,99.80943850780771,0.0
2024-01-01 04:26:00+00:00,99.80943850780771,99.86118528408564,99.72345365870527,99.75312130907761,0.0
2024-01-01 04:27:00+00:00,99.75312130907761,99.78999128907273,99.69585163252312,99.72138414076066,0.0
2024-01-01 04:28:00+00:00,99.72138414076066,99.87427170201238,99.68292625404433,99.87427170201238,0.0
2024-01-01 04:29:00+00:00,99.87427170201238,99.97660648765067,99.82667647373617,99.9457693702327,0.0
2024-01-01 04:30:00+00:00,99.9457693702327,99.9501301236499,99.83663506949915,99.83663506949915,0.0
2024-01-01 04:31:00+00:00,99.83663506949915,99.89100580639305,99.79619803320018,99.81605007556254,0.0
2024-01-01 04:32:00+00:00,99.81605007556254,99.95693054082761,99.79981266377366,99.83053476223397,0.0
2024-01-01 04:33:00+00:00,99.83053476223397,99.83053476223397,99.73245716637543,99.73970524786621,0.0
2024-01-01 04:34:00+00:00,99.73970524786621,99.7743046037528,99.57051064354079,99.57051064354079,0.0
2024-01-01 04:35:00+00:00,99.57051064354079,99.57848845919771,99.44723888614439,99.45875305422202,0.0
2024-01-01 04:36:00+00:00,99.45875305422202,99.48926811716244,99.41773752789592,99.42649413413173,0.0
2024-01-01 04:37:00+00:00,99.42649413413173,99.42649413413173,99.16198757795154,99.16198757795154,0.0
2024-01-01 04:38:00+00:00,99.16198757795154,99.3310454458204,99.1135664272584,99.3310454458204,0.0
2024-01-01 04:39:00+00:00,99.3310454458204,99.4207516238941,99.30577350490701,99.4207516238941,0.0
2024-01-01 04:40:00+00:00,99.4207516238941,99.43530308564351,99.36672689290288,99.37269270871782,0.0
2024-01-01 04:41:00+00:00,99.37269270871782,99.38668141693772,99.22661260039756,99.22661260039756,0.0
2024-01-01 04:42:00+00:00,99.22661260039756,99.23785956822374,99.114643750345,99.14415012640856,0.0
2024-01-01 04:43:00+00:00,99.14415012640856,99.37085216934145,99.14415012640856,99.37085216934145,0.0
2024-01-01 04:44:00+00:00,99.37085216934145,99.44868639154389,99.33551397983938,99.44868639154389,0.0
2024-01-01 04:45:00+00:00,99.44868639154389,99.6574436603121,99.44674520414252,99.6574436603121,0.0
2024-01-01 04:46:00+00:00,99.6574436603121,99.71801480382211,99.63937464478217,99.65251071128134,0.0
2024-01-01 04:47:00+00:00,99.65251071128134,99.83804433979391,99.6494869801209,99.75969791956355,0.0
2024-01-01 04:48:00+00:00,99.75969791956355,99.81296543700546,99.68510631942908,99.6862228742219,0.0
2024-01-01 04:49:00+00:00,99.6862228742219,99.6862228742219,99.5300031675273,99.5571765043782,0.0
2024-01-01 04:50:00+00:00,99.5571765043782,99.7121634064371,99.54910935149479,99.7121634064371,0.0
2024-01-01 04:51:00+00:00,99.7121634064371,99.80205761920351,99.64457680578137,99.74898730149634,0.0
2024-01-01 04:52:00+00:00,99.74898730149634,99.85099064706928,99.714075928389,99.85099064706928,0.0
2024-01-01 04:53:00+00:00,99.85099064706928,99.88075633154953,99.76768219138613,99.86107142706703,0.0
2024-01-01 04:54:00+00:00,99.86107142706703,99.90042744517403,99.80116486897586,99.8640235438233,0.0
2024-01-01 04:55:00+00:00,99.8640235438233,99.90665938568351,99.85799552622197,99.87186781551664,0.0
2024-01-01 04:56:00+00:00,99.87186781551664,99.94221006568483,99.85180922617525,99.93065472852336,0.0
2024-01-01 04:57:00+00:00,99.93065472852336,99.9729375640489,99.83657950607463,99.95133324906912,0.0
2024-01-01 04:58:00+00:00,99.95133324906912,100.01390524142693,99.95133324906912,99.99713202134754,0.0
2024-01-01 04:59:00+00:00,99.99713202134754,99.99713202134754,99.91988910141728,99.9348001887076,0.0
2024-01-01 05:00:00+00:00,99.9348001887076,99.99976644290574,99.92124811198485,99.9549708031807,0.0
2024-01-01 05:01:00+00:00,99.9549708031807,100.0379604725036,99.91771884610577,99.9940354915985,0.0
2024-01-01 05:02:00+00:00,99.9940354915985,100.056692128855,99.95619670862015,99.9962661707556,0.0
2024-01-01 05:03:00+00:00,99.9962661707556,100.08861788384083,99.9962661707556,100.04619202100056,0.0
2024-01-01 05:04:00+00:00,100.04619202100056,100.13832951465695,100.04619202100056,100.08422079771191,0.0
2024-01-01 05:05:00+00:00,100.08422079771191,100.08422079771191,99.93954409030493,99.98446613656934,0.0
2024-01-01 05:06:00+00:00,99.98446613656934,100.08775145520353,99.98446613656934,100.07530944691554,0.0
2024-01-01 05:07:00+00:00,100.07530944691554,100.15736485540404,100.03514915646215,100.04726844443256,0.0
2024-01-01 05:08:00+00:00,100.04726844443256,100.09180441363115,99.97184999101968,99.97184999101968,0.0
2024-01-01 05:09:00+00:00,99.97184999101968,100.01145661319738,99.97184999101968,99.97392788558602,0.0
2024-01-01 05:10:00+00:00,99.97392788558602,99.99104217753391,99.85495392940543,99.85495392940543,0.0
2024-01-01 05:11:00+00:00,99.85495392940543,100.02897089222311,99.85495392940543,99.91861439962928,0.0
2024-01-01 05:12:00+00:00,99.91861439962928,100.11201590987493,99.91861439962928,100.11201590987493,0.0
2024-01-01 05:13:00+00:00,100.11201590987493,100.11201590987493,99.90095136193348,99.92643648031483,0.0
2024-01-01 05:14:00+00:00,99.92643648031483,100.13796795254122,99.92643648031483,100.13796795254122,0.0
2024-01-01 05:15:00+00:00,100.13796795254122,100.13796795254122,100.03823095711394,100.03823095711394,0.0
2024-01-01 05:16:00+00:00,100.03823095711394,100.03823095711394,99.89999596527878,99.89999596527878,0.0
2024-01-01 05:17:00+00:00,99.89999596527878,99.89999596527878,99.71453334709317,99.72262522937163,0.0
2024-01-01 05:18:00+00:00,99.72262522937163,99.72262522937163,99.59077619869034,99.59077619869034,0.0
2024-01-01 05:19:00+00:00,99.59077619869034,99.86295861330335,99.59077619869034,99.86295861330335,0.0
2024-01-01 05:20:00+00:00,99.86295861330335,99.86295861330335,99.60253100505003,99.60253100505003,0.0
2024-01-01 05:21:00+00:00,99.60253100505003,99.78619949396351,99.60253100505003,99.67815664041723,0.0
2024-01-01 05:22:00+00:00,99.67815664041723,99.72023006899056,99.6529461143515,99.70559042840057,0.0
2024-01-01 05:23:00+00:00,99.70559042840057,99.70559042840057,99.57646199110222,99.66917974950024,0.0
2024-01-01 05:24:00+00:00,99.66917974950024,99.75742841413509,99.52682966567654,99.52682966567654,0.0
2024-01-01 05:25:00+00:00,99.52682966567654,99.76146970587259,99.52682966567654,99.76146970587259,0.0
2024-01-01 05:26:00+00:00,99.76146970587259,99.76551595587675,99.61715093796931,99.66002829263972,0.0
2024-01-01 05:27:00+00:00,99.66002829263972,99.8153154891882,99.66002829263972,99.74687508414078,0.0
2024-01-01 05:28:00+00:00,99.74687508414078,99.80158334894597,99.71343652107541,99.74925610342478,0.0
2024-01-01 05:29:00+00:00,99.74925610342478,99.74925610342478,99.65680943728616,99.67831997411223,0.0
2024-01-01 05:30:00+00:00,99.67831997411223,99.79860372241191,99.67831997411223,99.766582924129,0.0
2024-01-01 05:31:00+00:00,99.766582924129,99.83369115254456,99.74842073013285,99.79197924426576,0.0
2024-01-01 05:32:00+00:00,99.79197924426576,99.8846224838009,99.79197924426576,99.88134258525764,0.0
2024-01-01 05:33:00+00:00,99.88134258525764,100.06304856786454,99.88134258525764,100.06304856786454,0.0
2024-01-01 05:34:00+00:00,100.06304856786454,100.06850394279907,100.01439086696072,100.01439086696072,0.0
2024-01-01 05:35:00+00:00,100.01439086696072,100.07971599406892,99.94306200847565,100.07971599406892,0.0
2024-01-01 05:36:00+00:00,100.07971599406892,100.10558507718594,100.0367223809058,100.06305738662228,0.0
2024-01-01 05:37:00+00:00,100.06305738662228,100.20092795713734,100.03376586898511,100.20092795713734,0.0
2024-01-01 05:38:00+00:00,100.20092795713734,100.23633838279882,100.12800426327766,100.12800426327766,0.0
2024-01-01 05:39:00+00:00,100.12800426327766,100.15399017448192,99.96303241235432,100.00349802613253,0.0
2024-01-01 05:40:00+00:00,100.00349802613253,100.00349802613253,99.9400727921151,99.9693002972831,0.0
2024-01-01 05:41:00+00:00,99.9693002972831,100.10409591602352,99.96077928179056,99.96857320380397,0.0
2024-01-01 05:42:00+00:00,99.96857320380397,99.98759311507804,99.95179988496443,99.96233518840131,0.0
2024-01-01 05:43:00+00:00,99.96233518840131,99.96233518840131,99.84777861549583,99.86287632097425,0.0
2024-01-01 05:44:00+00:00,99.86287632097425,99.93563389056042,99.84183576156562,99.91681898377266,0.0
2024-01-01 05:45:00+00:00,99.91681898377266,99.91681898377266,99.79218244971665,99.85039858644724,0.0
2024-01-01 05:46:00+00:00,99.85039858644724,99.91136154725542,99.83505310276962,99.90022937337488,0.0
2024-01-01 05:47:00+00:00,99.90022937337488,99.91474633958215,99.83724253332824,99.89016458464548,0.0
2024-01-01 05:48:00+00:00,99.89016458464548,99.9789872562267,99.846744417319,99.85860755332203,0.0
2024-01-01 05:49:00+00:00,99.85860755332203,100.10522759879561,99.85860755332203,100.10021380881227,0.0
2024-01-01 05:50:00+00:00,100.10021380881227,100.13733200814926,100.07568415888855,100.09502020212406,0.0
2024-01-01 05:51:00+00:00,100.09502020212406,100.26989823966001,100.09502020212406,100.2299218907983,0.0
2024-01-01 05:52:00+00:00,100.2299218907983,100.45533100207703,100.2299218907983,100.36989172337262,0.0
2024-01-01 05:53:00+00:00,100.36989172337262,100.48713359641616,100.32934904843482,100.48713359641616,0.0
2024-01-01 05:54:00+00:00,100.48713359641616,100.55946649071184,100.39725360307007,100.39725360307007,0.0
2024-01-01 05:55:00+00:00,100.39725360307007,100.40931572759044,100.29631979574515,100.35349288077997,0.0
2024-01-01 05:56:00+00:00,100.35349288077997,100.35349288077997,100.21375051661241,100.28497809460096,0.0
2024-01-01 05:57:00+00:00,100.28497809460096,100.35426853211017,100.25697672422267,100.33378646018251,0.0
2024-01-01 05:58:00+00:00,100.33378646018251,100.48204456432643,100.33378646018251,100.33462711727572,0.0
2024-01-01 05:59:00+00:00,100.33462711727572,100.40027658674609,100.27047564166617,100.3482847035872,0.0
2024-01-01 06:00:00+00:00,100.3482847035872,100.3482847035872,100.25046394607115,100.27431950761442,0.0
2024-01-01 06:01:00+00:00,100.27431950761442,100.28721903049843,100.06513353128567,100.07188131278217,0.0
2024-01-01 06:02:00+00:00,100.07188131278217,100.16050079389956,100.01438292053766,100.11875513182329,0.0
2024-01-01 06:03:00+00:00,100.11875513182329,100.21794036190268,100.09016111688209,100.18605650866455,0.0
2024-01-01 06:04:00+00:00,100.18605650866455,100.18605650866455,100.07832625054613,100.17102673567351,0.0
2024-01-01 06:05:00+00:00,100.17102673567351,100.23583533322062,100.12627380338625,100.12627380338625,0.0
2024-01-01 06:06:00+00:00,100.12627380338625,100.13319731323774,100.03462276372186,100.13319731323774,0.0
2024-01-01 06:07:00+00:00,100.13319731323774,100.1524756247501,100.0698930373439,100.1524756247501,0.0
2024-01-01 06:08:00+00:00,100.1524756247501,100.1524756247501,99.98432555575835,99.98432555575835,0.0
2024-01-01 06:09:00+00:00,99.98432555575835,100.1012029953875,99.98432555575835,100.1012029953875,0.0
2024-01-01 06:10:00+00:00,100.1012029953875,100.15726200407855,100.1012029953875,100.1276292626614,0.0
2024-01-01 06:11:00+00:00,100.1276292626614,100.17076149510922,100.04833554978721,100.06544080953286,0.0
2024-01-01 06:12:00+00:00,100.06544080953286,100.14305453904564,100.01398578660184,100.06038602664736,0.0
2024-01-01 06:13:00+00:00,100.06038602664736,100.09167879487404,100.01895419152109,100.03003025650663,0.0
2024-01-01 06:14:00+00:00,100.03003025650663,100.03003025650663,99.92753271983902,99.96330529078143,0.0
2024-01-01 06:15:00+00:00,99.96330529078143,100.02548603770312,99.90794066570425,99.99954542370813,0.0
2024-01-01 06:16:00+00:00,99.99954542370813,100.26212754778005,99.99954542370813,100.26212754778005,0.0
2024-01-01 06:17:00+00:00,100.26212754778005,100.32295061267396,100.23831424732728,100.32295061267396,0.0
2024-01-01 06:18:00+00:00,100.32295061267396,100.32590273340848,100.09364712461308,100.09364712461308,0.0
2024-01-01 06:19:00+00:00,100.09364712461308,100.1334501797274,100.07489930420994,100.10840913934251,0.0
2024-01-01 06:20:00+00:00,100.10840913934251,100.17210991396358,100.05079000858248,100.05079000858248,0.0
2024-01-01 06:21:00+00:00,100.05079000858248,100.08110071612168,99.9796466031346,100.06733508535054,0.0
2024-01-01 06:22:00+00:00,100.06733508535054,100.09619204564203,99.93485091631784,99.93485091631784,0.0
2024-01-01 06:23:00+00:00,99.93485091631784,99.98909797266528,99.91045921531123,99.95970625999847,0.0
2024-01-01 06:24:00+00:00,99.95970625999847,100.03328635583443,99.94718124916776,100.01596074713031,0.0
2024-01-01 06:25:00+00:00,100.01596074713031,100.18050323275932,100.01596074713031,100.11373030590418,0.0
2024-01-01 06:26:00+00:00,100.11373030590418,100.29734232531912,100.11373030590418,100.29734232531912,0.0
2024-01-01 06:27:00+00:00,100.29734232531912,100.32486744027972,100.18222857597596,100.18222857597596,0.0
2024-01-01 06:28:00+00:00,100.18222857597596,100.20159352387088,100.14173636388028,100.20159352387088,0.0
2024-01-01 06:29:00+00:00,100.20159352387088,100.23796851292612,100.18125225952559,100.18341105195368,0.0
2024-01-01 06:30:00+00:00,100.18341105195368,100.19863969597714,100.09179345487414,100.19863969597714,0.0
2024-01-01 06:31:00+00:00,100.19863969597714,100.27462802917188,100.18712849698747,100.27462802917188,0.0
2024-01-01 06:32:00+00:00,100.27462802917188,100.34497864710958,100.27462802917188,100.3194825846288,0.0
2024-01-01 06:33:00+00:00,100.3194825846288,100.42102527574204,100.28751065659162,100.37326832875624,0.0
2024-01-01 06:34:00+00:00,100.37326832875624,100.51958170311754,100.36769064560549,100.47419997314606,0.0
2024-01-01 06:35:00+00:00,100.47419997314606,100.47419997314606,100.30266358672897,100.30266358672897,0.0
2024-01-01 06:36:00+00:00,100.30266358672897,100.60735934843969,100.29636774326207,100.60735934843969,0.0
2024-01-01 06:37:00+00:00,100.60735934843969,100.60771097848401,100.4709344622728,100.48103999040177,0.0
2024-01-01 06:38:00+00:00,100.48103999040177,100.62971533675868,100.47966394902599,100.58049497804417,0.0
2024-01-01 06:39:00+00:00,100.58049497804417,100.60223135471294,100.47585557527425,100.5547123385043,0.0
2024-01-01 06:40:00+00:00,100.5547123385043,100.672966060755,100.5547123385043,100.65478150871365,0.0
2024-01-01 06:41:00+00:00,100.65478150871365,100.69250101914174,100.50221367308808,100.53816454477433,0.0
2024-01-01 06:42:00+00:00,100.53816454477433,100.54959500155361,100.40898117294567,100.499449502527,0.0
2024-01-01 06:43:00+00:00,100.499449502527,100.6415743546096,100.4942238421734,100.61401787866363,0.0
2024-01-01 06:44:00+00:00,100.61401787866363,100.71439417896619,100.61401787866363,100.64677615918421,0.0
2024-01-01 06:45:00+00:00,100.64677615918421,100.6827132596415,100.59328037376093,100.59760277104162,0.0
2024-01-01 06:46:00+00:00,100.59760277104162,100.70633105628873,100.59760277104162,100.70633105628873,0.0
2024-01-01 06:47:00+00:00,100.70633105628873,100.75841174254805,100.6957179169198,100.71440327691695,0.0
2024-01-01 06:48:00+00:00,100.71440327691695,100.77351535797649,100.55467657513137,100.55467657513137,0.0
2024-01-01 06:49:00+00:00,100.55467657513137,100.58857922624867,100.51983473956699,100.51983473956699,0.0
2024-01-01 06:50:00+00:00,100.51983473956699,100.6177934445339,100.51983473956699,100.52950950081194,0.0
2024-01-01 06:51:00+00:00,100.52950950081194,100.61591200283283,100.4643889818339,100.61018809037071,0.0
2024-01-01 06:52:00+00:00,100.61018809037071,100.6632455512888,100.60897531299838,100.60897531299838,0.0
2024-01-01 06:53:00+00:00,100.60897531299838,100.60897531299838,100.43113215231814,100.43113215231814,0.0
2024-01-01 06:54:00+00:00,100.43113215231814,100.5235069084633,100.43099442324616,100.5235069084633,0.0
2024-01-01 06:55:00+00:00,100.5235069084633,100.54066456836819,100.39467121457645,100.4027902696957,0.0
2024-01-01 06:56:00+00:00,100.4027902696957,100.6018285000605,100.39284452332475,100.57270691029446,0.0
2024-01-01 06:57:00+00:00,100.57270691029446,100.59769091044461,100.50161751975376,100.58534101842359,0.0
2024-01-01 06:58:00+00:00,100.58534101842359,100.59715719033149,100.46431731302262,100.46431731302262,0.0
2024-01-01 06:59:00+00:00,100.46431731302262,100.52791144666917,100.39864395229131,100.52791144666917,0.0
2024-01-01 07:00:00+00:00,100.52791144666917,100.58931031821756,100.48301147886934,100.48301147886934,0.0
2024-01-01 07:01:00+00:00,100.48301147886934,100.48301147886934,100.28789313890356,100.28789313890356,0.0
2024-01-01 07:02:00+00:00,100.28789313890356,100.36309024989409,100.28789313890356,100.33579926575173,0.0
2024-01-01 07:03:00+00:00,100.33579926575173,100.43755148284743,100.33225041655521,100.33225041655521,0.0
2024-01-01 07:04:00+00:00,100.33225041655521,100.3936061776412,100.32697697527824,100.3736113515133,0.0
2024-01-01 07:05:00+00:00,100.3736113515133,100.56522185565912,100.36875406382143,100.56522185565912,0.0
2024-01-01 07:06:00+00:00,100.56522185565912,100.7177067842725,100.56522185565912,100.7177067842725,0.0
2024-01-01 07:07:00+00:00,100.7177067842725,100.88321843512534,100.7177067842725,100.85553577120626,0.0
2024-01-01 07:08:00+00:00,100.85553577120626,100.85553577120626,100.71316742642566,100.80408769791842,0.0
2024-01-01 07:09:00+00:00,100.80408769791842,100.85550541188286,100.78359235530633,100.78830913521152,0.0
2024-01-01 07:10:00+00:00,100.78830913521152,100.86343407562373,100.7694751876378,100.8117766973584,0.0
2024-01-01 07:11:00+00:00,100.8117766973584,100.86119903601454,100.73353500344936,100.73353500344936,0.0
2024-01-01 07:12:00+00:00,100.73353500344936,100.78041331822429,100.71997881106603,100.75991002420166,0.0
2024-01-01 07:13:00+00:00,100.75991002420166,100.75991002420166,100.66609728554694,100.72116230863112,0.0
2024-01-01 07:14:00+00:00,100.72116230863112,100.79239138750594,100.65702817244632,100.7431507615025,0.0
2024-01-01 07:15:00+00:00,100.7431507615025,100.79905070238785,100.72097252413097,100.79905070238785,0.0
2024-01-01 07:16:00+00:00,100.79905070238785,100.9607069637166,100.77273677853078,100.915844036677,0.0
2024-01-01 07:17:00+00:00,100.915844036677,100.92150265355832,100.76996976709661,100.81716746051431,0.0
2024-01-01 07:18:00+00:00,100.81716746051431,100.85625752992881,100.69141971032373,100.69141971032373,0.0
2024-01-01 07:19:00+00:00,100.69141971032373,100.87701936471504,100.69141971032373,100.85157623610125,0.0
2024-01-01 07:20:00+00:00,100.85157623610125,100.95847516883858,100.81885811307905,100.95847516883858,0.0
2024-01-01 07:21:00+00:00,100.95847516883858,100.95847516883858,100.75881988458968,100.80162275313789,0.0
2024-01-01 07:22:00+00:00,100.80162275313789,100.85254745581932,100.78411402792892,100.85254745581932,0.0
2024-01-01 07:23:00+00:00,100.85254745581932,100.98553559341272,100.85254745581932,100.98211820988934,0.0
2024-01-01 07:24:00+00:00,100.98211820988934,101.01515152018864,100.82709032720831,100.82709032720831,0.0
2024-01-01 07:25:00+00:00,100.82709032720831,100.82709032720831,100.69114162864585,100.73778023771014,0.0
2024-01-01 07:26:00+00:00,100.73778023771014,100.88065257369614,100.73778023771014,100.829295079129,0.0
2024-01-01 07:27:00+00:00,100.829295079129,100.829295079129,100.68243326178049,100.72068232705358,0.0
2024-01-01 07:28:00+00:00,100.72068232705358,100.845911163515,100.71193349552158,100.84028255301664,0.0
2024-01-01 07:29:00+00:00,100.84028255301664,100.8509557189426,100.7738733495204,100.82566047114923,0.0
2024-01-01 07:30:00+00:00,100.82566047114923,100.82566047114923,100.68219325544766,100.71922885622837,0.0
2024-01-01 07:31:00+00:00,100.71922885622837,100.78011104955776,100.70791959919478,100.76628841351223,0.0
2024-01-01 07:32:00+00:00,100.76628841351223,100.85834243395541,100.68742959657568,100.73086472901346,0.0
2024-01-01 07:33:00+00:00,100.73086472901346,100.77254456090303,100.66967555276767,100.66967555276767,0.0
2024-01-01 07:34:00+00:00,100.66967555276767,100.66967555276767,100.51661112997525,100.51661112997525,0.0
2024-01-01 07:35:00+00:00,100.51661112997525,100.66106281034058,100.46758320213782,100.58848446084413,0.0
2024-01-01 07:36:00+00:00,100.58848446084413,100.75442622755733,100.58848446084413,100.75442622755733,0.0
2024-01-01 07:37:00+00:00,100.75442622755733,100.88540712426224,100.75442622755733,100.88540712426224,0.0
2024-01-01 07:38:00+00:00,100.88540712426224,100.89873351426176,100.81642674376104,100.81642674376104,0.0
2024-01-01 07:39:00+00:00,100.81642674376104,100.93050178341785,100.79562951908474,100.80133590061232,0.0
2024-01-01 07:40:00+00:00,100.80133590061232,100.82916493530736,100.73046404665119,100.76394848241712,0.0
2024-01-01 07:41:00+00:00,100.76394848241712,100.83828292357602,100.67682543614545,100.69289242088975,0.0
2024-01-01 07:42:00+00:00,100.69289242088975,100.72887497469137,100.64976949297674,100.6595077554125,0.0
2024-01-01 07:43:00+00:00,100.6595077554125,100.67863579908092,100.56702326692016,100.63876152146526,0.0
2024-01-01 07:44:00+00:00,100.63876152146526,100.74440306374508,100.63876152146526,100.68970425877583,0.0
2024-01-01 07:45:00+00:00,100.68970425877583,100.72883024625986,100.6383356661474,100.71797074087719,0.0
2024-01-01 07:46:00+00:00,100.71797074087719,100.7235203702989,100.63375545500057,100.63375545500057,0.0
2024-01-01 07:47:00+00:00,100.63375545500057,100.66358065188162,100.51937978836271,100.62560668344908,0.0
2024-01-01 07:48:00+00:00,100.62560668344908,100.65187780799602,100.55751352373464,100.56220734551665,0.0
2024-01-01 07:49:00+00:00,100.56220734551665,100.58559880000107,100.51576081794451,100.51576081794451,0.0
2024-01-01 07:50:00+00:00,100.51576081794451,100.64358781079049,100.51576081794451,100.6254479600154,0.0
2024-01-01 07:51:00+00:00,100.6254479600154,100.68227447308679,100.51514459029664,100.51514459029664,0.0
2024-01-01 07:52:00+00:00,100.51514459029664,100.62849544362881,100.51514459029664,100.53846544464005,0.0
2024-01-01 07:53:00+00:00,100.53846544464005,100.67431251861962,100.53846544464005,100.62891022798921,0.0
2024-01-01 07:54:00+00:00,100.62891022798921,100.75152822803133,100.62891022798921,100.68732248954852,0.0
2024-01-01 07:55:00+00:00,100.68732248954852,100.78035162607762,100.6731428326428,100.7363184870697,0.0
2024-01-01 07:56:00+00:00,100.7363184870697,100.76130461746496,100.59943927585438,100.70492286246578,0.0
2024-01-01 07:57:00+00:00,100.70492286246578,100.87028983573916,100.66647150119387,100.8051046100681,0.0
2024-01-01 07:58:00+00:00,100.8051046100681,100.8051046100681,100.68558174979961,100.72628763373656,0.0
2024-01-01 07:59:00+00:00,100.72628763373656,100.74421282009781,100.68739974925245,100.69584862861917,0.0
2024-01-01 08:00:00+00:00,100.69584862861917,100.7751591010044,100.64151806974954,100.7751591010044,0.0
2024-01-01 08:01:00+00:00,100.7751591010044,100.8200630364005,100.7207021044545,100.76056679466188,0.0
2024-01-01 08:02:00+00:00,100.76056679466188,100.90474847516168,100.76056679466188,100.87760917428952,0.0
2024-01-01 08:03:00+00:00,100.87760917428952,100.94387107968775,100.80760900408018,100.80760900408018,0.0
2024-01-01 08:04:00+00:00,100.80760900408018,100.8229265166285,100.73414606047109,100.8229265166285,0.0
2024-01-01 08:05:00+00:00,100.8229265166285,100.86124816370827,100.79170508738515,100.81278261949718,0.0
2024-01-01 08:06:00+00:00,100.81278261949718,100.90050210706319,100.77404663564835,100.87469913269263,0.0
2024-01-01 08:07:00+00:00,100.87469913269263,101.04466588707751,100.87469913269263,101.03533838415854,0.0
2024-01-01 08:08:00+00:00,101.03533838415854,101.1265399325375,101.02302922316773,101.02302922316773,0.0
2024-01-01 08:09:00+00:00,101.02302922316773,101.02302922316773,100.90892972740048,100.95771611400076,0.0
2024-01-01 08:10:00+00:00,100.95771611400076,100.96612111806232,100.86808357943502,100.86808357943502,0.0
2024-01-01 08:11:00+00:00,100.86808357943502,100.86808357943502,100.78336118089473,100.8379993889047,0.0
2024-01-01 08:12:00+00:00,100.8379993889047,100.99730991232288,100.8379993889047,100.9860173060818,0.0
2024-01-01 08:13:00+00:00,100.9860173060818,100.99427416508755,100.91830853088778,100.99384782633616,0.0
2024-01-01 08:14:00+00:00,100.99384782633616,101.03312694719628,100.95567616937994,100.99075555600784,0.0
2024-01-01 08:15:00+00:00,100.99075555600784,101.13608695947065,100.96076530346896,101.13608695947065,0.0
2024-01-01 08:16:00+00:00,101.13608695947065,101.13608695947065,100.89307856012005,100.9503660244872,0.0
2024-01-01 08:17:00+00:00,100.9503660244872,100.9503660244872,100.76822103211964,100.77339818122495,0.0
2024-01-01 08:18:00+00:00,100.77339818122495,100.78476077763939,100.72062725574814,100.72062725574814,0.0
2024-01-01 08:19:00+00:00,100.72062725574814,100.84395112263499,100.7179497390772,100.84395112263499,0.0
2024-01-01 08:20:00+00:00,100.84395112263499,100.89816120951085,100.81513523679672,100.81838657226453,0.0
2024-01-01 08:21:00+00:00,100.81838657226453,100.9032411627358,100.79467206484676,100.84256670617413,0.0
2024-01-01 08:22:00+00:00,100.84256670617413,100.90325422677634,100.78620880623312,100.87381068184538,0.0
2024-01-01 08:23:00+00:00,100.87381068184538,100.87636306143972,100.71192635707075,100.71192635707075,0.0
2024-01-01 08:24:00+00:00,100.71192635707075,100.83284571405356,100.67072764973977,100.83284571405356,0.0
2024-01-01 08:25:00+00:00,100.83284571405356,100.87003855365693,100.70539488427742,100.83784705128886,0.0
2024-01-01 08:26:00+00:00,100.83784705128886,101.07406522169627,100.83784705128886,101.05205260823372,0.0
2024-01-01 08:27:00+00:00,101.05205260823372,101.12765446565072,100.97734508601651,101.12765446565072,0.0
2024-01-01 08:28:00+00:00,101.12765446565072,101.14043355259966,100.97112243646623,100.97164840578498,0.0
2024-01-01 08:29:00+00:00,100.97164840578498,101.06213029892655,100.9490390132665,100.96434428657237,0.0
2024-01-01 08:30:00+00:00,100.96434428657237,101.04273518299,100.91071754858929,100.91071754858929,0.0
2024-01-01 08:31:00+00:00,100.91071754858929,100.9486429391794,100.84112483920242,100.84112483920242,0.0
2024-01-01 08:32:00+00:00,100.84112483920242,100.92698992194595,100.83494773189857,100.86490847434986,0.0
2024-01-01 08:33:00+00:00,100.86490847434986,100.86490847434986,100.69041857822462,100.74810893569307,0.0
2024-01-01 08:34:00+00:00,100.74810893569307,100.76496750382925,100.69211171385265,100.7198066538333,0.0
2024-01-01 08:35:00+00:00,100.7198066538333,100.7198066538333,100.56097859794528,100.5964921000952,0.0
2024-01-01 08:36:00+00:00,100.5964921000952,100.62395742874799,100.48303399910716,100.48303399910716,0.0
2024-01-01 08:37:00+00:00,100.48303399910716,100.56431661030159,100.44325726313305,100.49901118332275,0.0
2024-01-01 08:38:00+00:00,100.49901118332275,100.5541497037422,100.46986022309022,100.46986022309022,0.0
2024-01-01 08:39:00+00:00,100.46986022309022,100.51551317836316,100.3841092027038,100.44577646624037,0.0
2024-01-01 08:40:00+00:00,100.44577646624037,100.61011016966978,100.43195008030962,100.50304727137978,0.0
2024-01-01 08:41:00+00:00,100.50304727137978,100.63666945866964,100.49380953949179,100.63666945866964,0.0
2024-01-01 08:42:00+00:00,100.63666945866964,100.70636663396405,100.60525704610599,100.70636663396405,0.0
2024-01-01 08:43:00+00:00,100.70636663396405,100.7068841566385,100.5079352723937,100.5079352723937,0.0
2024-01-01 08:44:00+00:00,100.5079352723937,100.583453419291,100.4772215221516,100.5645590226836,0.0
2024-01-01 08:45:00+00:00,100.5645590226836,100.61551075123583,100.55047638941366,100.56779076108921,0.0
2024-01-01 08:46:00+00:00,100.56779076108921,100.72726333416372,100.53989483389437,100.72726333416372,0.0
2024-01-01 08:47:00+00:00,100.72726333416372,100.79703088909552,100.6994693553593,100.79218612647041,0.0
2024-01-01 08:48:00+00:00,100.79218612647041,100.86320392646842,100.79209580252194,100.79897917539618,0.0
2024-01-01 08:49:00+00:00,100.79897917539618,100.86186074291959,100.72841828200734,100.8486504481503,0.0
2024-01-01 08:50:00+00:00,100.8486504481503,100.93667573497976,100.80323057266185,100.92719586151219,0.0
2024-01-01 08:51:00+00:00,100.92719586151219,100.92719586151219,100.82847223658027,100.82847223658027,0.0
2024-01-01 08:52:00+00:00,100.82847223658027,100.93882077653319,100.82847223658027,100.93654370575379,0.0
2024-01-01 08:53:00+00:00,100.93654370575379,101.13634244191486,100.93654370575379,101.08397494014565,0.0
2024-01-01 08:54:00+00:00,101.08397494014565,101.11334504804606,100.97264767070611,100.97264767070611,0.0
2024-01-01 08:55:00+00:00,100.97264767070611,100.97264767070611,100.74250435278776,100.75529371645375,0.0
2024-01-01 08:56:00+00:00,100.75529371645375,100.83148105149581,100.66104908554804,100.66104908554804,0.0
2024-01-01 08:57:00+00:00,100.66104908554804,100.74129897275763,100.61264491331217,100.74129897275763,0.0
2024-01-01 08:58:00+00:00,100.74129897275763,100.84910758061652,100.71515068936546,100.84910758061652,0.0
2024-01-01 08:59:00+00:00,100.84910758061652,100.90237707656365,100.7794690954504,100.79028395392564,0.0
2024-01-01 09:00:00+00:00,100.79028395392564,100.79028395392564,100.6393123307782,100.65954584320264,0.0
2024-01-01 09:01:00+00:00,100.65954584320264,100.65954584320264,100.54618494989677,100.56251194219809,0.0
2024-01-01 09:02:00+00:00,100.56251194219809,100.56251194219809,100.43538451145422,100.43538451145422,0.0
2024-01-01 09:03:00+00:00,100.43538451145422,100.4764786712321,100.37386826424316,100.37897213007578,0.0
2024-01-01 09:04:00+00:00,100.37897213007578,100.42130598247095,100.35185723551938,100.35749906606269,0.0
2024-01-01 09:05:00+00:00,100.35749906606269,100.52357002600837,100.34386394344173,100.51959606155661,0.0
2024-01-01 09:06:00+00:00,100.51959606155661,100.54103269828693,100.40082402822651,100.44183174067554,0.0
2024-01-01 09:07:00+00:00,100.44183174067554,100.54846337339032,100.44183174067554,100.5442647593917,0.0
2024-01-01 09:08:00+00:00,100.5442647593917,100.72097969285896,100.54056235312542,100.72097969285896,0.0
2024-01-01 09:09:00+00:00,100.72097969285896,100.75918936819924,100.63351321250143,100.67843489606015,0.0
2024-01-01 09:10:00+00:00,100.67843489606015,100.68615910885897,100.54288183146177,100.55775337299993,0.0
2024-01-01 09:11:00+00:00,100.55775337299993,100.55775337299993,100.40813474907559,100.4702512534823,0.0
2024-01-01 09:12:00+00:00,100.4702512534823,100.58040265348207,100.43790340765561,100.5776826983913,0.0
2024-01-01 09:13:00+00:00,100.5776826983913,100.62693294620487,100.55950456785473,100.58363463806249,0.0
2024-01-01 09:14:00+00:00,100.58363463806249,100.65166645546039,100.50173502373161,100.65166645546039,0.0
2024-01-01 09:15:00+00:00,100.65166645546039,100.72631729353259,100.62591250302957,100.72631729353259,0.0
2024-01-01 09:16:00+00:00,100.72631729353259,100.80273156577007,100.68360796594023,100.80273156577007,0.0
2024-01-01 09:17:00+00:00,100.80273156577007,100.86421992654587,100.80273156577007,100.80526507553051,0.0
2024-01-01 09:18:00+00:00,100.80526507553051,100.84668005050273,100.7142196163256,100.7142196163256,0.0
2024-01-01 09:19:00+00:00,100.7142196163256,100.80167193802792,100.68793224320622,100.68793224320622,0.0
2024-01-01 09:20:00+00:00,100.68793224320622,100.8831341341802,100.66405657896932,100.88055511966915,0.0
2024-01-01 09:21:00+00:00,100.88055511966915,100.93931553696117,100.85393148658477,100.9169108513261,0.0
2024-01-01 09:22:00+00:00,100.9169108513261,101.05505331246984,100.87849363251092,101.05505331246984,0.0
2024-01-01 09:23:00+00:00,101.05505331246984,101.0631805612583,100.98887285476394,101.03217879043005,0.0
2024-01-01 09:24:00+00:00,101.03217879043005,101.12710794457492,100.9412398586378,100.94849225226233,0.0
2024-01-01 09:25:00+00:00,100.94849225226233,100.94849225226233,100.86290498132102,100.86584494495537,0.0
2024-01-01 09:26:00+00:00,100.86584494495537,101.0272251039205,100.86584494495537,101.00495829764093,0.0
2024-01-01 09:27:00+00:00,101.00495829764093,101.05067670136847,100.94636781608668,100.94636781608668,0.0
2024-01-01 09:28:00+00:00,100.94636781608668,101.04978130634167,100.91450450658593,101.04978130634167,0.0
2024-01-01 09:29:00+00:00,101.04978130634167,101.1940598073833,101.04978130634167,101.1940598073833,0.0
2024-01-01 09:30:00+00:00,101.1940598073833,101.33539696456349,101.1940598073833,101.3119078270046,0.0
2024-01-01 09:31:00+00:00,101.3119078270046,101.3119078270046,101.05705618722634,101.10785253574291,0.0
2024-01-01 09:32:00+00:00,101.10785253574291,101.18546908057591,101.10785253574291,101.13414869869123,0.0
2024-01-01 09:33:00+00:00,101.13414869869123,101.1489315116182,101.03224576916867,101.03224576916867,0.0
2024-01-01 09:34:00+00:00,101.03224576916867,101.14593072904465,101.00526159299272,101.14593072904465,0.0
2024-01-01 09:35:00+00:00,101.14593072904465,101.40529007576303,101.14593072904465,101.30902735567018,0.0
2024-01-01 09:36:00+00:00,101.30902735567018,101.37916629164695,101.30902735567018,101.37916629164695,0.0
2024-01-01 09:37:00+00:00,101.37916629164695,101.51992352359605,101.33497066332977,101.51992352359605,0.0
2024-01-01 09:38:00+00:00,101.51992352359605,101.70233800383255,101.51992352359605,101.59147525705716,0.0
2024-01-01 09:39:00+00:00,101.59147525705716,101.59147525705716,101.49430208238559,101.5541050105537,0.0
2024-01-01 09:40:00+00:00,101.5541050105537,101.67041085030273,101.51840671155848,101.67041085030273,0.0
2024-01-01 09:41:00+00:00,101.67041085030273,101.87339127156538,101.66368418564267,101.70287607105348,0.0
2024-01-01 09:42:00+00:00,101.70287607105348,101.76267307353369,101.6596397412828,101.72760146174221,0.0
2024-01-01 09:43:00+00:00,101.72760146174221,101.76869804468824,101.7102832108017,101.7102832108017,0.0
2024-01-01 09:44:00+00:00,101.7102832108017,101.7102832108017,101.58558853350162,101.58558853350162,0.0
2024-01-01 09:45:00+00:00,101.58558853350162,101.6271137591977,101.54857449226233,101.59814453870035,0.0
2024-01-01 09:46:00+00:00,101.59814453870035,101.7188044648494,101.54242590671679,101.71879519988593,0.0
2024-01-01 09:47:00+00:00,101.71879519988593,101.80400554350736,101.64946780879534,101.64946780879534,0.0
2024-01-01 09:48:00+00:00,101.64946780879534,101.74730603881102,101.60217519264518,101.74651515058193,0.0
2024-01-01 09:49:00+00:00,101.74651515058193,101.91717271946604,101.74632396038696,101.89721520678513,0.0
2024-01-01 09:50:00+00:00,101.89721520678513,101.952254422909,101.78739411646491,101.78739411646491,0.0
2024-01-01 09:51:00+00:00,101.78739411646491,101.81872828628607,101.61948626152149,101.76553661177411,0.0
2024-01-01 09:52:00+00:00,101.76553661177411,101.76553661177411,101.5887925287935,101.6649392930513,0.0
2024-01-01 09:53:00+00:00,101.6649392930513,101.6649392930513,101.58066324524886,101.62583219252967,0.0
2024-01-01 09:54:00+00:00,101.62583219252967,101.73518912299805,101.50614330398365,101.73518912299805,0.0
2024-01-01 09:55:00+00:00,101.73518912299805,101.80234397423978,101.72938602429272,101.7321880537466,0.0
2024-01-01 09:56:00+00:00,101.7321880537466,101.85076516912562,101.7321880537466,101.7991100218314,0.0
2024-01-01 09:57:00+00:00,101.7991100218314,101.81435628296457,101.71547330801856,101.73166961757317,0.0
2024-01-01 09:58:00+00:00,101.73166961757317,101.76280264100777,101.63737219376259,101.76280264100777,0.0
2024-01-01 09:59:00+00:00,101.76280264100777,101.9235951622494,101.76280264100777,101.84806307367361,0.0
2024-01-01 10:00:00+00:00,101.84806307367361,101.84806307367361,101.72063852695254,101.72063852695254,0.0
2024-01-01 10:01:00+00:00,101.72063852695254,101.73343706003422,101.66422909925369,101.66422909925369,0.0
2024-01-01 10:02:00+00:00,101.66422909925369,101.80000458707445,101.66422909925369,101.80000458707445,0.0
2024-01-01 10:03:00+00:00,101.80000458707445,101.88799188823943,101.78029319037661,101.88799188823943,0.0
2024-01-01 10:04:00+00:00,101.88799188823943,101.88799188823943,101.7968420015387,101.7968420015387,0.0
2024-01-01 10:05:00+00:00,101.7968420015387,101.7968420015387,101.68772858843711,101.73121305329309,0.0
2024-01-01 10:06:00+00:00,101.73121305329309,101.7810689929118,101.53148901758335,101.54478606121806,0.0
2024-01-01 10:07:00+00:00,101.54478606121806,101.61188666977293,101.51809559973715,101.5771800839577,0.0
2024-01-01 10:08:00+00:00,101.5771800839577,101.57971121355071,101.51571463909042,101.51886694563836,0.0
2024-01-01 10:09:00+00:00,101.51886694563836,101.70307164321208,101.51727226764079,101.55886785548022,0.0
2024-01-01 10:10:00+00:00,101.55886785548022,101.69119221673562,101.53549921104504,101.69119221673562,0.0
2024-01-01 10:11:00+00:00,101.69119221673562,101.8859679192702,101.69119221673562,101.86160354167717,0.0
2024-01-01 10:12:00+00:00,101.86160354167717,101.95307059803802,101.86160354167717,101.9181649727779,0.0
2024-01-01 10:13:00+00:00,101.9181649727779,101.92248108593009,101.8522600875975,101.8875223140627,0.0
2024-01-01 10:14:00+00:00,101.8875223140627,101.89149309645686,101.80084658848153,101.81205578140623,0.0
2024-01-01 10:15:00+00:00,101.81205578140623,101.83894587132198,101.63436488757473,101.63436488757473,0.0
2024-01-01 10:16:00+00:00,101.63436488757473,101.67603007461204,101.55312928563947,101.67603007461204,0.0
2024-01-01 10:17:00+00:00,101.67603007461204,101.72351842074951,101.67480358885504,101.67480358885504,0.0
2024-01-01 10:18:00+00:00,101.67480358885504,101.90432591867626,101.66603123213824,101.86858532842146,0.0
2024-01-01 10:19:00+00:00,101.86858532842146,102.05328970140079,101.86858532842146,101.99070892492115,0.0
2024-01-01 10:20:00+00:00,101.99070892492115,102.01762530026808,101.98951833088614,102.0046535329743,0.0
2024-01-01 10:21:00+00:00,102.0046535329743,102.00642052782207,101.89364108043878,102.00642052782207,0.0
2024-01-01 10:22:00+00:00,102.00642052782207,102.03869243261094,101.93335227633746,101.93335227633746,0.0
2024-01-01 10:23:00+00:00,101.93335227633746,102.15788767214816,101.93335227633746,102.0935324798883,0.0
2024-01-01 10:24:00+00:00,102.0935324798883,102.24974624811458,102.08123768702175,102.23892753706517,0.0
2024-01-01 10:25:00+00:00,102.23892753706517,102.29634349556956,102.2029534865176,102.24994053090019,0.0
2024-01-01 10:26:00+00:00,102.24994053090019,102.24994053090019,102.05569018399281,102.07297236811388,0.0
2024-01-01 10:27:00+00:00,102.07297236811388,102.07620225144,102.02196338902715,102.07620225144,0.0
2024-01-01 10:28:00+00:00,102.07620225144,102.18956309656652,102.04713077275395,102.18956309656652,0.0
2024-01-01 10:29:00+00:00,102.18956309656652,102.19688148282152,101.95176698170509,101.95176698170509,0.0
2024-01-01 10:30:00+00:00,101.95176698170509,102.02802962346482,101.95176698170509,102.00497474658287,0.0
2024-01-01 10:31:00+00:00,102.00497474658287,102.04064855650049,101.8780173808197,102.00450023673135,0.0
2024-01-01 10:32:00+00:00,102.00450023673135,102.05098510119238,101.91925518894966,101.92405450519601,0.0
2024-01-01 10:33:00+00:00,101.92405450519601,101.95606022738879,101.82489435979973,101.87396444125072,0.0
2024-01-01 10:34:00+00:00,101.87396444125072,101.87396444125072,101.62300129291025,101.62300129291025,0.0
2024-01-01 10:35:00+00:00,101.62300129291025,101.67664502876548,101.57404765954743,101.58653517857702,0.0
2024-01-01 10:36:00+00:00,101.58653517857702,101.66192024569739,101.57334889604499,101.59991569287527,0.0
2024-01-01 10:37:00+00:00,101.59991569287527,101.59991569287527,101.45357069500466,101.55560092821246,0.0
2024-01-01 10:38:00+00:00,101.55560092821246,101.71324181882663,101.55560092821246,101.65782755416066,0.0
2024-01-01 10:39:00+00:00,101.65782755416066,101.65782755416066,101.49513868331303,101.53593074259925,0.0
2024-01-01 10:40:00+00:00,101.53593074259925,101.56079405715835,101.50482569581835,101.50482569581835,0.0
2024-01-01 10:41:00+00:00,101.50482569581835,101.50768124996726,101.39870760428262,101.4286567907714,0.0
2024-01-01 10:42:00+00:00,101.4286567907714,101.45480748527157,101.38718457417849,101.39396507498239,0.0
2024-01-01 10:43:00+00:00,101.39396507498239,101.39396507498239,101.29959042745921,101.3436776964659,0.0
2024-01-01 10:44:00+00:00,101.3436776964659,101.45350760134377,101.3436776964659,101.38051305118877,0.0
2024-01-01 10:45:00+00:00,101.38051305118877,101.42614898522503,101.35380445215783,101.39999286815384,0.0
2024-01-01 10:46:00+00:00,101.39999286815384,101.39999286815384,101.27003324460773,101.27275477033992,0.0
2024-01-01 10:47:00+00:00,101.27275477033992,101.27275477033992,101.05031301712586,101.05031301712586,0.0
2024-01-01 10:48:00+00:00,101.05031301712586,101.08985941402689,100.93730280930598,101.03783011152542,0.0
2024-01-01 10:49:00+00:00,101.03783011152542,101.04767687898497,100.93705856873115,100.95772106418606,0.0
2024-01-01 10:50:00+00:00,100.95772106418606,100.96484993968453,100.81253957123305,100.81253957123305,0.0
2024-01-01 10:51:00+00:00,100.81253957123305,100.92561606334638,100.81253957123305,100.8931670938568,0.0
2024-01-01 10:52:00+00:00,100.8931670938568,101.03496493632646,100.8394272415974,101.03496493632646,0.0
2024-01-01 10:53:00+00:00,101.03496493632646,101.15203008540287,100.99668476404172,101.11362938974992,0.0
2024-01-01 10:54:00+00:00,101.11362938974992,101.17940872302066,101.0623031701301,101.0848323755994,0.0
2024-01-01 10:55:00+00:00,101.0848323755994,101.12501472140788,100.91274494940458,100.91274494940458,0.0
2024-01-01 10:56:00+00:00,100.91274494940458,100.91274494940458,100.73685490152505,100.73685490152505,0.0
2024-01-01 10:57:00+00:00,100.73685490152505,100.76391137923298,100.67193376559513,100.71535130253287,0.0
2024-01-01 10:58:00+00:00,100.71535130253287,100.7489773234837,100.66813757173618,100.7100239613801,0.0
2024-01-01 10:59:00+00:00,100.7100239613801,100.77238175042822,100.63814002848044,100.63814002848044,0.0
2024-01-01 11:00:00+00:00,100.63814002848044,100.80626917549257,100.61750403206067,100.80626917549257,0.0
2024-01-01 11:01:00+00:00,100.80626917549257,100.81593127886514,100.6905964530815,100.78542388381149,0.0
2024-01-01 11:02:00+00:00,100.78542388381149,100.82072735942245,100.67389239771508,100.76792556594027,0.0
2024-01-01 11:03:00+00:00,100.76792556594027,100.83161121457434,100.73714599403704,100.81784790705252,0.0
2024-01-01 11:04:00+00:00,100.81784790705252,100.90128976099611,100.72415768785999,100.79099342225516,0.0
2024-01-01 11:05:00+00:00,100.79099342225516,100.8349271578701,100.75500942626049,100.83294866217267,0.0
2024-01-01 11:06:00+00:00,100.83294866217267,100.923112332498,100.80734602605612,100.88056060478692,0.0
2024-01-01 11:07:00+00:00,100.88056060478692,101.1023263000511,100.88056060478692,101.1023263000511,0.0
2024-01-01 11:08:00+00:00,101.1023263000511,101.11139909867069,101.0235389836698,101.04416842340514,0.0
2024-01-01 11:09:00+00:00,101.04416842340514,101.05134620517273,100.97320576327333,101.05134620517273,0.0
2024-01-01 11:10:00+00:00,101.05134620517273,101.11839150399511,100.9691691551063,101.06415901279081,0.0
2024-01-01 11:11:00+00:00,101.06415901279081,101.17424081492797,101.04550320495795,101.12855813015062,0.0
2024-01-01 11:12:00+00:00,101.12855813015062,101.16248098686462,101.10554199988356,101.1572376316441,0.0
2024-01-01 11:13:00+00:00,101.1572376316441,101.27213717067065,101.11425610143492,101.27213717067065,0.0
2024-01-01 11:14:00+00:00,101.27213717067065,101.27213717067065,101.17983586708186,101.19279609329897,0.0
2024-01-01 11:15:00+00:00,101.19279609329897,101.32011471492065,101.19279609329897,101.25122194238514,0.0
2024-01-01 11:16:00+00:00,101.25122194238514,101.37482459225717,101.25122194238514,101.37482459225717,0.0
2024-01-01 11:17:00+00:00,101.37482459225717,101.39416338794341,101.29807655508615,101.30711686658363,0.0
2024-01-01 11:18:00+00:00,101.30711686658363,101.40516789886534,101.30637953517785,101.36009570305988,0.0
2024-01-01 11:19:00+00:00,101.36009570305988,101.48771081061216,101.36009570305988,101.40778110716039,0.0
2024-01-01 11:20:00+00:00,101.40778110716039,101.40778110716039,101.2583535468934,101.3472891472432,0.0
2024-01-01 11:21:00+00:00,101.3472891472432,101.3472891472432,101.22440725876076,101.22440725876076,0.0
2024-01-01 11:22:00+00:00,101.22440725876076,101.27673861455905,101.18670430088434,101.18670430088434,0.0
2024-01-01 11:23:00+00:00,101.18670430088434,101.53666518336844,101.18670430088434,101.53666518336844,0.0
2024-01-01 11:24:00+00:00,101.53666518336844,101.66518630777611,101.53666518336844,101.66024169148706,0.0
2024-01-01 11:25:00+00:00,101.66024169148706,101.6806603199532,101.61793519893789,101.63932086282601,0.0
2024-01-01 11:26:00+00:00,101.63932086282601,101.67038121093564,101.54031689330608,101.57207151013378,0.0
2024-01-01 11:27:00+00:00,101.57207151013378,101.81975107616482,101.57207151013378,101.78428069033691,0.0
2024-01-01 11:28:00+00:00,101.78428069033691,101.80955633220496,101.74443520257876,101.7639590920577,0.0
2024-01-01 11:29:00+00:00,101.7639590920577,101.8834770332018,101.7325310973646,101.8834770332018,0.0
2024-01-01 11:30:00+00:00,101.8834770332018,102.06138814240622,101.83740230061765,102.03712081792727,0.0
2024-01-01 11:31:00+00:00,102.03712081792727,102.17030710588675,101.96702115204477,102.17030710588675,0.0
2024-01-01 11:32:00+00:00,102.17030710588675,102.19245852937043,102.12177642988735,102.13697107603936,0.0
2024-01-01 11:33:00+00:00,102.13697107603936,102.20198897936177,102.07917903885911,102.10362006534541,0.0
2024-01-01 11:34:00+00:00,102.10362006534541,102.32610759952847,102.10362006534541,102.31214971413364,0.0
2024-01-01 11:35:00+00:00,102.31214971413364,102.42148418555618,102.3021159823321,102.3507940811719,0.0
2024-01-01 11:36:00+00:00,102.3507940811719,102.49023692450409,102.33947657263845,102.49023692450409,0.0
2024-01-01 11:37:00+00:00,102.49023692450409,102.49023692450409,102.25030856674512,102.28324308894429,0.0
2024-01-01 11:38:00+00:00,102.28324308894429,102.28324308894429,102.18174398325796,102.18174398325796,0.0
2024-01-01 11:39:00+00:00,102.18174398325796,102.18174398325796,102.07825805950412,102.11700688673726,0.0
2024-01-01 11:40:00+00:00,102.11700688673726,102.31751000095097,102.11004514693646,102.2930521696144,0.0
2024-01-01 11:41:00+00:00,102.2930521696144,102.34603417117422,102.27541509932128,102.32111836186402,0.0
2024-01-01 11:42:00+00:00,102.32111836186402,102.32111836186402,102.27752827088821,102.31554639158472,0.0
2024-01-01 11:43:00+00:00,102.31554639158472,102.36661035473963,102.30826241401299,102.31664523634375,0.0
2024-01-01 11:44:00+00:00,102.31664523634375,102.38326462981024,102.29737356870179,102.33466243761336,0.0
2024-01-01 11:45:00+00:00,102.33466243761336,102.39052366873983,102.25361941231066,102.35774987224593,0.0
2024-01-01 11:46:00+00:00,102.35774987224593,102.3757306544058,102.26379497548709,102.27014930395644,0.0
2024-01-01 11:47:00+00:00,102.27014930395644,102.27014930395644,102.21629341093325,102.23924707894822,0.0
2024-01-01 11:48:00+00:00,102.23924707894822,102.31064533219619,102.19594747277186,102.19594747277186,0.0
2024-01-01 11:49:00+00:00,102.19594747277186,102.2112669214242,102.05150718334271,102.06429515883147,0.0
2024-01-01 11:50:00+00:00,102.06429515883147,102.09966853833083,101.99393061562438,102.0866486125006,0.0
2024-01-01 11:51:00+00:00,102.0866486125006,102.1113264387952,102.02334228674587,102.1043507666474,0.0
2024-01-01 11:52:00+00:00,102.1043507666474,102.1043507666474,101.95563814232776,102.01900007948213,0.0
2024-01-01 11:53:00+00:00,102.01900007948213,102.02147276266064,101.9535274082305,102.02147276266064,0.0
2024-01-01 11:54:00+00:00,102.02147276266064,102.19485054045849,102.02147276266064,102.1781938122388,0.0
2024-01-01 11:55:00+00:00,102.1781938122388,102.23923073229145,102.15418862342042,102.19610210395939,0.0
2024-01-01 11:56:00+00:00,102.19610210395939,102.29418839086004,102.19270317127584,102.25008649129211,0.0
2024-01-01 11:57:00+00:00,102.25008649129211,102.25008649129211,102.103560540968,102.11958652494855,0.0
2024-01-01 11:58:00+00:00,102.11958652494855,102.17083248193703,102.0849005367072,102.17083248193703,0.0
2024-01-01 11:59:00+00:00,102.17083248193703,102.17441725718606,102.06099326047355,102.06099326047355,0.0
2024-01-01 12:00:00+00:00,102.06099326047355,102.21362354895561,102.06099326047355,102.16046463132982,0.0
2024-01-01 12:01:00+00:00,102.16046463132982,102.18452923494105,102.06005976803124,102.06005976803124,0.0
2024-01-01 12:02:00+00:00,102.06005976803124,102.10236441955834,101.97055552692808,102.02036565561022,0.0
2024-01-01 12:03:00+00:00,102.02036565561022,102.24124440525017,102.02036565561022,102.22933372154313,0.0
2024-01-01 12:04:00+00:00,102.22933372154313,102.29351207320462,102.17753207981403,102.23310841375367,0.0
2024-01-01 12:05:00+00:00,102.23310841375367,102.25321285033336,102.0902108360034,102.0902108360034,0.0
2024-01-01 12:06:00+00:00,102.0902108360034,102.19288367307148,102.0902108360034,102.18049027620256,0.0
2024-01-01 12:07:00+00:00,102.18049027620256,102.18049027620256,102.05892519645275,102.10773857798038,0.0
2024-01-01 12:08:00+00:00,102.10773857798038,102.26250245638937,102.09738815598696,102.26250245638937,0.0
2024-01-01 12:09:00+00:00,102.26250245638937,102.40505864586373,102.25782902445629,102.40505864586373,0.0
2024-01-01 12:10:00+00:00,102.40505864586373,102.41444107739366,102.30648106844998,102.33116199031045,0.0
2024-01-01 12:11:00+00:00,102.33116199031045,102.33116199031045,102.053109104348,102.053109104348,0.0
2024-01-01 12:12:00+00:00,102.053109104348,102.15253465669944,102.00894059077858,102.12148406461962,0.0
2024-01-01 12:13:00+00:00,102.12148406461962,102.17082685699063,102.09148432778777,102.12114601952167,0.0
2024-01-01 12:14:00+00:00,102.12114601952167,102.1300884285301,102.006554377516,102.11894468967785,0.0
2024-01-01 12:15:00+00:00,102.11894468967785,102.1794091969839,102.01367093936942,102.01367093936942,0.0
2024-01-01 12:16:00+00:00,102.01367093936942,102.11064366713902,101.96301598752387,101.97327975979654,0.0
2024-01-01 12:17:00+00:00,101.97327975979654,102.09922523280112,101.97327975979654,102.01494659083536,0.0
2024-01-01 12:18:00+00:00,102.01494659083536,102.04389873440418,101.96251058011646,102.04389873440418,0.0
2024-01-01 12:19:00+00:00,102.04389873440418,102.15445727827974,102.02609285943463,102.11284590379428,0.0
2024-01-01 12:20:00+00:00,102.11284590379428,102.21582588332296,102.11284590379428,102.21582588332296,0.0
2024-01-01 12:21:00+00:00,102.21582588332296,102.24389988433411,102.09925216292766,102.24389988433411,0.0
2024-01-01 12:22:00+00:00,102.24389988433411,102.25275335811577,102.08109418571165,102.12405454135373,0.0
2024-01-01 12:23:00+00:00,102.12405454135373,102.161126401367,101.8686637802066,101.87553452177544,0.0
2024-01-01 12:24:00+00:00,101.87553452177544,101.91597809606554,101.74325015889448,101.74373061944294,0.0
2024-01-01 12:25:00+00:00,101.74373061944294,101.74373061944294,101.48911998829617,101.5372644118095,0.0
2024-01-01 12:26:00+00:00,101.5372644118095,101.54347270897786,101.45647512500894,101.46672430920198,0.0
2024-01-01 12:27:00+00:00,101.46672430920198,101.46865850296116,101.22849096143943,101.25812377732672,0.0
2024-01-01 12:28:00+00:00,101.25812377732672,101.44755420686718,101.25812377732672,101.44755420686718,0.0
2024-01-01 12:29:00+00:00,101.44755420686718,101.58677223117577,101.39347047212149,101.54055681337108,0.0
2024-01-01 12:30:00+00:00,101.54055681337108,101.60057452723106,101.44121609648414,101.50392941138134,0.0
2024-01-01 12:31:00+00:00,101.50392941138134,101.57018489158429,101.50392941138134,101.5413336522177,0.0
2024-01-01 12:32:00+00:00,101.5413336522177,101.60553893089532,101.49552894569176,101.49552894569176,0.0
2024-01-01 12:33:00+00:00,101.49552894569176,101.77056772593342,101.49552894569176,101.7211869479565,0.0
2024-01-01 12:34:00+00:00,101.7211869479565,101.81606562420014,101.69232173195209,101.76490353746907,0.0
2024-01-01 12:35:00+00:00,101.76490353746907,101.76490353746907,101.6770701816359,101.76026120904291,0.0
2024-01-01 12:36:00+00:00,101.76026120904291,101.79416168619126,101.71517101575743,101.73264366354594,0.0
2024-01-01 12:37:00+00:00,101.73264366354594,101.73264366354594,101.64200846973073,101.6845933719185,0.0
2024-01-01 12:38:00+00:00,101.6845933719185,101.74581843876472,101.6406935020032,101.65520309459727,0.0
2024-01-01 12:39:00+00:00,101.65520309459727,101.65520309459727,101.5622076951276,101.64011074136452,0.0
2024-01-01 12:40:00+00:00,101.64011074136452,101.74593838152956,101.608074735662,101.6311008032366,0.0
2024-01-01 12:41:00+00:00,101.6311008032366,101.64820098031905,101.49442723085738,101.52163163612863,0.0
2024-01-01 12:42:00+00:00,101.52163163612863,101.52163163612863,101.32339904736354,101.36172498580758,0.0
2024-01-01 12:43:00+00:00,101.36172498580758,101.4287380579541,101.32824298574431,101.40191852158227,0.0
2024-01-01 12:44:00+00:00,101.40191852158227,101.53473881106653,101.40191852158227,101.47358058435204,0.0
2024-01-01 12:45:00+00:00,101.47358058435204,101.50247277414361,101.3734097718278,101.47369303735643,0.0
2024-01-01 12:46:00+00:00,101.47369303735643,101.70740787415366,101.47369303735643,101.70740787415366,0.0
2024-01-01 12:47:00+00:00,101.70740787415366,101.74040136377114,101.58007444491464,101.6774206851206,0.0
2024-01-01 12:48:00+00:00,101.6774206851206,101.78757802331796,101.6774206851206,101.71631360267338,0.0
2024-01-01 12:49:00+00:00,101.71631360267338,101.78392876492929,101.69938765280308,101.74594527785027,0.0
2024-01-01 12:50:00+00:00,101.74594527785027,101.84959913903468,101.74594527785027,101.81392925823786,0.0
2024-01-01 12:51:00+00:00,101.81392925823786,101.81715987974029,101.70849666583281,101.70849666583281,0.0
2024-01-01 12:52:00+00:00,101.70849666583281,101.71934704930192,101.65522830677283,101.68176527899979,0.0
2024-01-01 12:53:00+00:00,101.68176527899979,101.95584037249454,101.68176527899979,101.95584037249454,0.0
2024-01-01 12:54:00+00:00,101.95584037249454,102.0095835023174,101.93805603805257,101.97246384265418,0.0
2024-01-01 12:55:00+00:00,101.97246384265418,102.04901696265945,101.97246384265418,102.04901696265945,0.0
2024-01-01 12:56:00+00:00,102.04901696265945,102.15904498134815,102.0358478054931,102.08561157325437,0.0
2024-01-01 12:57:00+00:00,102.08561157325437,102.1747065699958,102.08561157325437,102.09319698179341,0.0
2024-01-01 12:58:00+00:00,102.09319698179341,102.09319698179341,101.9035222337324,101.9035222337324,0.0
2024-01-01 12:59:00+00:00,101.9035222337324,101.95351010309392,101.86008545516484,101.8715916715952,0.0
2024-01-01 13:00:00+00:00,101.8715916715952,101.95242650567334,101.8715916715952,101.95242650567334,0.0
2024-01-01 13:01:00+00:00,101.95242650567334,101.97003369420682,101.86106947679319,101.88171269130561,0.0
2024-01-01 13:02:00+00:00,101.88171269130561,101.90405509926356,101.74298328884593,101.74570818918232,0.0
2024-01-01 13:03:00+00:00,101.74570818918232,101.74570818918232,101.5912543517418,101.65190881788124,0.0
2024-01-01 13:04:00+00:00,101.65190881788124,101.70985451541638,101.58847849399635,101.58847849399635,0.0
2024-01-01 13:05:00+00:00,101.58847849399635,101.69455981076214,101.46553732248991,101.46553732248991,0.0
2024-01-01 13:06:00+00:00,101.46553732248991,101.56913862967706,101.43668409304412,101.43668409304412,0.0
2024-01-01 13:07:00+00:00,101.43668409304412,101.45538820425654,101.34906750806374,101.3755620053194,0.0
2024-01-01 13:08:00+00:00,101.3755620053194,101.42984430546332,101.35795360374149,101.41529182861909,0.0
2024-01-01 13:09:00+00:00,101.41529182861909,101.43811823420675,101.36987105969207,101.38362298383413,0.0
2024-01-01 13:10:00+00:00,101.38362298383413,101.59815273891166,101.38362298383413,101.58060114762134,0.0
2024-01-01 13:11:00+00:00,101.58060114762134,101.65930550191119,101.53482744463436,101.53482744463436,0.0
2024-01-01 13:12:00+00:00,101.53482744463436,101.54398294432386,101.33820313692254,101.37508796467864,0.0
2024-01-01 13:13:00+00:00,101.37508796467864,101.5347906248222,101.37508796467864,101.5347906248222,0.0
2024-01-01 13:14:00+00:00,101.5347906248222,101.5347906248222,101.39430645257127,101.40037152977716,0.0
2024-01-01 13:15:00+00:00,101.40037152977716,101.48559290315404,101.40037152977716,101.48559290315404,0.0
2024-01-01 13:16:00+00:00,101.48559290315404,101.60566390946663,101.47069044402375,101.55593941827316,0.0
2024-01-01 13:17:00+00:00,101.55593941827316,101.55593941827316,101.44997888587213,101.50844191597204,0.0
2024-01-01 13:18:00+00:00,101.50844191597204,101.50844191597204,101.44113978441084,101.46265042458992,0.0
2024-01-01 13:19:00+00:00,101.46265042458992,101.46488631518574,101.38123738154748,101.42437377598398,0.0
2024-01-01 13:20:00+00:00,101.42437377598398,101.44674654217941,101.34900021875131,101.4132369571693,0.0
2024-01-01 13:21:00+00:00,101.4132369571693,101.45262455526702,101.32260830521473,101.37898283589817,0.0
2024-01-01 13:22:00+00:00,101.37898283589817,101.49014781162911,101.35678675684247,101.41713525196016,0.0
2024-01-01 13:23:00+00:00,101.41713525196016,101.47655785554292,101.39349258133247,101.46169693780956,0.0
2024-01-01 13:24:00+00:00,101.46169693780956,101.4965745120315,101.27587028314215,101.29474700756212,0.0
2024-01-01 13:25:00+00:00,101.29474700756212,101.30321569235099,101.24760608401513,101.24846020000946,0.0
2024-01-01 13:26:00+00:00,101.24846020000946,101.26726450154167,101.17820561478345,101.26389835402865,0.0
2024-01-01 13:27:00+00:00,101.26389835402865,101.4614711783562,101.26389835402865,101.4614711783562,0.0
2024-01-01 13:28:00+00:00,101.4614711783562,101.61467783406538,101.4614711783562,101.58874574005809,0.0
2024-01-01 13:29:00+00:00,101.58874574005809,101.62309406628482,101.50723635550337,101.540244710803,0.0
2024-01-01 13:30:00+00:00,101.540244710803,101.71856106421247,101.540244710803,101.71364508251558,0.0
2024-01-01 13:31:00+00:00,101.71364508251558,101.71364508251558,101.62688023403425,101.65803186981975,0.0
2024-01-01 13:32:00+00:00,101.65803186981975,101.73618521572473,101.62509169616642,101.73618521572473,0.0
2024-01-01 13:33:00+00:00,101.73618521572473,101.82802084732226,101.73618521572473,101.788522971625,0.0
2024-01-01 13:34:00+00:00,101.788522971625,101.84263893409265,101.72029930931555,101.7660936264458,0.0
2024-01-01 13:35:00+00:00,101.7660936264458,101.79904921142645,101.69422833193569,101.69422833193569,0.0
2024-01-01 13:36:00+00:00,101.69422833193569,101.70287242162416,101.5944124015991,101.68141806522692,0.0
2024-01-01 13:37:00+00:00,101.68141806522692,101.74585275873434,101.60531081889225,101.60531081889225,0.0
2024-01-01 13:38:00+00:00,101.60531081889225,101.67178432248367,101.55638996337844,101.59279478732705,0.0
2024-01-01 13:39:00+00:00,101.59279478732705,101.59279478732705,101.4812345185454,101.4812345185454,0.0
2024-01-01 13:40:00+00:00,101.4812345185454,101.49103496200155,101.44410393936889,101.48771240900588,0.0
2024-01-01 13:41:00+00:00,101.48771240900588,101.53496216721501,101.44062211476626,101.49731278144121,0.0
2024-01-01 13:42:00+00:00,101.49731278144121,101.53188842686532,101.48027660296773,101.48041590638732,0.0
2024-01-01 13:43:00+00:00,101.48041590638732,101.57878227610648,101.47757103877453,101.57878227610648,0.0
2024-01-01 13:44:00+00:00,101.57878227610648,101.57878227610648,101.39779002579363,101.41832905401749,0.0
2024-01-01 13:45:00+00:00,101.41832905401749,101.46942668798741,101.32860880750877,101.32860880750877,0.0
2024-01-01 13:46:00+00:00,101.32860880750877,101.36571551021746,101.27399560105549,101.32905296600687,0.0
2024-01-01 13:47:00+00:00,101.32905296600687,101.35354670324583,101.29441123657368,101.32842039668795,0.0
2024-01-01 13:48:00+00:00,101.32842039668795,101.41089140366785,101.31265323822545,101.40624651263839,0.0
2024-01-01 13:49:00+00:00,101.40624651263839,101.53277538102424,101.40624651263839,101.43486929766246,0.0
2024-01-01 13:50:00+00:00,101.43486929766246,101.45517772844038,101.28521246934909,101.32985141126703,0.0
2024-01-01 13:51:00+00:00,101.32985141126703,101.44224121858166,101.26975201794178,101.44224121858166,0.0
2024-01-01 13:52:00+00:00,101.44224121858166,101.66952723698135,101.44224121858166,101.66952723698135,0.0
2024-01-01 13:53:00+00:00,101.66952723698135,101.77805117817752,101.65129285042003,101.77805117817752,0.0
2024-01-01 13:54:00+00:00,101.77805117817752,101.84790950832166,101.76432781176062,101.82123946996069,0.0
2024-01-01 13:55:00+00:00,101.82123946996069,102.05340478306687,101.81138247343137,102.02510602954453,0.0
2024-01-01 13:56:00+00:00,102.02510602954453,102.0977850035563,102.0058834909095,102.0058834909095,0.0
2024-01-01 13:57:00+00:00,102.0058834909095,102.06288538043725,101.92555371634846,101.94507383357079,0.0
2024-01-01 13:58:00+00:00,101.94507383357079,101.94507383357079,101.76717172075773,101.82355333374278,0.0
2024-01-01 13:59:00+00:00,101.82355333374278,101.82355333374278,101.66365796317278,101.7314957552623,0.0
2024-01-01 14:00:00+00:00,101.7314957552623,101.7314957552623,101.60693723547453,101.62409795985985,0.0
2024-01-01 14:01:00+00:00,101.62409795985985,101.63780041415353,101.59042446236569,101.61033193589999,0.0
2024-01-01 14:02:00+00:00,101.61033193589999,101.72813662487546,101.61033193589999,101.68118599163299,0.0
2024-01-01 14:03:00+00:00,101.68118599163299,101.70467167087328,101.60814281794681,101.60814281794681,0.0
2024-01-01 14:04:00+00:00,101.60814281794681,101.7225595138466,101.57636463442766,101.7225595138466,0.0
2024-01-01 14:05:00+00:00,101.7225595138466,101.74511269574097,101.68080844833449,101.71786701645274,0.0
2024-01-01 14:06:00+00:00,101.71786701645274,101.73926363406552,101.61586356978783,101.61586356978783,0.0
2024-01-01 14:07:00+00:00,101.61586356978783,101.70854660149962,101.57877540477203,101.70262133095454,0.0
2024-01-01 14:08:00+00:00,101.70262133095454,101.79046558248733,101.66963224374184,101.66963224374184,0.0
2024-01-01 14:09:00+00:00,101.66963224374184,101.71074060766622,101.5862402336958,101.66216183388515,0.0
2024-01-01 14:10:00+00:00,101.66216183388515,101.66216183388515,101.40575524499945,101.50304570730546,0.0
2024-01-01 14:11:00+00:00,101.50304570730546,101.56655415021622,101.46464697939757,101.56655415021622,0.0
2024-01-01 14:12:00+00:00,101.56655415021622,101.6305816347785,101.50144912722709,101.53745693854877,0.0
2024-01-01 14:13:00+00:00,101.53745693854877,101.58082833083589,101.42571148530492,101.53738994517546,0.0
2024-01-01 14:14:00+00:00,101.53738994517546,101.61124999450286,101.52527274635707,101.52527274635707,0.0
2024-01-01 14:15:00+00:00,101.52527274635707,101.59138535571371,101.46712027957562,101.46712027957562,0.0
2024-01-01 14:16:00+00:00,101.46712027957562,101.48605714089868,101.43837162614,101.48605714089868,0.0
2024-01-01 14:17:00+00:00,101.48605714089868,101.59841356406147,101.48605714089868,101.59841356406147,0.0
2024-01-01 14:18:00+00:00,101.59841356406147,101.72806896811935,101.59841356406147,101.72806896811935,0.0
2024-01-01 14:19:00+00:00,101.72806896811935,101.9136834894864,101.68953711737196,101.9136834894864,0.0
2024-01-01 14:20:00+00:00,101.9136834894864,101.94638444039494,101.90221330041211,101.9203709379523,0.0
2024-01-01 14:21:00+00:00,101.9203709379523,101.9203709379523,101.66116865742596,101.66116865742596,0.0
2024-01-01 14:22:00+00:00,101.66116865742596,101.75612628102476,101.66116865742596,101.66859321277735,0.0
2024-01-01 14:23:00+00:00,101.66859321277735,101.70296521512088,101.62193976735368,101.62193976735368,0.0
2024-01-01 14:24:00+00:00,101.62193976735368,101.62193976735368,101.55917271628755,101.60967668773799,0.0
2024-01-01 14:25:00+00:00,101.60967668773799,101.60967668773799,101.50715551484046,101.55545660491177,0.0
2024-01-01 14:26:00+00:00,101.55545660491177,101.68771068391656,101.55545660491177,101.65497640435578,0.0
2024-01-01 14:27:00+00:00,101.65497640435578,101.72342701341847,101.6367105106988,101.67107891849086,0.0
2024-01-01 14:28:00+00:00,101.67107891849086,101.75423400645559,101.60606348509982,101.75423400645559,0.0
2024-01-01 14:29:00+00:00,101.75423400645559,101.82107879950837,101.67058895631145,101.67267402646856,0.0
2024-01-01 14:30:00+00:00,101.67267402646856,101.84403745277488,101.67267402646856,101.76720371134914,0.0
2024-01-01 14:31:00+00:00,101.76720371134914,101.76720371134914,101.64472410291397,101.67786218470657,0.0
2024-01-01 14:32:00+00:00,101.67786218470657,101.70102827884938,101.62849170811151,101.62849170811151,0.0
2024-01-01 14:33:00+00:00,101.62849170811151,101.63280254995061,101.48108088650577,101.52633506737386,0.0
2024-01-01 14:34:00+00:00,101.52633506737386,101.60337040481458,101.45702776767695,101.45702776767695,0.0
2024-01-01 14:35:00+00:00,101.45702776767695,101.54884168907473,101.45702776767695,101.50387033992762,0.0
2024-01-01 14:36:00+00:00,101.50387033992762,101.53536364054881,101.42534027016113,101.43787224671837,0.0
2024-01-01 14:37:00+00:00,101.43787224671837,101.45476600042043,101.33756130890055,101.3926881013656,0.0
2024-01-01 14:38:00+00:00,101.3926881013656,101.3926881013656,101.30293649476046,101.30293649476046,0.0
2024-01-01 14:39:00+00:00,101.30293649476046,101.38696226340625,101.22767869134388,101.38696226340625,0.0
2024-01-01 14:40:00+00:00,101.38696226340625,101.41525660706118,101.31003322259106,101.40318899293443,0.0
2024-01-01 14:41:00+00:00,101.40318899293443,101.44965291763945,101.3504428977543,101.3504428977543,0.0
2024-01-01 14:42:00+00:00,101.3504428977543,101.42627147456827,101.3504428977543,101.38147957431273,0.0
2024-01-01 14:43:00+00:00,101.38147957431273,101.38745362431783,101.29966875099572,101.32084750683286,0.0
2024-01-01 14:44:00+00:00,101.32084750683286,101.39294837357458,101.20706972359167,101.20706972359167,0.0
2024-01-01 14:45:00+00:00,101.20706972359167,101.20706972359167,101.12111178705239,101.12902667445535,0.0
2024-01-01 14:46:00+00:00,101.12902667445535,101.18045372929123,101.05552610483075,101.05552610483075,0.0
2024-01-01 14:47:00+00:00,101.05552610483075,101.12355462959978,101.03798018560755,101.08752800648968,0.0
2024-01-01 14:48:00+00:00,101.08752800648968,101.15568375731122,101.01851803460028,101.0763822807362,0.0
2024-01-01 14:49:00+00:00,101.0763822807362,101.16840643466871,101.06153025720369,101.06986618228106,0.0
2024-01-01 14:50:00+00:00,101.06986618228106,101.08764688242367,100.92059261505196,100.96662223427772,0.0
2024-01-01 14:51:00+00:00,100.96662223427772,101.1954395155773,100.96662223427772,101.12094114261502,0.0
2024-01-01 14:52:00+00:00,101.12094114261502,101.12094114261502,100.9957404386005,101.06186488809325,0.0
2024-01-01 14:53:00+00:00,101.06186488809325,101.06186488809325,100.94371721809871,101.04144132793286,0.0
2024-01-01 14:54:00+00:00,101.04144132793286,101.07511915219453,100.88044947896148,100.88044947896148,0.0
2024-01-01 14:55:00+00:00,100.88044947896148,100.88187048475903,100.83037192063273,100.83037192063273,0.0
2024-01-01 14:56:00+00:00,100.83037192063273,100.8915499301513,100.76951743185138,100.76951743185138,0.0
2024-01-01 14:57:00+00:00,100.76951743185138,100.79710252058972,100.66051317760724,100.71653803469599,0.0
2024-01-01 14:58:00+00:00,100.71653803469599,100.82998055489094,100.71653803469599,100.72997769792339,0.0
2024-01-01 14:59:00+00:00,100.72997769792339,100.8546752502116,100.72997769792339,100.8546752502116,0.0
2024-01-01 15:00:00+00:00,100.8546752502116,100.86938251432377,100.73732516837639,100.75718747899616,0.0
2024-01-01 15:01:00+00:00,100.75718747899616,100.77181323968121,100.67242414827804,100.77181323968121,0.0
2024-01-01 15:02:00+00:00,100.77181323968121,100.90032206531932,100.77181323968121,100.90032206531932,0.0
2024-01-01 15:03:00+00:00,100.90032206531932,100.94206791711261,100.8016420077089,100.8016420077089,0.0
2024-01-01 15:04:00+00:00,100.8016420077089,100.91189256737546,100.8016420077089,100.8171457194399,0.0
2024-01-01 15:05:00+00:00,100.8171457194399,100.8878345338765,100.79381073597636,100.86445309191235,0.0
2024-01-01 15:06:00+00:00,100.86445309191235,100.86977516277697,100.8005250104551,100.81744698197278,0.0
2024-01-01 15:07:00+00:00,100.81744698197278,100.86998372248438,100.75341773903176,100.83452527671821,0.0
2024-01-01 15:08:00+00:00,100.83452527671821,100.87465324400357,100.80360046417064,100.87465324400357,0.0
2024-01-01 15:09:00+00:00,100.87465324400357,100.9341576040214,100.83616687510047,100.84896064649317,0.0
2024-01-01 15:10:00+00:00,100.84896064649317,100.84896064649317,100.75109864688397,100.83958249123283,0.0
2024-01-01 15:11:00+00:00,100.83958249123283,100.8959423068374,100.79010275257352,100.87850812943158,0.0
2024-01-01 15:12:00+00:00,100.87850812943158,101.10597251915866,100.87850812943158,101.10597251915866,0.0
2024-01-01 15:13:00+00:00,101.10597251915866,101.1418141767504,101.04912620257844,101.1418141767504,0.0
2024-01-01 15:14:00+00:00,101.1418141767504,101.24097835638985,101.09496635399617,101.20971429737781,0.0
2024-01-01 15:15:00+00:00,101.20971429737781,101.20971429737781,101.03188785169536,101.14132912591893,0.0
2024-01-01 15:16:00+00:00,101.14132912591893,101.354370680728,101.14132912591893,101.354370680728,0.0
2024-01-01 15:17:00+00:00,101.354370680728,101.52280974801388,101.34495287053629,101.52280974801388,0.0
2024-01-01 15:18:00+00:00,101.52280974801388,101.55538140966291,101.47712117990922,101.53575475537502,0.0
2024-01-01 15:19:00+00:00,101.53575475537502,101.56747068623814,101.4577422667442,101.47479547791869,0.0
2024-01-01 15:20:00+00:00,101.47479547791869,101.55599812451679,101.44766114598625,101.54668780569922,0.0
2024-01-01 15:21:00+00:00,101.54668780569922,101.68008122800448,101.54668780569922,101.66122558570738,0.0
2024-01-01 15:22:00+00:00,101.66122558570738,101.74614932748753,101.60814497216816,101.74614932748753,0.0
2024-01-01 15:23:00+00:00,101.74614932748753,101.77772271956509,101.68874971872079,101.69127538456681,0.0
2024-01-01 15:24:00+00:00,101.69127538456681,101.75496866944803,101.66447316440596,101.66447316440596,0.0
2024-01-01 15:25:00+00:00,101.66447316440596,101.68929034251845,101.59312214948493,101.68929034251845,0.0
2024-01-01 15:26:00+00:00,101.68929034251845,101.80824548964502,101.6518552323315,101.80824548964502,0.0
2024-01-01 15:27:00+00:00,101.80824548964502,101.85073032440555,101.58954526891137,101.58954526891137,0.0
2024-01-01 15:28:00+00:00,101.58954526891137,101.7227646422634,101.57691865512209,101.70058174429444,0.0
2024-01-01 15:29:00+00:00,101.70058174429444,101.70058174429444,101.51483338895069,101.60432767024386,0.0
2024-01-01 15:30:00+00:00,101.60432767024386,101.66561089856562,101.55792013406783,101.66561089856562,0.0
2024-01-01 15:31:00+00:00,101.66561089856562,101.66821076083232,101.60634552977822,101.63952742934708,0.0
2024-01-01 15:32:00+00:00,101.63952742934708,101.74599275153905,101.62981079245698,101.67461201461188,0.0
2024-01-01 15:33:00+00:00,101.67461201461188,101.92772946297696,101.67461201461188,101.8428179269288,0.0
2024-01-01 15:34:00+00:00,101.8428179269288,102.03014158437072,101.8428179269288,101.91041512285481,0.0
2024-01-01 15:35:00+00:00,101.91041512285481,101.97422399671417,101.90643318580715,101.9072976964613,0.0
2024-01-01 15:36:00+00:00,101.9072976964613,101.91924026003528,101.85155014636571,101.86011996688948,0.0
2024-01-01 15:37:00+00:00,101.86011996688948,101.91601449655046,101.80959273354154,101.86713521233978,0.0
2024-01-01 15:38:00+00:00,101.86713521233978,101.86713521233978,101.78485510203055,101.82220804435862,0.0
2024-01-01 15:39:00+00:00,101.82220804435862,101.9242835127601,101.8106003193317,101.9242835127601,0.0
2024-01-01 15:40:00+00:00,101.9242835127601,101.9969071883877,101.89718506308418,101.96798000267822,0.0
2024-01-01 15:41:00+00:00,101.96798000267822,101.96798000267822,101.892539168446,101.91941482726646,0.0
2024-01-01 15:42:00+00:00,101.91941482726646,101.99313109219742,101.9161029222112,101.99313109219742,0.0
2024-01-01 15:43:00+00:00,101.99313109219742,102.11128471817266,101.99313109219742,102.07813219919267,0.0
2024-01-01 15:44:00+00:00,102.07813219919267,102.15147921147397,102.02308041522976,102.15147921147397,0.0
2024-01-01 15:45:00+00:00,102.15147921147397,102.15147921147397,101.97196176536649,102.03502439842141,0.0
2024-01-01 15:46:00+00:00,102.03502439842141,102.17375624432482,102.03502439842141,102.16426608627495,0.0
2024-01-01 15:47:00+00:00,102.16426608627495,102.26581398892355,102.13294045689169,102.13294045689169,0.0
2024-01-01 15:48:00+00:00,102.13294045689169,102.3165139312893,102.13294045689169,102.29591102967092,0.0
2024-01-01 15:49:00+00:00,102.29591102967092,102.32881909284148,102.08837104974633,102.08837104974633,0.0
2024-01-01 15:50:00+00:00,102.08837104974633,102.26894040518499,102.08837104974633,102.25040972591522,0.0
2024-01-01 15:51:00+00:00,102.25040972591522,102.32269322102213,102.20855365184359,102.32269322102213,0.0
2024-01-01 15:52:00+00:00,102.32269322102213,102.53883923994418,102.32176681259742,102.464863933571,0.0
2024-01-01 15:53:00+00:00,102.464863933571,102.53349768102774,102.43680474010519,102.43680474010519,0.0
2024-01-01 15:54:00+00:00,102.43680474010519,102.49638589965703,102.37473527845579,102.37936818221344,0.0
2024-01-01 15:55:00+00:00,102.37936818221344,102.48925096455388,102.36911159028746,102.48925096455388,0.0
2024-01-01 15:56:00+00:00,102.48925096455388,102.55702033106162,102.41953531415787,102.55702033106162,0.0
2024-01-01 15:57:00+00:00,102.55702033106162,102.65409904790766,102.55702033106162,102.56335680291677,0.0
2024-01-01 15:58:00+00:00,102.56335680291677,102.67886159817637,102.54190498627169,102.67550554815955,0.0
2024-01-01 15:59:00+00:00,102.67550554815955,102.70594863148332,102.62632278723798,102.70033070529806,0.0
2024-01-01 16:00:00+00:00,102.70033070529806,102.71252138880625,102.58637401220004,102.60700076393019,0.0
2024-01-01 16:01:00+00:00,102.60700076393019,102.680572893882,102.60629915302772,102.64921006053076,0.0
2024-01-01 16:02:00+00:00,102.64921006053076,102.80085508820866,102.64921006053076,102.7806874597999,0.0
2024-01-01 16:03:00+00:00,102.7806874597999,102.85268620517203,102.76168512317545,102.85268620517203,0.0
2024-01-01 16:04:00+00:00,102.85268620517203,102.91432239237714,102.8285461869935,102.90297189371637,0.0
2024-01-01 16:05:00+00:00,102.90297189371637,103.07356552376432,102.90297189371637,103.04503540187227,0.0
2024-01-01 16:06:00+00:00,103.04503540187227,103.12504132289929,103.04503540187227,103.09188920971356,0.0
2024-01-01 16:07:00+00:00,103.09188920971356,103.09939096525814,102.95811167270693,103.08063513114243,0.0
2024-01-01 16:08:00+00:00,103.08063513114243,103.08063513114243,102.91680249171843,102.95516658658183,0.0
2024-01-01 16:09:00+00:00,102.95516658658183,103.00970061431671,102.92740095534516,102.94250968388614,0.0
2024-01-01 16:10:00+00:00,102.94250968388614,102.9433256947664,102.8517463269201,102.86708578200238,0.0
2024-01-01 16:11:00+00:00,102.86708578200238,102.94921163049119,102.73434867661263,102.73826650231713,0.0
2024-01-01 16:12:00+00:00,102.73826650231713,102.74820436193568,102.63497047262678,102.70451333945441,0.0
2024-01-01 16:13:00+00:00,102.70451333945441,102.74470130935393,102.64845342524102,102.74470130935393,0.0
2024-01-01 16:14:00+00:00,102.74470130935393,102.9221118516084,102.74023905629957,102.9221118516084,0.0
2024-01-01 16:15:00+00:00,102.9221118516084,102.9221118516084,102.75769017645145,102.75769017645145,0.0
2024-01-01 16:16:00+00:00,102.75769017645145,102.76601422537489,102.58610738450696,102.6108227076586,0.0
2024-01-01 16:17:00+00:00,102.6108227076586,102.84499537241607,102.6042572152082,102.80258977089163,0.0
2024-01-01 16:18:00+00:00,102.80258977089163,102.86171851636024,102.77598164201346,102.77598164201346,0.0
2024-01-01 16:19:00+00:00,102.77598164201346,102.88889575072564,102.76111741453391,102.88889575072564,0.0
2024-01-01 16:20:00+00:00,102.88889575072564,103.00669322026455,102.88818163395815,102.9675542517083,0.0
2024-01-01 16:21:00+00:00,102.9675542517083,103.09143373739259,102.9675542517083,103.03942920284378,0.0
2024-01-01 16:22:00+00:00,103.03942920284378,103.06297478399772,102.97729698892505,103.02594906924693,0.0
2024-01-01 16:23:00+00:00,103.02594906924693,103.10326200219438,102.97740212882677,103.06231787730353,0.0
2024-01-01 16:24:00+00:00,103.06231787730353,103.14923686551994,102.95075085477015,102.98002661515724,0.0
2024-01-01 16:25:00+00:00,102.98002661515724,103.0917225387049,102.98002661515724,103.07206021375286,0.0
2024-01-01 16:26:00+00:00,103.07206021375286,103.07206021375286,102.83674296392641,102.83674296392641,0.0
2024-01-01 16:27:00+00:00,102.83674296392641,102.89347917807108,102.77694822830496,102.79391822735599,0.0
2024-01-01 16:28:00+00:00,102.79391822735599,102.79391822735599,102.67127668071278,102.6971438209583,0.0
2024-01-01 16:29:00+00:00,102.6971438209583,102.6971438209583,102.61975192704601,102.66499073222941,0.0
2024-01-01 16:30:00+00:00,102.66499073222941,102.85865722718263,102.66499073222941,102.85865722718263,0.0
2024-01-01 16:31:00+00:00,102.85865722718263,102.94886472393443,102.76877341806942,102.78625345061772,0.0
2024-01-01 16:32:00+00:00,102.78625345061772,102.85915113046126,102.75373501961543,102.85915113046126,0.0
2024-01-01 16:33:00+00:00,102.85915113046126,102.87603420659421,102.81504577214612,102.86074329682394,0.0
2024-01-01 16:34:00+00:00,102.86074329682394,102.99100654494956,102.82544909634137,102.98897340856301,0.0
2024-01-01 16:35:00+00:00,102.98897340856301,103.05907816512976,102.95103457905475,103.01310471210896,0.0
2024-01-01 16:36:00+00:00,103.01310471210896,103.01310471210896,102.90752948478944,102.90752948478944,0.0
2024-01-01 16:37:00+00:00,102.90752948478944,102.93558075372867,102.85948405520533,102.91342924305786,0.0
2024-01-01 16:38:00+00:00,102.91342924305786,102.91342924305786,102.69305538201634,102.71247126552062,0.0
2024-01-01 16:39:00+00:00,102.71247126552062,102.73299172738193,102.66536236563712,102.67655768840976,0.0
2024-01-01 16:40:00+00:00,102.67655768840976,102.7319870885896,102.60482854554967,102.64358547027446,0.0
2024-01-01 16:41:00+00:00,102.64358547027446,102.72746814902911,102.55613474392453,102.72746814902911,0.0
2024-01-01 16:42:00+00:00,102.72746814902911,102.83988352017917,102.69544077803958,102.83988352017917,0.0
2024-01-01 16:43:00+00:00,102.83988352017917,102.85552277052314,102.7570987515354,102.83793253536089,0.0
2024-01-01 16:44:00+00:00,102.83793253536089,102.83793253536089,102.71508034250624,102.76316035383566,0.0
2024-01-01 16:45:00+00:00,102.76316035383566,102.76316035383566,102.65498851457895,102.68020896083391,0.0
2024-01-01 16:46:00+00:00,102.68020896083391,102.77113543589996,102.68020896083391,102.77113543589996,0.0
2024-01-01 16:47:00+00:00,102.77113543589996,102.77518453693122,102.6897703097456,102.71888846381279,0.0
2024-01-01 16:48:00+00:00,102.71888846381279,102.71888846381279,102.61629963972015,102.61629963972015,0.0
2024-01-01 16:49:00+00:00,102.61629963972015,102.7229306263225,102.60619933123881,102.62858620630685,0.0
2024-01-01 16:50:00+00:00,102.62858620630685,102.64268926174647,102.57315453571633,102.61206143798293,0.0
2024-01-01 16:51:00+00:00,102.61206143798293,102.61206143798293,102.53751960535168,102.60231274248522,0.0
2024-01-01 16:52:00+00:00,102.60231274248522,102.66215841513252,102.57861798666688,102.57861798666688,0.0
2024-01-01 16:53:00+00:00,102.57861798666688,102.57861798666688,102.4677417998988,102.4677417998988,0.0
2024-01-01 16:54:00+00:00,102.4677417998988,102.47415785762475,102.39380104459127,102.39638185054376,0.0
2024-01-01 16:55:00+00:00,102.39638185054376,102.50641914211963,102.39638185054376,102.43674073591174,0.0
2024-01-01 16:56:00+00:00,102.43674073591174,102.48665808631968,102.40167455767836,102.48665808631968,0.0
2024-01-01 16:57:00+00:00,102.48665808631968,102.59929100343744,102.48665808631968,102.56920557568081,0.0
2024-01-01 16:58:00+00:00,102.56920557568081,102.56920557568081,102.30934355643654,102.39265798587456,0.0
2024-01-01 16:59:00+00:00,102.39265798587456,102.46248456002255,102.3592593934489,102.35949030821683,0.0
2024-01-01 17:00:00+00:00,102.35949030821683,102.48552906750757,102.3090490101913,102.3090490101913,0.0
2024-01-01 17:01:00+00:00,102.3090490101913,102.42904325066948,102.30685330571222,102.39575834557198,0.0
2024-01-01 17:02:00+00:00,102.39575834557198,102.3957889199221,102.27526064823371,102.27526064823371,0.0
2024-01-01 17:03:00+00:00,102.27526064823371,102.35706700373656,102.1817281735124,102.21019215542981,0.0
2024-01-01 17:04:00+00:00,102.21019215542981,102.3215115076914,102.20879491863509,102.30157169045665,0.0
2024-01-01 17:05:00+00:00,102.30157169045665,102.3415883331431,102.24635343934416,102.29085827825597,0.0
2024-01-01 17:06:00+00:00,102.29085827825597,102.30474371580587,102.21318758665439,102.27660550435729,0.0
2024-01-01 17:07:00+00:00,102.27660550435729,102.44865614434461,102.27402203659459,102.44865614434461,0.0
2024-01-01 17:08:00+00:00,102.44865614434461,102.49028263010685,102.44865614434461,102.47149533427876,0.0
2024-01-01 17:09:00+00:00,102.47149533427876,102.47845636889143,102.36397499329651,102.36397499329651,0.0
2024-01-01 17:10:00+00:00,102.36397499329651,102.50965157076725,102.34359057209358,102.47109183332951,0.0
2024-01-01 17:11:00+00:00,102.47109183332951,102.65862626145974,102.47109183332951,102.64857506252096,0.0
2024-01-01 17:12:00+00:00,102.64857506252096,102.72751751779126,102.59059586946441,102.65861264250904,0.0
2024-01-01 17:13:00+00:00,102.65861264250904,102.71852933244948,102.63223307325774,102.71370059814407,0.0
2024-01-01 17:14:00+00:00,102.71370059814407,102.78594181051798,102.69472692392222,102.70069944243083,0.0
2024-01-01 17:15:00+00:00,102.70069944243083,102.84495991263653,102.66383260901021,102.84495991263653,0.0
2024-01-01 17:16:00+00:00,102.84495991263653,102.84495991263653,102.71576510873793,102.71576510873793,0.0
2024-01-01 17:17:00+00:00,102.71576510873793,102.71576510873793,102.62064973087075,102.65068852943854,0.0
2024-01-01 17:18:00+00:00,102.65068852943854,102.71283229874987,102.5769925597134,102.66128597455554,0.0
2024-01-01 17:19:00+00:00,102.66128597455554,102.708973008348,102.54665114783229,102.6801211688101,0.0
2024-01-01 17:20:00+00:00,102.6801211688101,102.74984909896096,102.60865561938849,102.70227954665977,0.0
2024-01-01 17:21:00+00:00,102.70227954665977,102.8499156123158,102.70227954665977,102.84776868196718,0.0
2024-01-01 17:22:00+00:00,102.84776868196718,102.84776868196718,102.75465835036532,102.7741754615747,0.0
2024-01-01 17:23:00+00:00,102.7741754615747,102.8307692254392,102.62802365587306,102.62802365587306,0.0
2024-01-01 17:24:00+00:00,102.62802365587306,102.62802365587306,102.47474731288298,102.51517688991296,0.0
2024-01-01 17:25:00+00:00,102.51517688991296,102.54257514367906,102.41416634480788,102.4435105761319,0.0
2024-01-01 17:26:00+00:00,102.4435105761319,102.50425258157459,102.38838457541226,102.42256141259165,0.0
2024-01-01 17:27:00+00:00,102.42256141259165,102.46082189787627,102.29004505873387,102.45573886305114,0.0
2024-01-01 17:28:00+00:00,102.45573886305114,102.56894324261806,102.45573886305114,102.51342598225571,0.0
2024-01-01 17:29:00+00:00,102.51342598225571,102.53250625952221,102.47743489599043,102.489221267267,0.0
2024-01-01 17:30:00+00:00,102.489221267267,102.61462608809758,102.489221267267,102.49998397128756,0.0
2024-01-01 17:31:00+00:00,102.49998397128756,102.53231566746189,102.28064930446085,102.28064930446085,0.0
2024-01-01 17:32:00+00:00,102.28064930446085,102.40324777992684,102.2612368580845,102.35233702241612,0.0
2024-01-01 17:33:00+00:00,102.35233702241612,102.63195608302901,102.35233702241612,102.6270012783077,0.0
2024-01-01 17:34:00+00:00,102.6270012783077,102.75466483462736,102.6270012783077,102.75198677016408,0.0
2024-01-01 17:35:00+00:00,102.75198677016408,102.78827957086159,102.65406935059306,102.65406935059306,0.0
2024-01-01 17:36:00+00:00,102.65406935059306,102.67477406322537,102.54903654107862,102.66100023861745,0.0
2024-01-01 17:37:00+00:00,102.66100023861745,102.70073940298187,102.64658215304388,102.6939607673878,0.0
2024-01-01 17:38:00+00:00,102.6939607673878,102.74476915171888,102.67181728723494,102.74476915171888,0.0
2024-01-01 17:39:00+00:00,102.74476915171888,102.74476915171888,102.57419836273151,102.6113424384021,0.0
2024-01-01 17:40:00+00:00,102.6113424384021,102.76097855552065,102.6113424384021,102.76097855552065,0.0
2024-01-01 17:41:00+00:00,102.76097855552065,102.76097855552065,102.63886356350682,102.63886356350682,0.0
2024-01-01 17:42:00+00:00,102.63886356350682,102.66755665785357,102.56059489278357,102.60780500802193,0.0
2024-01-01 17:43:00+00:00,102.60780500802193,102.78304789335736,102.60780500802193,102.7140671995311,0.0
2024-01-01 17:44:00+00:00,102.7140671995311,102.90833123788428,102.69814927983745,102.90833123788428,0.0
2024-01-01 17:45:00+00:00,102.90833123788428,103.04692416279852,102.90833123788428,102.97193259691544,0.0
2024-01-01 17:46:00+00:00,102.97193259691544,103.01849191780195,102.91872778938657,102.9445546677732,0.0
2024-01-01 17:47:00+00:00,102.9445546677732,102.99648604834742,102.83721742694881,102.83721742694881,0.0
2024-01-01 17:48:00+00:00,102.83721742694881,102.84388636981392,102.68099722805488,102.68099722805488,0.0
2024-01-01 17:49:00+00:00,102.68099722805488,102.79434841563811,102.65193679327157,102.79434841563811,0.0
2024-01-01 17:50:00+00:00,102.79434841563811,102.80510637813164,102.74668345372832,102.80510637813164,0.0
2024-01-01 17:51:00+00:00,102.80510637813164,102.80775803970309,102.73152086195728,102.78897280953562,0.0
2024-01-01 17:52:00+00:00,102.78897280953562,102.80097426223999,102.63696806750188,102.64583268848457,0.0
2024-01-01 17:53:00+00:00,102.64583268848457,102.64583268848457,102.52874253048446,102.54392654229267,0.0
2024-01-01 17:54:00+00:00,102.54392654229267,102.59686902555062,102.51521500710581,102.51521500710581,0.0
2024-01-01 17:55:00+00:00,102.51521500710581,102.51521500710581,102.23375487347462,102.2813296250955,0.0
2024-01-01 17:56:00+00:00,102.2813296250955,102.39321399226894,102.2813296250955,102.36368473702476,0.0
2024-01-01 17:57:00+00:00,102.36368473702476,102.44189958867172,102.31280697391738,102.42526565003118,0.0
2024-01-01 17:58:00+00:00,102.42526565003118,102.42526565003118,102.24806730340454,102.24806730340454,0.0
2024-01-01 17:59:00+00:00,102.24806730340454,102.2575892878636,102.1671663654973,102.1768204978424,0.0
2024-01-01 18:00:00+00:00,102.1768204978424,102.20675110885259,102.04838249494597,102.1362333677953,0.0
2024-01-01 18:01:00+00:00,102.1362333677953,102.28268529107802,102.11635290483014,102.22389546050897,0.0
2024-01-01 18:02:00+00:00,102.22389546050897,102.22389546050897,101.95692967994451,102.00847250036718,0.0
2024-01-01 18:03:00+00:00,102.00847250036718,102.12620104739536,101.88334204810067,101.93969477632196,0.0
2024-01-01 18:04:00+00:00,101.93969477632196,101.9696048082058,101.88453442055156,101.9696048082058,0.0
2024-01-01 18:05:00+00:00,101.9696048082058,101.97400790364851,101.87737284362117,101.87737284362117,0.0
2024-01-01 18:06:00+00:00,101.87737284362117,101.99864435283081,101.87737284362117,101.89482202623316,0.0
2024-01-01 18:07:00+00:00,101.89482202623316,101.89482202623316,101.72296842342585,101.80971976717944,0.0
2024-01-01 18:08:00+00:00,101.80971976717944,101.86627796539284,101.73286965325188,101.86627796539284,0.0
2024-01-01 18:09:00+00:00,101.86627796539284,101.86627796539284,101.72628981622967,101.75608481485594,0.0
2024-01-01 18:10:00+00:00,101.75608481485594,101.75608481485594,101.59991985894798,101.59991985894798,0.0
2024-01-01 18:11:00+00:00,101.59991985894798,101.6563919423677,101.59991985894798,101.65317492448624,0.0
2024-01-01 18:12:00+00:00,101.65317492448624,101.65317492448624,101.43596933065834,101.43596933065834,0.0
2024-01-01 18:13:00+00:00,101.43596933065834,101.46316451905908,101.39355023470294,101.46316451905908,0.0
2024-01-01 18:14:00+00:00,101.46316451905908,101.53627060214046,101.42424313504989,101.42424313504989,0.0
2024-01-01 18:15:00+00:00,101.42424313504989,101.46277409998213,101.36600056352897,101.44464339758278,0.0
2024-01-01 18:16:00+00:00,101.44464339758278,101.51219206600075,101.35816428803416,101.51219206600075,0.0
2024-01-01 18:17:00+00:00,101.51219206600075,101.68763585873639,101.51219206600075,101.63694537275694,0.0
2024-01-01 18:18:00+00:00,101.63694537275694,101.63694537275694,101.51747585068821,101.58606299176985,0.0
2024-01-01 18:19:00+00:00,101.58606299176985,101.63103926837715,101.52902246543385,101.54214112102198,0.0
2024-01-01 18:20:00+00:00,101.54214112102198,101.62148029091209,101.49295902169193,101.62148029091209,0.0
2024-01-01 18:21:00+00:00,101.62148029091209,101.62148029091209,101.39289345035552,101.39289345035552,0.0
2024-01-01 18:22:00+00:00,101.39289345035552,101.43573622041848,101.34800780183046,101.42487238923616,0.0
2024-01-01 18:23:00+00:00,101.42487238923616,101.59818636781924,101.41632077140045,101.58996334601787,0.0
2024-01-01 18:24:00+00:00,101.58996334601787,101.760221197745,101.58996334601787,101.7102493904437,0.0
2024-01-01 18:25:00+00:00,101.7102493904437,101.7102493904437,101.29703296904842,101.30193464617454,0.0
2024-01-01 18:26:00+00:00,101.30193464617454,101.31838599372198,101.2119767022731,101.2119767022731,0.0
2024-01-01 18:27:00+00:00,101.2119767022731,101.25474987118365,101.14653960670118,101.15743212074722,0.0
2024-01-01 18:28:00+00:00,101.15743212074722,101.22141556385645,101.13672256720822,101.14378373908178,0.0
2024-01-01 18:29:00+00:00,101.14378373908178,101.2411339872183,101.14378373908178,101.19972637844783,0.0
2024-01-01 18:30:00+00:00,101.19972637844783,101.31097577147905,101.19296425210709,101.23427209538292,0.0
2024-01-01 18:31:00+00:00,101.23427209538292,101.2865865312468,101.19854618685937,101.22690003511056,0.0
2024-01-01 18:32:00+00:00,101.22690003511056,101.22690003511056,101.0343779586786,101.06483837678863,0.0
2024-01-01 18:33:00+00:00,101.06483837678863,101.10248836594009,101.01927165206668,101.07106475627096,0.0
2024-01-01 18:34:00+00:00,101.07106475627096,101.32321436571385,101.07106475627096,101.32321436571385,0.0
2024-01-01 18:35:00+00:00,101.32321436571385,101.39341131107594,101.29928776124439,101.30640391256202,0.0
2024-01-01 18:36:00+00:00,101.30640391256202,101.32957261652663,101.17282284657512,101.19531806525643,0.0
2024-01-01 18:37:00+00:00,101.19531806525643,101.19531806525643,101.08803352437853,101.11965889896422,0.0
2024-01-01 18:38:00+00:00,101.11965889896422,101.11965889896422,100.84280920297816,100.86339847797474,0.0
2024-01-01 18:39:00+00:00,100.86339847797474,100.90689942253044,100.77978492638807,100.89431669161421,0.0
2024-01-01 18:40:00+00:00,100.89431669161421,100.94688263526749,100.83157879659959,100.90183241813239,0.0
2024-01-01 18:41:00+00:00,100.90183241813239,100.90402513724685,100.80361538450047,100.80361538450047,0.0
2024-01-01 18:42:00+00:00,100.80361538450047,100.81148213742755,100.71986816453081,100.71986816453081,0.0
2024-01-01 18:43:00+00:00,100.71986816453081,100.72619874955211,100.63401553121047,100.69474792676199,0.0
2024-01-01 18:44:00+00:00,100.69474792676199,100.69474792676199,100.59220224729962,100.59220224729962,0.0
2024-01-01 18:45:00+00:00,100.59220224729962,100.59220224729962,100.33755442461513,100.38571467943429,0.0
2024-01-01 18:46:00+00:00,100.38571467943429,100.44230976374261,100.34809987225917,100.39905135367042,0.0
2024-01-01 18:47:00+00:00,100.39905135367042,100.39905135367042,100.30794269042111,100.34556277294136,0.0
2024-01-01 18:48:00+00:00,100.34556277294136,100.35263545950757,100.11377378968278,100.12397482186726,0.0
2024-01-01 18:49:00+00:00,100.12397482186726,100.23151996121081,100.06252100692019,100.17819302451106,0.0
2024-01-01 18:50:00+00:00,100.17819302451106,100.17819302451106,100.0590534398078,100.0590534398078,0.0
2024-01-01 18:51:00+00:00,100.0590534398078,100.09571135003621,100.02211559409673,100.07169035984288,0.0
2024-01-01 18:52:00+00:00,100.07169035984288,100.14732366775725,99.94276330022393,99.94276330022393,0.0
2024-01-01 18:53:00+00:00,99.94276330022393,100.12387646168459,99.94276330022393,100.07083722410532,0.0
2024-01-01 18:54:00+00:00,100.07083722410532,100.25905651656163,100.07056806053794,100.25905651656163,0.0
2024-01-01 18:55:00+00:00,100.25905651656163,100.41676840311742,100.25905651656163,100.41676840311742,0.0
2024-01-01 18:56:00+00:00,100.41676840311742,100.52694345400919,100.38693504150791,100.38693504150791,0.0
2024-01-01 18:57:00+00:00,100.38693504150791,100.4804504072545,100.38693504150791,100.4528009774769,0.0
2024-01-01 18:58:00+00:00,100.4528009774769,100.52178190308636,100.4205365477358,100.50926730965794,0.0
2024-01-01 18:59:00+00:00,100.50926730965794,100.60180681137565,100.50026100776546,100.52968160953088,0.0
2024-01-01 19:00:00+00:00,100.52968160953088,100.55068745528615,100.45291195254131,100.46816836901577,0.0
2024-01-01 19:01:00+00:00,100.46816836901577,100.54162258862094,100.46328437731349,100.52734891885468,0.0
2024-01-01 19:02:00+00:00,100.52734891885468,100.73599061849202,100.52734891885468,100.67384914961589,0.0
2024-01-01 19:03:00+00:00,100.67384914961589,100.77674524877136,100.67384914961589,100.77674524877136,0.0
2024-01-01 19:04:00+00:00,100.77674524877136,100.8994981513673,100.73718490704063,100.74739443343204,0.0
2024-01-01 19:05:00+00:00,100.74739443343204,100.74739443343204,100.63746560968788,100.63746560968788,0.0
2024-01-01 19:06:00+00:00,100.63746560968788,100.63746560968788,100.46747931060838,100.50418153250227,0.0
2024-01-01 19:07:00+00:00,100.50418153250227,100.7327329915343,100.50418153250227,100.7327329915343,0.0
2024-01-01 19:08:00+00:00,100.7327329915343,100.74524475092775,100.52608324957656,100.58271118842947,0.0
2024-01-01 19:09:00+00:00,100.58271118842947,100.66215967502771,100.58271118842947,100.61842006448313,0.0
2024-01-01 19:10:00+00:00,100.61842006448313,100.88694833263396,100.61842006448313,100.86507454838211,0.0
2024-01-01 19:11:00+00:00,100.86507454838211,101.0432118838445,100.86389320074089,100.95347822608625,0.0
2024-01-01 19:12:00+00:00,100.95347822608625,101.08101276920745,100.94325332019625,101.05764749587756,0.0
2024-01-01 19:13:00+00:00,101.05764749587756,101.06780369848417,100.89945612416749,100.91218343623886,0.0
2024-01-01 19:14:00+00:00,100.91218343623886,101.04121288651002,100.8930941994954,100.8930941994954,0.0
2024-01-01 19:15:00+00:00,100.8930941994954,100.91259715824637,100.84500619542027,100.89411169343356,0.0
2024-01-01 19:16:00+00:00,100.89411169343356,100.91564912211261,100.8184138885844,100.91564912211261,0.0
2024-01-01 19:17:00+00:00,100.91564912211261,101.03716350893453,100.86081654165415,100.96203195100959,0.0
2024-01-01 19:18:00+00:00,100.96203195100959,101.02810166201033,100.91133280568782,100.95573104379862,0.0
2024-01-01 19:19:00+00:00,100.95573104379862,101.02766395407018,100.94193782210252,100.94193782210252,0.0
2024-01-01 19:20:00+00:00,100.94193782210252,100.94681018797918,100.91298911985832,100.91298911985832,0.0
2024-01-01 19:21:00+00:00,100.91298911985832,101.05011482991213,100.91298911985832,100.97047181198484,0.0
2024-01-01 19:22:00+00:00,100.97047181198484,101.11927026113027,100.97047181198484,101.01331651095093,0.0
2024-01-01 19:23:00+00:00,101.01331651095093,101.10616770800374,100.9679927247112,100.98966203733929,0.0
2024-01-01 19:24:00+00:00,100.98966203733929,101.12181645014795,100.97163322847749,101.12181645014795,0.0
2024-01-01 19:25:00+00:00,101.12181645014795,101.20929253323987,101.07725149123283,101.16315134545675,0.0
2024-01-01 19:26:00+00:00,101.16315134545675,101.16315134545675,100.96951635098344,101.04145679083658,0.0
2024-01-01 19:27:00+00:00,101.04145679083658,101.1448669201644,101.02667944160338,101.11924032154307,0.0
2024-01-01 19:28:00+00:00,101.11924032154307,101.2166261455731,101.0752359775376,101.20974528973349,0.0
2024-01-01 19:29:00+00:00,101.20974528973349,101.21699476000963,101.14074730506381,101.14074730506381,0.0
2024-01-01 19:30:00+00:00,101.14074730506381,101.14074730506381,100.9495526488537,100.9495526488537,0.0
2024-01-01 19:31:00+00:00,100.9495526488537,101.03345239361943,100.92464538547047,101.02179776846368,0.0
2024-01-01 19:32:00+00:00,101.02179776846368,101.02179776846368,100.89825236300612,100.89825236300612,0.0
2024-01-01 19:33:00+00:00,100.89825236300612,100.89825236300612,100.68564106678181,100.78989776831546,0.0
2024-01-01 19:34:00+00:00,100.78989776831546,100.89911979094646,100.78907000000403,100.89911979094646,0.0
2024-01-01 19:35:00+00:00,100.89911979094646,101.02419402157138,100.89138874285177,101.02419402157138,0.0
2024-01-01 19:36:00+00:00,101.02419402157138,101.09033034267203,100.99488216660366,101.05650830321656,0.0
2024-01-01 19:37:00+00:00,101.05650830321656,101.10335014971533,101.0268887087933,101.07828701305569,0.0
2024-01-01 19:38:00+00:00,101.07828701305569,101.1899030404744,101.07828701305569,101.16306244725074,0.0
2024-01-01 19:39:00+00:00,101.16306244725074,101.27020051747857,101.1437638345488,101.1437638345488,0.0
2024-01-01 19:40:00+00:00,101.1437638345488,101.1437638345488,100.90751698685041,100.91235424283673,0.0
2024-01-01 19:41:00+00:00,100.91235424283673,100.91235424283673,100.78359569090279,100.81286743977468,0.0
2024-01-01 19:42:00+00:00,100.81286743977468,101.04894312418281,100.81286743977468,100.99704696579074,0.0
2024-01-01 19:43:00+00:00,100.99704696579074,100.99704696579074,100.84607099025808,100.84607099025808,0.0
2024-01-01 19:44:00+00:00,100.84607099025808,100.84607099025808,100.6639944892839,100.71591664314913,0.0
2024-01-01 19:45:00+00:00,100.71591664314913,100.7180776174492,100.60183554047242,100.7140088490641,0.0
2024-01-01 19:46:00+00:00,100.7140088490641,100.75162230205885,100.6822840130222,100.71139799656102,0.0
2024-01-01 19:47:00+00:00,100.71139799656102,100.7334985615804,100.64746566504834,100.64746566504834,0.0
2024-01-01 19:48:00+00:00,100.64746566504834,100.64746566504834,100.54886955661524,100.637265151713,0.0
2024-01-01 19:49:00+00:00,100.637265151713,100.637265151713,100.48294589586999,100.5355141997546,0.0
2024-01-01 19:50:00+00:00,100.5355141997546,100.62480571116429,100.5355141997546,100.56817768033696,0.0
2024-01-01 19:51:00+00:00,100.56817768033696,100.6759478573852,100.5357398190727,100.59583679858788,0.0
2024-01-01 19:52:00+00:00,100.59583679858788,100.62687098735623,100.51917731737396,100.62687098735623,0.0
2024-01-01 19:53:00+00:00,100.62687098735623,100.62687098735623,100.48949533326271,100.48949533326271,0.0
2024-01-01 19:54:00+00:00,100.48949533326271,100.61394593122483,100.4823945183913,100.586699123571,0.0
2024-01-01 19:55:00+00:00,100.586699123571,100.586699123571,100.47763958284744,100.48480064619363,0.0
2024-01-01 19:56:00+00:00,100.48480064619363,100.52460980882627,100.4226003750387,100.52460980882627,0.0
2024-01-01 19:57:00+00:00,100.52460980882627,100.56746319615422,100.45861106767711,100.45861106767711,0.0
2024-01-01 19:58:00+00:00,100.45861106767711,100.56213012022981,100.45861106767711,100.47835213185606,0.0
2024-01-01 19:59:00+00:00,100.47835213185606,100.5778456218059,100.45101976831478,100.5778456218059,0.0
2024-01-01 20:00:00+00:00,100.5778456218059,100.77351916204354,100.5778456218059,100.75031384080044,0.0
2024-01-01 20:01:00+00:00,100.75031384080044,100.8712455463303,100.70025344159279,100.78590595631373,0.0
2024-01-01 20:02:00+00:00,100.78590595631373,100.83916635578694,100.6411658760109,100.73154434879146,0.0
2024-01-01 20:03:00+00:00,100.73154434879146,100.81650112134268,100.67308021280816,100.81650112134268,0.0
2024-01-01 20:04:00+00:00,100.81650112134268,100.88403516950876,100.78179244275134,100.8750591374758,0.0
2024-01-01 20:05:00+00:00,100.8750591374758,101.05814187416911,100.8750591374758,100.88226624954595,0.0
2024-01-01 20:06:00+00:00,100.88226624954595,101.09661539814752,100.8612440839387,101.09661539814752,0.0
2024-01-01 20:07:00+00:00,101.09661539814752,101.21351336122083,101.06200397218149,101.07171956644085,0.0
2024-01-01 20:08:00+00:00,101.07171956644085,101.16914944940802,101.04536863314296,101.16914944940802,0.0
2024-01-01 20:09:00+00:00,101.16914944940802,101.16914944940802,100.90882747849082,100.90882747849082,0.0
2024-01-01 20:10:00+00:00,100.90882747849082,101.04828255080466,100.82486248732957,101.04356632868131,0.0
2024-01-01 20:11:00+00:00,101.04356632868131,101.17258156004688,100.9827817114491,100.9827817114491,0.0
2024-01-01 20:12:00+00:00,100.9827817114491,101.17546783619753,100.97959819344445,101.17546783619753,0.0
2024-01-01 20:13:00+00:00,101.17546783619753,101.17808077960967,101.0808343398547,101.09476475814924,0.0
2024-01-01 20:14:00+00:00,101.09476475814924,101.12446328937344,100.95095150088187,100.97460280569398,0.0
2024-01-01 20:15:00+00:00,100.97460280569398,101.08842993149877,100.93125412903406,101.08842993149877,0.0
2024-01-01 20:16:00+00:00,101.08842993149877,101.08993001050746,101.04098844542152,101.08993001050746,0.0
2024-01-01 20:17:00+00:00,101.08993001050746,101.16476080988433,101.05285702545221,101.0674174620155,0.0
2024-01-01 20:18:00+00:00,101.0674174620155,101.19263829489611,101.05336477351564,101.14794032330208,0.0
2024-01-01 20:19:00+00:00,101.14794032330208,101.15339619218155,101.07640544664106,101.10350877671559,0.0
2024-01-01 20:20:00+00:00,101.10350877671559,101.11679854167626,100.99597193951139,101.11679854167626,0.0
2024-01-01 20:21:00+00:00,101.11679854167626,101.1291335298576,100.97234409631339,101.01236341175976,0.0
2024-01-01 20:22:00+00:00,101.01236341175976,101.02275112688893,100.98438258863354,101.0066994801401,0.0
2024-01-01 20:23:00+00:00,101.0066994801401,101.06135348628924,100.97536357977508,101.0289610022022,0.0
2024-01-01 20:24:00+00:00,101.0289610022022,101.15116162691149,100.90125522261691,100.9706515676069,0.0
2024-01-01 20:25:00+00:00,100.9706515676069,100.9706515676069,100.89315640973167,100.89315640973167,0.0
2024-01-01 20:26:00+00:00,100.89315640973167,101.05665045289632,100.89315640973167,101.05665045289632,0.0
2024-01-01 20:27:00+00:00,101.05665045289632,101.17437092007323,101.02583115750787,101.02583115750787,0.0
2024-01-01 20:28:00+00:00,101.02583115750787,101.08467391545757,101.02300168452211,101.05901670224053,0.0
2024-01-01 20:29:00+00:00,101.05901670224053,101.05901670224053,100.87625206936754,100.90109725701419,0.0
2024-01-01 20:30:00+00:00,100.90109725701419,100.97271637507842,100.787097985774,100.97271637507842,0.0
2024-01-01 20:31:00+00:00,100.97271637507842,101.11085695199364,100.97066629508323,101.05187232683647,0.0
2024-01-01 20:32:00+00:00,101.05187232683647,101.06186058545478,100.8904754046881,100.89364968929412,0.0
2024-01-01 20:33:00+00:00,100.89364968929412,100.93110701191928,100.80604732386124,100.82008002712742,0.0
2024-01-01 20:34:00+00:00,100.82008002712742,100.9173729227705,100.82008002712742,100.90257123261584,0.0
2024-01-01 20:35:00+00:00,100.90257123261584,100.96402334364404,100.8708730903027,100.8708730903027,0.0
2024-01-01 20:36:00+00:00,100.8708730903027,100.88696825551249,100.84144470228219,100.88469136723327,0.0
2024-01-01 20:37:00+00:00,100.88469136723327,100.9398180683969,100.87362596447461,100.88065097758113,0.0
2024-01-01 20:38:00+00:00,100.88065097758113,100.97064580851163,100.86256685623803,100.93951157172974,0.0
2024-01-01 20:39:00+00:00,100.93951157172974,101.14656215556496,100.89054193243268,101.14656215556496,0.0
2024-01-01 20:40:00+00:00,101.14656215556496,101.25770547642414,101.14656215556496,101.18305544181104,0.0
2024-01-01 20:41:00+00:00,101.18305544181104,101.19857199330194,101.15122739241862,101.15122739241862,0.0
2024-01-01 20:42:00+00:00,101.15122739241862,101.21339317038804,101.11171344002118,101.11171344002118,0.0
2024-01-01 20:43:00+00:00,101.11171344002118,101.11171344002118,100.97601014796257,100.97601014796257,0.0
2024-01-01 20:44:00+00:00,100.97601014796257,101.15433717876132,100.97601014796257,101.13541362224645,0.0
2024-01-01 20:45:00+00:00,101.13541362224645,101.20961212455494,101.08821439101824,101.08821439101824,0.0
2024-01-01 20:46:00+00:00,101.08821439101824,101.12457973406265,101.0494312586359,101.05263606585301,0.0
2024-01-01 20:47:00+00:00,101.05263606585301,101.09028378757117,100.99460368954409,100.99460368954409,0.0
2024-01-01 20:48:00+00:00,100.99460368954409,101.01875753216731,100.9382169210249,101.01875753216731,0.0
2024-01-01 20:49:00+00:00,101.01875753216731,101.01875753216731,100.88860876689733,100.88860876689733,0.0
2024-01-01 20:50:00+00:00,100.88860876689733,100.91935534906035,100.85102808290073,100.87354676693866,0.0
2024-01-01 20:51:00+00:00,100.87354676693866,100.95507799587178,100.85208989442798,100.95507799587178,0.0
2024-01-01 20:52:00+00:00,100.95507799587178,100.95507799587178,100.85906722736621,100.92668168129765,0.0
2024-01-01 20:53:00+00:00,100.92668168129765,100.94141006893851,100.83804204682733,100.92435869046946,0.0
2024-01-01 20:54:00+00:00,100.92435869046946,101.16178763233795,100.92435869046946,101.11558451676255,0.0
2024-01-01 20:55:00+00:00,101.11558451676255,101.11558451676255,100.92981353769235,101.09223000624155,0.0
2024-01-01 20:56:00+00:00,101.09223000624155,101.15295717951967,101.04470736806434,101.13313091094899,0.0
2024-01-01 20:57:00+00:00,101.13313091094899,101.19446508684997,101.11584560138468,101.19446508684997,0.0
2024-01-01 20:58:00+00:00,101.19446508684997,101.23665415818083,101.11275149785342,101.20264471986212,0.0
2024-01-01 20:59:00+00:00,101.20264471986212,101.33299228487061,101.16522736259,101.33299228487061,0.0
2024-01-01 21:00:00+00:00,101.33299228487061,101.37512290113014,101.18271375015173,101.18271375015173,0.0
2024-01-01 21:01:00+00:00,101.18271375015173,101.1864951493367,101.04542097440063,101.06540514041961,0.0
2024-01-01 21:02:00+00:00,101.06540514041961,101.12052373683993,101.04517874080919,101.118310104681,0.0
2024-01-01 21:03:00+00:00,101.118310104681,101.20419413603837,101.07370954833556,101.09798459977372,0.0
2024-01-01 21:04:00+00:00,101.09798459977372,101.09798459977372,101.03532388190422,101.07458373700335,0.0
2024-01-01 21:05:00+00:00,101.07458373700335,101.23152480249789,101.07458373700335,101.18379125873285,0.0
2024-01-01 21:06:00+00:00,101.18379125873285,101.29331753762997,101.17243799946355,101.29331753762997,0.0
2024-01-01 21:07:00+00:00,101.29331753762997,101.39425553771757,101.23673479655145,101.39425553771757,0.0
2024-01-01 21:08:00+00:00,101.39425553771757,101.39425553771757,101.28302837144078,101.34160439935252,0.0
2024-01-01 21:09:00+00:00,101.34160439935252,101.47958037497997,101.31036418865435,101.47446250857789,0.0
2024-01-01 21:10:00+00:00,101.47446250857789,101.52760274016958,101.326620059573,101.326620059573,0.0
2024-01-01 21:11:00+00:00,101.326620059573,101.37250134967164,101.29119153125939,101.33743145970763,0.0
2024-01-01 21:12:00+00:00,101.33743145970763,101.34145535505355,101.23402712053404,101.23402712053404,0.0
2024-01-01 21:13:00+00:00,101.23402712053404,101.27700820261896,101.19524219993625,101.27190587227798,0.0
2024-01-01 21:14:00+00:00,101.27190587227798,101.29834770000645,101.18781592819879,101.21153379696834,0.0
2024-01-01 21:15:00+00:00,101.21153379696834,101.3595049695884,101.21153379696834,101.23605098788744,0.0
2024-01-01 21:16:00+00:00,101.23605098788744,101.32649487468474,101.23605098788744,101.2726407673629,0.0
2024-01-01 21:17:00+00:00,101.2726407673629,101.2726407673629,101.19436878203656,101.2384532713869,0.0
2024-01-01 21:18:00+00:00,101.2384532713869,101.24913622223566,101.21320314942379,101.24549832384217,0.0
2024-01-01 21:19:00+00:00,101.24549832384217,101.28345257038967,101.18503972182208,101.22674681926087,0.0
2024-01-01 21:20:00+00:00,101.22674681926087,101.26691484454314,101.16453644819516,101.20228583662686,0.0
2024-01-01 21:21:00+00:00,101.20228583662686,101.20939188483722,101.16123142399942,101.177325447881,0.0
2024-01-01 21:22:00+00:00,101.177325447881,101.27671783407023,101.177325447881,101.25977065755679,0.0
2024-01-01 21:23:00+00:00,101.25977065755679,101.25977065755679,101.16347489792314,101.2026118941108,0.0
2024-01-01 21:24:00+00:00,101.2026118941108,101.27088186751676,101.1442247136581,101.15863100798045,0.0
2024-01-01 21:25:00+00:00,101.15863100798045,101.15975299127896,100.99332228900383,101.15975299127896,0.0
2024-01-01 21:26:00+00:00,101.15975299127896,101.21206417684252,101.14444857428512,101.17396646101503,0.0
2024-01-01 21:27:00+00:00,101.17396646101503,101.2756289242025,101.14597680560834,101.1606453904442,0.0
2024-01-01 21:28:00+00:00,101.1606453904442,101.23880452252574,101.12948824286084,101.23048356454062,0.0
2024-01-01 21:29:00+00:00,101.23048356454062,101.35293788365274,101.23048356454062,101.25401140086068,0.0
2024-01-01 21:30:00+00:00,101.25401140086068,101.26298560658776,101.13735070782586,101.15812541074668,0.0
2024-01-01 21:31:00+00:00,101.15812541074668,101.23179966840804,101.1194114878569,101.18317329624999,0.0
2024-01-01 21:32:00+00:00,101.18317329624999,101.18317329624999,101.01505894286981,101.08572830266544,0.0
2024-01-01 21:33:00+00:00,101.08572830266544,101.23923406387635,101.08572830266544,101.22648296138176,0.0
2024-01-01 21:34:00+00:00,101.22648296138176,101.38721330772053,101.22648296138176,101.3176781533255,0.0
2024-01-01 21:35:00+00:00,101.3176781533255,101.32491486381011,101.27098455831528,101.27098455831528,0.0
2024-01-01 21:36:00+00:00,101.27098455831528,101.34537789907647,101.22323750366535,101.28511007334463,0.0
2024-01-01 21:37:00+00:00,101.28511007334463,101.45054600543364,101.26958170244276,101.45054600543364,0.0
2024-01-01 21:38:00+00:00,101.45054600543364,101.55331764741639,101.43320385055392,101.55304352186255,0.0
2024-01-01 21:39:00+00:00,101.55304352186255,101.58333096736233,101.52756598611522,101.58333096736233,0.0
2024-01-01 21:40:00+00:00,101.58333096736233,101.75461768551246,101.51534273939313,101.75461768551246,0.0
2024-01-01 21:41:00+00:00,101.75461768551246,101.78275997664862,101.74031233341132,101.76778602534688,0.0
2024-01-01 21:42:00+00:00,101.76778602534688,101.88256599568918,101.75809646617803,101.88256599568918,0.0
2024-01-01 21:43:00+00:00,101.88256599568918,101.96295830970809,101.8821652813817,101.96295830970809,0.0
2024-01-01 21:44:00+00:00,101.96295830970809,101.96295830970809,101.82728175896592,101.84719105808257,0.0
2024-01-01 21:45:00+00:00,101.84719105808257,101.95662689771974,101.82561035808932,101.82561035808932,0.0
2024-01-01 21:46:00+00:00,101.82561035808932,101.91833718231437,101.78837782978417,101.87365826500839,0.0
2024-01-01 21:47:00+00:00,101.87365826500839,101.87365826500839,101.75684703549771,101.75684703549771,0.0
2024-01-01 21:48:00+00:00,101.75684703549771,101.78972185278963,101.70168011363195,101.70168011363195,0.0
2024-01-01 21:49:00+00:00,101.70168011363195,101.7403123780061,101.55996987885598,101.57375911213838,0.0
2024-01-01 21:50:00+00:00,101.57375911213838,101.69242506036183,101.57375911213838,101.69242506036183,0.0
2024-01-01 21:51:00+00:00,101.69242506036183,101.75957661007021,101.64487485801574,101.71265001234823,0.0
2024-01-01 21:52:00+00:00,101.71265001234823,101.74492199471955,101.63524974959007,101.71295837664202,0.0
2024-01-01 21:53:00+00:00,101.71295837664202,101.72307275200473,101.55445650434557,101.60625654133231,0.0
2024-01-01 21:54:00+00:00,101.60625654133231,101.73166065907144,101.58678798590718,101.73166065907144,0.0
2024-01-01 21:55:00+00:00,101.73166065907144,101.73166065907144,101.55271300302532,101.59378258868009,0.0
2024-01-01 21:56:00+00:00,101.59378258868009,101.59378258868009,101.46210670966487,101.48643453125665,0.0
2024-01-01 21:57:00+00:00,101.48643453125665,101.5463415861548,101.42548932795042,101.44387393539293,0.0
2024-01-01 21:58:00+00:00,101.44387393539293,101.56776700761432,101.44387393539293,101.56776700761432,0.0
2024-01-01 21:59:00+00:00,101.56776700761432,101.56776700761432,101.47717032904968,101.4852969369019,0.0
2024-01-01 22:00:00+00:00,101.4852969369019,101.52666899752798,101.42913196198322,101.48478524973495,0.0
2024-01-01 22:01:00+00:00,101.48478524973495,101.50197428225567,101.42073096635565,101.42073096635565,0.0
2024-01-01 22:02:00+00:00,101.42073096635565,101.42945216862448,101.37346029747485,101.38860095554931,0.0
2024-01-01 22:03:00+00:00,101.38860095554931,101.45196952411597,101.37619612773149,101.45196952411597,0.0
2024-01-01 22:04:00+00:00,101.45196952411597,101.49834219509236,101.42562013059768,101.49834219509236,0.0
2024-01-01 22:05:00+00:00,101.49834219509236,101.72324646954281,101.48675597711464,101.72324646954281,0.0
2024-01-01 22:06:00+00:00,101.72324646954281,101.84944665370098,101.72324646954281,101.77498132819417,0.0
2024-01-01 22:07:00+00:00,101.77498132819417,101.83614447856186,101.67114633569466,101.712112473784,0.0
2024-01-01 22:08:00+00:00,101.712112473784,101.74620325076955,101.63167290939494,101.68380911092589,0.0
2024-01-01 22:09:00+00:00,101.68380911092589,101.69226190107563,101.56225588298881,101.56225588298881,0.0
2024-01-01 22:10:00+00:00,101.56225588298881,101.5717455831575,101.4704301451683,101.5632457049064,0.0
2024-01-01 22:11:00+00:00,101.5632457049064,101.57124810036457,101.53167564790392,101.57124810036457,0.0
2024-01-01 22:12:00+00:00,101.57124810036457,101.6135602615625,101.5200324279374,101.60872305201606,0.0
2024-01-01 22:13:00+00:00,101.60872305201606,101.69370560372325,101.60872305201606,101.68316198847398,0.0
2024-01-01 22:14:00+00:00,101.68316198847398,101.68316198847398,101.57927525753489,101.57927525753489,0.0
2024-01-01 22:15:00+00:00,101.57927525753489,101.63820962529988,101.57927525753489,101.63820962529988,0.0
2024-01-01 22:16:00+00:00,101.63820962529988,101.7633966633072,101.63820962529988,101.70658381344933,0.0
2024-01-01 22:17:00+00:00,101.70658381344933,101.80320860423674,101.65539080498809,101.76118325774091,0.0
2024-01-01 22:18:00+00:00,101.76118325774091,101.76923941775217,101.71835730071427,101.76923941775217,0.0
2024-01-01 22:19:00+00:00,101.76923941775217,101.80112711347485,101.71872903936936,101.78592358897768,0.0
2024-01-01 22:20:00+00:00,101.78592358897768,101.78592358897768,101.6254079346429,101.69366077155621,0.0
2024-01-01 22:21:00+00:00,101.69366077155621,101.69550154498187,101.5394846686077,101.5394846686077,0.0
2024-01-01 22:22:00+00:00,101.5394846686077,101.58027703949755,101.47173204607596,101.4998865780127,0.0
2024-01-01 22:23:00+00:00,101.4998865780127,101.58761745302118,101.42258464937808,101.58761745302118,0.0
2024-01-01 22:24:00+00:00,101.58761745302118,101.65214957258804,101.58361952499484,101.65214957258804,0.0
2024-01-01 22:25:00+00:00,101.65214957258804,101.76506117440587,101.59561239207476,101.76506117440587,0.0
2024-01-01 22:26:00+00:00,101.76506117440587,101.76800352244162,101.61987127472543,101.74853993339987,0.0
2024-01-01 22:27:00+00:00,101.74853993339987,101.78050325352551,101.69780007215248,101.73404354350154,0.0
2024-01-01 22:28:00+00:00,101.73404354350154,101.92319857401966,101.71455204900721,101.92319857401966,0.0
2024-01-01 22:29:00+00:00,101.92319857401966,102.08571343953135,101.92032500535248,102.06266090564418,0.0
2024-01-01 22:30:00+00:00,102.06266090564418,102.08937295183377,101.9919573451663,101.9919573451663,0.0
2024-01-01 22:31:00+00:00,101.9919573451663,101.9919573451663,101.73885602472993,101.73885602472993,0.0
2024-01-01 22:32:00+00:00,101.73885602472993,101.79051645524613,101.70630752379594,101.78413283973785,0.0
2024-01-01 22:33:00+00:00,101.78413283973785,101.891510225493,101.72763096305694,101.891510225493,0.0
2024-01-01 22:34:00+00:00,101.891510225493,101.89922605964647,101.74853304770323,101.82542387179575,0.0
2024-01-01 22:35:00+00:00,101.82542387179575,101.8962279456561,101.82310739575858,101.82310739575858,0.0
2024-01-01 22:36:00+00:00,101.82310739575858,101.9233452952941,101.82310739575858,101.9233452952941,0.0
2024-01-01 22:37:00+00:00,101.9233452952941,102.06227657126847,101.9233452952941,102.06227657126847,0.0
2024-01-01 22:38:00+00:00,102.06227657126847,102.22908334855515,102.06227657126847,102.22908334855515,0.0
2024-01-01 22:39:00+00:00,102.22908334855515,102.22908334855515,102.0680788527161,102.11599156187638,0.0
2024-01-01 22:40:00+00:00,102.11599156187638,102.12832440204146,102.06129971263175,102.12085804736468,0.0
2024-01-01 22:41:00+00:00,102.12085804736468,102.26910769029051,102.11560945295918,102.26910769029051,0.0
2024-01-01 22:42:00+00:00,102.26910769029051,102.49028163182966,102.26910769029051,102.40943308168366,0.0
2024-01-01 22:43:00+00:00,102.40943308168366,102.43992846768089,102.31203793687824,102.43812883829365,0.0
2024-01-01 22:44:00+00:00,102.43812883829365,102.56921930069939,102.43812883829365,102.47103917398084,0.0
2024-01-01 22:45:00+00:00,102.47103917398084,102.67029417811293,102.47103917398084,102.56433096155638,0.0
2024-01-01 22:46:00+00:00,102.56433096155638,102.64275158068921,102.538687041945,102.55020869520355,0.0
2024-01-01 22:47:00+00:00,102.55020869520355,102.69894225440878,102.55020869520355,102.68018534430763,0.0
2024-01-01 22:48:00+00:00,102.68018534430763,102.68018534430763,102.46547622848885,102.46547622848885,0.0
2024-01-01 22:49:00+00:00,102.46547622848885,102.59757472200641,102.44441098622174,102.52855794524736,0.0
2024-01-01 22:50:00+00:00,102.52855794524736,102.52855794524736,102.35370872789424,102.38264539596025,0.0
2024-01-01 22:51:00+00:00,102.38264539596025,102.54956128817557,102.38264539596025,102.4606504510996,0.0
2024-01-01 22:52:00+00:00,102.4606504510996,102.5356565012856,102.40545921008388,102.49710177833407,0.0
2024-01-01 22:53:00+00:00,102.49710177833407,102.54691303985759,102.38327551221084,102.39396711995337,0.0
2024-01-01 22:54:00+00:00,102.39396711995337,102.47999475798272,102.39396711995337,102.4553276871929,0.0
2024-01-01 22:55:00+00:00,102.4553276871929,102.59308076378682,102.41712123874856,102.59308076378682,0.0
2024-01-01 22:56:00+00:00,102.59308076378682,102.64357258333003,102.5785844211905,102.58147302856378,0.0
2024-01-01 22:57:00+00:00,102.58147302856378,102.58147302856378,102.41250726164255,102.47218266605913,0.0
2024-01-01 22:58:00+00:00,102.47218266605913,102.53067709816848,102.44580521175253,102.51864728163709,0.0
2024-01-01 22:59:00+00:00,102.51864728163709,102.6316562977855,102.48293447060422,102.60468272270273,0.0
2024-01-01 23:00:00+00:00,102.60468272270273,102.63506364554519,102.56626449885263,102.63506364554519,0.0
2024-01-01 23:01:00+00:00,102.63506364554519,102.95399328943104,102.63506364554519,102.95399328943104,0.0
2024-01-01 23:02:00+00:00,102.95399328943104,102.98653873288917,102.77361875346045,102.77708411695649,0.0
2024-01-01 23:03:00+00:00,102.77708411695649,102.77708411695649,102.5972335460221,102.59726462212498,0.0
2024-01-01 23:04:00+00:00,102.59726462212498,102.72237206861651,102.59726462212498,102.70680700280172,0.0
2024-01-01 23:05:00+00:00,102.70680700280172,102.70680700280172,102.56875593564803,102.56875593564803,0.0
2024-01-01 23:06:00+00:00,102.56875593564803,102.67748701934342,102.51233021460598,102.6242801239313,0.0
2024-01-01 23:07:00+00:00,102.6242801239313,102.78530256197737,102.60826443937528,102.78530256197737,0.0
2024-01-01 23:08:00+00:00,102.78530256197737,102.78530256197737,102.57354924793368,102.575332838374,0.0
2024-01-01 23:09:00+00:00,102.575332838374,102.70015856383183,102.53041596550014,102.66278125950454,0.0
2024-01-01 23:10:00+00:00,102.66278125950454,102.67020766052005,102.58952734762781,102.5968740208604,0.0
2024-01-01 23:11:00+00:00,102.5968740208604,102.63749675235202,102.53829756378475,102.59768680428921,0.0
2024-01-01 23:12:00+00:00,102.59768680428921,102.64272103586994,102.5634670256642,102.64272103586994,0.0
2024-01-01 23:13:00+00:00,102.64272103586994,102.73873362690888,102.62516887808748,102.73873362690888,0.0
2024-01-01 23:14:00+00:00,102.73873362690888,102.97334585065136,102.73873362690888,102.94489406898302,0.0
2024-01-01 23:15:00+00:00,102.94489406898302,103.03023202531799,102.89084712452087,103.03023202531799,0.0
2024-01-01 23:16:00+00:00,103.03023202531799,103.04582827459777,102.9151396391326,102.9151396391326,0.0
2024-01-01 23:17:00+00:00,102.9151396391326,102.94590984763127,102.80956843622374,102.85135831542662,0.0
2024-01-01 23:18:00+00:00,102.85135831542662,102.85135831542662,102.73368075657193,102.77938607928256,0.0
2024-01-01 23:19:00+00:00,102.77938607928256,102.9589974079152,102.77938607928256,102.9589974079152,0.0
2024-01-01 23:20:00+00:00,102.9589974079152,103.08243907232689,102.94769610555365,102.98095030029387,0.0
2024-01-01 23:21:00+00:00,102.98095030029387,103.06046245723124,102.97559555114543,103.06046245723124,0.0
2024-01-01 23:22:00+00:00,103.06046245723124,103.18643346255672,103.06046245723124,103.12257845043341,0.0
2024-01-01 23:23:00+00:00,103.12257845043341,103.14985985544224,103.01307586182097,103.10083803058208,0.0
2024-01-01 23:24:00+00:00,103.10083803058208,103.12321245905186,103.04376829055235,103.04376829055235,0.0
2024-01-01 23:25:00+00:00,103.04376829055235,103.04376829055235,102.94337584866783,102.9465934590559,0.0
2024-01-01 23:26:00+00:00,102.9465934590559,102.97645725689276,102.87972916316168,102.88169925464507,0.0
2024-01-01 23:27:00+00:00,102.88169925464507,102.88169925464507,102.71865196223682,102.73835613492068,0.0
2024-01-01 23:28:00+00:00,102.73835613492068,102.73835613492068,102.60236504848237,102.63718382256096,0.0
2024-01-01 23:29:00+00:00,102.63718382256096,102.65697018241973,102.51275809644841,102.51275809644841,0.0
2024-01-01 23:30:00+00:00,102.51275809644841,102.59212349422431,102.46489214334582,102.52756011231493,0.0
2024-01-01 23:31:00+00:00,102.52756011231493,102.52756011231493,102.3498464900896,102.41339644144301,0.0
2024-01-01 23:32:00+00:00,102.41339644144301,102.47505664252164,102.4012257904051,102.4012257904051,0.0
2024-01-01 23:33:00+00:00,102.4012257904051,102.51378751664559,102.4012257904051,102.51378751664559,0.0
2024-01-01 23:34:00+00:00,102.51378751664559,102.58670774290444,102.45114982359331,102.58670774290444,0.0
2024-01-01 23:35:00+00:00,102.58670774290444,102.70005127793306,102.54999048872563,102.70005127793306,0.0
2024-01-01 23:36:00+00:00,102.70005127793306,102.70005127793306,102.5255251688788,102.53248056233355,0.0
2024-01-01 23:37:00+00:00,102.53248056233355,102.65242060696293,102.52551589255899,102.60224304369781,0.0
2024-01-01 23:38:00+00:00,102.60224304369781,102.69348187280183,102.55078681577592,102.69348187280183,0.0
2024-01-01 23:39:00+00:00,102.69348187280183,102.69348187280183,102.51810520398061,102.54056502612667,0.0
2024-01-01 23:40:00+00:00,102.54056502612667,102.59401261611892,102.49942869665307,102.55067539447523,0.0
2024-01-01 23:41:00+00:00,102.55067539447523,102.63286892192156,102.48558916934199,102.57198133587788,0.0
2024-01-01 23:42:00+00:00,102.57198133587788,102.57198133587788,102.47448749334768,102.48968834632552,0.0
2024-01-01 23:43:00+00:00,102.48968834632552,102.54284041960314,102.43272782068966,102.51643764488502,0.0
2024-01-01 23:44:00+00:00,102.51643764488502,102.51643764488502,102.40199922923192,102.40201340186549,0.0
2024-01-01 23:45:00+00:00,102.40201340186549,102.57575121178202,102.35772036324666,102.5473063276216,0.0
2024-01-01 23:46:00+00:00,102.5473063276216,102.76309630005225,102.5473063276216,102.72151002078213,0.0
2024-01-01 23:47:00+00:00,102.72151002078213,102.81909329279283,102.7163051413621,102.81909329279283,0.0
2024-01-01 23:48:00+00:00,102.81909329279283,102.84010296521845,102.75232755193873,102.78900499122034,0.0
2024-01-01 23:49:00+00:00,102.78900499122034,102.78900499122034,102.67245174738484,102.72808135810513,0.0
2024-01-01 23:50:00+00:00,102.72808135810513,102.87971164846176,102.72596934791706,102.76695543374875,0.0
2024-01-01 23:51:00+00:00,102.76695543374875,102.98373599706281,102.76695543374875,102.98373599706281,0.0
2024-01-01 23:52:00+00:00,102.98373599706281,103.06175481838524,102.98373599706281,103.03604287035705,0.0
2024-01-01 23:53:00+00:00,103.03604287035705,103.15472616077086,103.03604287035705,103.11375158446094,0.0
2024-01-01 23:54:00+00:00,103.11375158446094,103.11375158446094,102.93788044461263,103.03040229315579,0.0
2024-01-01 23:55:00+00:00,103.03040229315579,103.05948660210815,102.98703128141806,102.99968890349535,0.0
2024-01-01 23:56:00+00:00,102.99968890349535,103.08340409533716,102.98103416392176,103.02494510072418,0.0
2024-01-01 23:57:00+00:00,103.02494510072418,103.02743609167128,102.83331571437448,102.83331571437448,0.0
2024-01-01 23:58:00+00:00,102.83331571437448,102.8451115891928,102.77399876172004,102.80301988395681,0.0
2024-01-01 23:59:00+00:00,102.80301988395681,102.93242401719135,102.80301988395681,102.88449953773801,0.0
2024-01-02 00:00:00+00:00,102.88449953773801,102.9315169201375,102.82316483003464,102.82316483003464,0.0
2024-01-02 00:01:00+00:00,102.82316483003464,103.01841178905958,102.82316483003464,103.01841178905958,0.0
2024-01-02 00:02:00+00:00,103.01841178905958,103.03209537645562,102.85220183150031,102.85220183150031,0.0
2024-01-02 00:03:00+00:00,102.85220183150031,102.87028943874073,102.7843114982958,102.7843114982958,0.0
2024-01-02 00:04:00+00:00,102.7843114982958,102.84143412638724,102.73902494125895,102.75142790115125,0.0
2024-01-02 00:05:00+00:00,102.75142790115125,102.80654716352598,102.72202616088283,102.7689887272902,0.0
2024-01-02 00:06:00+00:00,102.7689887272902,102.82332167535363,102.75516522134244,102.76897590902716,0.0
2024-01-02 00:07:00+00:00,102.76897590902716,102.80860384960198,102.66606232246835,102.66606232246835,0.0
2024-01-02 00:08:00+00:00,102.66606232246835,102.68316802190526,102.56249508413708,102.56249508413708,0.0
2024-01-02 00:09:00+00:00,102.56249508413708,102.60351507655675,102.46917427441869,102.46917427441869,0.0
2024-01-02 00:10:00+00:00,102.46917427441869,102.50263685811017,102.44336934759716,102.46459975084085,0.0
2024-01-02 00:11:00+00:00,102.46459975084085,102.60169347121456,102.40452316160692,102.5780786608355,0.0
2024-01-02 00:12:00+00:00,102.5780786608355,102.63314387274988,102.56991037246016,102.56991037246016,0.0
2024-01-02 00:13:00+00:00,102.56991037246016,102.66136165885617,102.56389257717747,102.56389257717747,0.0
2024-01-02 00:14:00+00:00,102.56389257717747,102.56389257717747,102.44390149510514,102.46405288435177,0.0
2024-01-02 00:15:00+00:00,102.46405288435177,102.58258185084031,102.44147152833482,102.58258185084031,0.0
2024-01-02 00:16:00+00:00,102.58258185084031,102.58258185084031,102.4230104494166,102.47539134608881,0.0
2024-01-02 00:17:00+00:00,102.47539134608881,102.55766605870286,102.40674466935876,102.55766605870286,0.0
2024-01-02 00:18:00+00:00,102.55766605870286,102.6539361161843,102.51226185756069,102.63934023787515,0.0
2024-01-02 00:19:00+00:00,102.63934023787515,102.69654424930616,102.6187917038994,102.66062951878912,0.0
2024-01-02 00:20:00+00:00,102.66062951878912,102.66991621938818,102.55084289219032,102.57978056603768,0.0
2024-01-02 00:21:00+00:00,102.57978056603768,102.6272248066721,102.56523825270439,102.57994529173321,0.0
2024-01-02 00:22:00+00:00,102.57994529173321,102.6695076251286,102.53782725916332,102.53782725916332,0.0
2024-01-02 00:23:00+00:00,102.53782725916332,102.62762829339766,102.53782725916332,102.62214118829218,0.0
2024-01-02 00:24:00+00:00,102.62214118829218,102.714488161127,102.61644371487175,102.66688281374427,0.0
2024-01-02 00:25:00+00:00,102.66688281374427,102.68059462053974,102.5758983701806,102.5758983701806,0.0
2024-01-02 00:26:00+00:00,102.5758983701806,102.66933525613072,102.5758983701806,102.64719987143941,0.0
2024-01-02 00:27:00+00:00,102.64719987143941,102.70361203668654,102.62408887392048,102.6488660233265,0.0
2024-01-02 00:28:00+00:00,102.6488660233265,102.74114857722394,102.60778662041962,102.70010074748258,0.0
2024-01-02 00:29:00+00:00,102.70010074748258,102.89816780367568,102.70010074748258,102.84462323176437,0.0
2024-01-02 00:30:00+00:00,102.84462323176437,103.01292738460106,102.84462323176437,102.99041602409409,0.0
2024-01-02 00:31:00+00:00,102.99041602409409,103.31543696390182,102.99041602409409,103.31543696390182,0.0
2024-01-02 00:32:00+00:00,103.31543696390182,103.34435402682053,103.1232034007381,103.1232034007381,0.0
2024-01-02 00:33:00+00:00,103.1232034007381,103.1232034007381,102.97928959858486,103.08496616617987,0.0
2024-01-02 00:34:00+00:00,103.08496616617987,103.27709961797355,103.08496616617987,103.25407053242884,0.0
2024-01-02 00:35:00+00:00,103.25407053242884,103.25407053242884,103.13679054332718,103.150984741982,0.0
2024-01-02 00:36:00+00:00,103.150984741982,103.25989320518933,103.13347106039886,103.25989320518933,0.0
2024-01-02 00:37:00+00:00,103.25989320518933,103.31420862724825,103.1841631541677,103.25631024771805,0.0
2024-01-02 00:38:00+00:00,103.25631024771805,103.29698963148138,103.17587774660873,103.29687010385751,0.0
2024-01-02 00:39:00+00:00,103.29687010385751,103.4027978610643,103.28052471560389,103.34655655774654,0.0
2024-01-02 00:40:00+00:00,103.34655655774654,103.37748548602814,103.25192376584315,103.25192376584315,0.0
2024-01-02 00:41:00+00:00,103.25192376584315,103.4995079138719,103.24123932348402,103.47983798473358,0.0
2024-01-02 00:42:00+00:00,103.47983798473358,103.49311236191907,103.42267782008553,103.49311236191907,0.0
2024-01-02 00:43:00+00:00,103.49311236191907,103.6257284597092,103.45627356333044,103.61420136217744,0.0
2024-01-02 00:44:00+00:00,103.61420136217744,103.61500394847836,103.5072343904572,103.5072343904572,0.0
2024-01-02 00:45:00+00:00,103.5072343904572,103.6172895036679,103.45255941119676,103.59701300522069,0.0
2024-01-02 00:46:00+00:00,103.59701300522069,103.59701300522069,103.43957885647283,103.43957885647283,0.0
2024-01-02 00:47:00+00:00,103.43957885647283,103.56261857324877,103.43957885647283,103.5196023165013,0.0
2024-01-02 00:48:00+00:00,103.5196023165013,103.66902464437938,103.5162341380629,103.61813126382381,0.0
2024-01-02 00:49:00+00:00,103.61813126382381,103.63917566206588,103.5244905411432,103.63917566206588,0.0
2024-01-02 00:50:00+00:00,103.63917566206588,103.71956556566488,103.59551206572414,103.66331239029435,0.0
2024-01-02 00:51:00+00:00,103.66331239029435,103.76130867022248,103.66331239029435,103.72764800048388,0.0
2024-01-02 00:52:00+00:00,103.72764800048388,103.93775650759336,103.69673911068772,103.92131208033487,0.0
2024-01-02 00:53:00+00:00,103.92131208033487,104.00069417543344,103.88073988447668,104.00069417543344,0.0
2024-01-02 00:54:00+00:00,104.00069417543344,104.2009728038088,104.00069417543344,104.18854754404326,0.0
2024-01-02 00:55:00+00:00,104.18854754404326,104.21104034252096,104.09050552571736,104.21104034252096,0.0
2024-01-02 00:56:00+00:00,104.21104034252096,104.21104034252096,104.1050048548436,104.13421452227222,0.0
2024-01-02 00:57:00+00:00,104.13421452227222,104.20613353268007,104.10075849412797,104.16943131816741,0.0
2024-01-02 00:58:00+00:00,104.16943131816741,104.32169639244863,104.15386406969856,104.30418530654737,0.0
2024-01-02 00:59:00+00:00,104.30418530654737,104.39472226750371,104.27418923990236,104.37500294215552,0.0
2024-01-02 01:00:00+00:00,104.37500294215552,104.50611184606741,104.3411489099122,104.44172709427616,0.0
2024-01-02 01:01:00+00:00,104.44172709427616,104.47619824730401,104.41158592319223,104.43219901160595,0.0
2024-01-02 01:02:00+00:00,104.43219901160595,104.50728973465294,104.39489686106795,104.48469219591615,0.0
2024-01-02 01:03:00+00:00,104.48469219591615,104.66249757540187,104.45867186769838,104.66249757540187,0.0
2024-01-02 01:04:00+00:00,104.66249757540187,104.73654123307733,104.60593912146786,104.6081272554976,0.0
2024-01-02 01:05:00+00:00,104.6081272554976,104.63418594382522,104.5069779873468,104.55455532449066,0.0
2024-01-02 01:06:00+00:00,104.55455532449066,104.60116646559914,104.4924319892581,104.60116646559914,0.0
2024-01-02 01:07:00+00:00,104.60116646559914,104.62288032222017,104.48688543053422,104.50794583021693,0.0
2024-01-02 01:08:00+00:00,104.50794583021693,104.59146585714643,104.50794583021693,104.5906402042174,0.0
2024-01-02 01:09:00+00:00,104.5906402042174,104.65189647518332,104.5906402042174,104.65189647518332,0.0
2024-01-02 01:10:00+00:00,104.65189647518332,104.68864080445539,104.58727928514404,104.58727928514404,0.0
2024-01-02 01:11:00+00:00,104.58727928514404,104.59557824937393,104.47444677557002,104.52273360743304,0.0
2024-01-02 01:12:00+00:00,104.52273360743304,104.56413716535228,104.4085781978892,104.53265123393844,0.0
2024-01-02 01:13:00+00:00,104.53265123393844,104.53265123393844,104.46379101757577,104.49059481533264,0.0
2024-01-02 01:14:00+00:00,104.49059481533264,104.5293152780097,104.44885731851518,104.44885731851518,0.0
2024-01-02 01:15:00+00:00,104.44885731851518,104.52722901463689,104.4193314390456,104.49141503474648,0.0
2024-01-02 01:16:00+00:00,104.49141503474648,104.49141503474648,104.40006222711843,104.40653242668184,0.0
2024-01-02 01:17:00+00:00,104.40653242668184,104.5300419428845,104.40653242668184,104.50802535377152,0.0
2024-01-02 01:18:00+00:00,104.50802535377152,104.50802535377152,104.4074061606814,104.46752232122793,0.0
2024-01-02 01:19:00+00:00,104.46752232122793,104.46752232122793,104.29954518408081,104.38929382083666,0.0
2024-01-02 01:20:00+00:00,104.38929382083666,104.56091969590815,104.38929382083666,104.51794648099191,0.0
2024-01-02 01:21:00+00:00,104.51794648099191,104.6644712559433,104.51794648099191,104.64003751468927,0.0
2024-01-02 01:22:00+00:00,104.64003751468927,104.70427526457371,104.59170977360573,104.60429870654964,0.0
2024-01-02 01:23:00+00:00,104.60429870654964,104.65932937231997,104.58309668316753,104.65932937231997,0.0
2024-01-02 01:24:00+00:00,104.65932937231997,104.8314999130414,104.65932937231997,104.78098249232012,0.0
2024-01-02 01:25:00+00:00,104.78098249232012,104.85552174416392,104.78089321877724,104.84199965732437,0.0
2024-01-02 01:26:00+00:00,104.84199965732437,104.89560296634723,104.74989655961433,104.89560296634723,0.0
2024-01-02 01:27:00+00:00,104.89560296634723,104.89560296634723,104.82745236797965,104.82745236797965,0.0
2024-01-02 01:28:00+00:00,104.82745236797965,104.82745236797965,104.69424024860591,104.69424024860591,0.0
2024-01-02 01:29:00+00:00,104.69424024860591,104.72031954365791,104.65733415653514,104.67897238348108,0.0
2024-01-02 01:30:00+00:00,104.67897238348108,104.75770474416824,104.67897238348108,104.7452597617301,0.0
2024-01-02 01:31:00+00:00,104.7452597617301,104.86510924771734,104.7302511018284,104.7302511018284,0.0
2024-01-02 01:32:00+00:00,104.7302511018284,104.90278871712916,104.7302511018284,104.88581939104849,0.0
2024-01-02 01:33:00+00:00,104.88581939104849,104.95327332141156,104.7527041431859,104.7527041431859,0.0
2024-01-02 01:34:00+00:00,104.7527041431859,104.865254837143,104.7527041431859,104.81416534430173,0.0
2024-01-02 01:35:00+00:00,104.81416534430173,104.89644431249597,104.7471025385387,104.76551966605929,0.0
2024-01-02 01:36:00+00:00,104.76551966605929,104.89111831453648,104.75699414505075,104.89111831453648,0.0
2024-01-02 01:37:00+00:00,104.89111831453648,104.91380503081702,104.8507123432191,104.87213218003605,0.0
2024-01-02 01:38:00+00:00,104.87213218003605,104.94334203222755,104.86758825633602,104.87565804487114,0.0
2024-01-02 01:39:00+00:00,104.87565804487114,105.05695534737555,104.87565804487114,104.90632356376877,0.0
2024-01-02 01:40:00+00:00,104.90632356376877,105.12055610763566,104.90632356376877,105.11314319007639,0.0
2024-01-02 01:41:00+00:00,105.11314319007639,105.21431223120058,105.01581467433631,105.21431223120058,0.0
2024-01-02 01:42:00+00:00,105.21431223120058,105.21702528571731,105.05008070758397,105.05008070758397,0.0
2024-01-02 01:43:00+00:00,105.05008070758397,105.11244518172995,104.94309338134174,104.94309338134174,0.0
2024-01-02 01:44:00+00:00,104.94309338134174,105.02718767876601,104.92703516250815,104.96664836579002,0.0
2024-01-02 01:45:00+00:00,104.96664836579002,104.98311928427462,104.86588363944949,104.8932868649172,0.0
2024-01-02 01:46:00+00:00,104.8932868649172,104.92631728555388,104.83033687350617,104.88823421263656,0.0
2024-01-02 01:47:00+00:00,104.88823421263656,104.98694404317635,104.87351389428268,104.90815205778995,0.0
2024-01-02 01:48:00+00:00,104.90815205778995,105.09901637816226,104.88929433167114,105.09901637816226,0.0
2024-01-02 01:49:00+00:00,105.09901637816226,105.38962366196488,105.09901637816226,105.38962366196488,0.0
2024-01-02 01:50:00+00:00,105.38962366196488,105.39970387822733,105.33036469909189,105.33036469909189,0.0
2024-01-02 01:51:00+00:00,105.33036469909189,105.44088893616042,105.31998591298226,105.44088893616042,0.0
2024-01-02 01:52:00+00:00,105.44088893616042,105.53414998746578,105.43818628579514,105.49959678203207,0.0
2024-01-02 01:53:00+00:00,105.49959678203207,105.62209467745315,105.49959678203207,105.62209467745315,0.0
2024-01-02 01:54:00+00:00,105.62209467745315,105.62627091115228,105.49787956964515,105.56411936318672,0.0
2024-01-02 01:55:00+00:00,105.56411936318672,105.63074613422394,105.52939909143464,105.63074613422394,0.0
2024-01-02 01:56:00+00:00,105.63074613422394,105.75255473430734,105.54170722384472,105.54314286230702,0.0
2024-01-02 01:57:00+00:00,105.54314286230702,105.55620622015476,105.47888927114403,105.49040363154931,0.0
2024-01-02 01:58:00+00:00,105.49040363154931,105.49063143919714,105.27589014389733,105.27589014389733,0.0
2024-01-02 01:59:00+00:00,105.27589014389733,105.27589014389733,105.13080379003333,105.20940475806323,0.0
2024-01-02 02:00:00+00:00,105.20940475806323,105.24217007652604,104.99361705348672,105.00486729660845,0.0
2024-01-02 02:01:00+00:00,105.00486729660845,105.22236560707891,105.00486729660845,105.22236560707891,0.0
2024-01-02 02:02:00+00:00,105.22236560707891,105.36286134977138,105.17403261133639,105.36286134977138,0.0
2024-01-02 02:03:00+00:00,105.36286134977138,105.36286134977138,105.23407513281684,105.26080355378338,0.0
2024-01-02 02:04:00+00:00,105.26080355378338,105.29547470752644,105.18680247234047,105.20929332103299,0.0
2024-01-02 02:05:00+00:00,105.20929332103299,105.20929332103299,105.11982051837478,105.15556126565673,0.0
2024-01-02 02:06:00+00:00,105.15556126565673,105.20539704630664,105.11829691107897,105.1351031360168,0.0
2024-01-02 02:07:00+00:00,105.1351031360168,105.24539477925977,105.1351031360168,105.16938706814577,0.0
2024-01-02 02:08:00+00:00,105.16938706814577,105.20962747118561,105.0588375366203,105.06545778739108,0.0
2024-01-02 02:09:00+00:00,105.06545778739108,105.20015500937342,105.06545778739108,105.18712609053652,0.0
2024-01-02 02:10:00+00:00,105.18712609053652,105.36475372345333,105.1840322284021,105.3104850382084,0.0
2024-01-02 02:11:00+00:00,105.3104850382084,105.37370830676767,105.22993157501368,105.29561105289345,0.0
2024-01-02 02:12:00+00:00,105.29561105289345,105.31075869547416,105.1202359371136,105.14880226457814,0.0
2024-01-02 02:13:00+00:00,105.14880226457814,105.22873702850848,105.08014959268453,105.12980513380998,0.0
2024-01-02 02:14:00+00:00,105.12980513380998,105.16507629063048,105.07547244349003,105.07547244349003,0.0
2024-01-02 02:15:00+00:00,105.07547244349003,105.13275217762273,104.9803827290839,105.13275217762273,0.0
2024-01-02 02:16:00+00:00,105.13275217762273,105.13275217762273,105.00434680201651,105.08264496283698,0.0
2024-01-02 02:17:00+00:00,105.08264496283698,105.17056344583165,105.0173217106505,105.14493320965433,0.0
2024-01-02 02:18:00+00:00,105.14493320965433,105.2313090104188,105.13289213280278,105.19003706434624,0.0
2024-01-02 02:19:00+00:00,105.19003706434624,105.31230294881944,105.14743661827693,105.31230294881944,0.0
2024-01-02 02:20:00+00:00,105.31230294881944,105.33373790156647,105.28755513340847,105.29358409318614,0.0
2024-01-02 02:21:00+00:00,105.29358409318614,105.29679841860771,105.14268720281423,105.1646017783338,0.0
2024-01-02 02:22:00+00:00,105.1646017783338,105.17943527675499,105.11892684496235,105.11892684496235,0.0
2024-01-02 02:23:00+00:00,105.11892684496235,105.13260996468453,105.02255998492357,105.06841708386298,0.0
2024-01-02 02:24:00+00:00,105.06841708386298,105.18625932898722,105.06841708386298,105.13352030760177,0.0
2024-01-02 02:25:00+00:00,105.13352030760177,105.13352030760177,104.99089968982176,105.03676238077912,0.0
2024-01-02 02:26:00+00:00,105.03676238077912,105.03676238077912,104.90305590400087,104.90353821745364,0.0
2024-01-02 02:27:00+00:00,104.90353821745364,105.04252160076375,104.87302183348528,105.04252160076375,0.0
2024-01-02 02:28:00+00:00,105.04252160076375,105.04252160076375,104.83669383789633,104.83669383789633,0.0
2024-01-02 02:29:00+00:00,104.83669383789633,104.83669383789633,104.68141818656274,104.82821321514022,0.0
2024-01-02 02:30:00+00:00,104.82821321514022,105.0251774226579,104.81803185731627,104.93889566718721,0.0
2024-01-02 02:31:00+00:00,104.93889566718721,104.93889566718721,104.71746770791624,104.78118559800053,0.0
2024-01-02 02:32:00+00:00,104.78118559800053,104.80864614625732,104.71745461448366,104.79538592918637,0.0
2024-01-02 02:33:00+00:00,104.79538592918637,104.98334278546149,104.77322639616195,104.94564320507922,0.0
2024-01-02 02:34:00+00:00,104.94564320507922,104.95284603342586,104.78852558163366,104.78852558163366,0.0
2024-01-02 02:35:00+00:00,104.78852558163366,104.85236669078674,104.70669629664651,104.84366648368508,0.0
2024-01-02 02:36:00+00:00,104.84366648368508,105.01228895665344,104.84366648368508,105.01228895665344,0.0
2024-01-02 02:37:00+00:00,105.01228895665344,105.01228895665344,104.91503497929415,104.9477800267474,0.0
2024-01-02 02:38:00+00:00,104.9477800267474,104.9477800267474,104.81952926762288,104.87694624684708,0.0
2024-01-02 02:39:00+00:00,104.87694624684708,105.0945746654505,104.87694624684708,105.0945746654505,0.0
2024-01-02 02:40:00+00:00,105.0945746654505,105.0945746654505,105.0180821859602,105.05039044741606,0.0
2024-01-02 02:41:00+00:00,105.05039044741606,105.22876204034819,105.05039044741606,105.14180596578076,0.0
2024-01-02 02:42:00+00:00,105.14180596578076,105.25191305275413,105.06801102734158,105.06801102734158,0.0
2024-01-02 02:43:00+00:00,105.06801102734158,105.12397962839898,105.05955207553649,105.08405560979548,0.0
2024-01-02 02:44:00+00:00,105.08405560979548,105.20791116576767,105.08405560979548,105.1892632842439,0.0
2024-01-02 02:45:00+00:00,105.1892632842439,105.27752992132696,105.1551727539002,105.27752992132696,0.0
2024-01-02 02:46:00+00:00,105.27752992132696,105.46383746693394,105.27752992132696,105.38234370862745,0.0
2024-01-02 02:47:00+00:00,105.38234370862745,105.49987623940507,105.3728103933113,105.37442944507548,0.0
2024-01-02 02:48:00+00:00,105.37442944507548,105.43497764045482,105.271083500221,105.271083500221,0.0
2024-01-02 02:49:00+00:00,105.271083500221,105.41577032857056,105.26783164672936,105.41577032857056,0.0
2024-01-02 02:50:00+00:00,105.41577032857056,105.46053940394424,105.39351553310607,105.41242291545417,0.0
2024-01-02 02:51:00+00:00,105.41242291545417,105.5388096834986,105.41242291545417,105.53507218951569,0.0
2024-01-02 02:52:00+00:00,105.53507218951569,105.67681168265334,105.50888549864263,105.53427042975959,0.0
2024-01-02 02:53:00+00:00,105.53427042975959,105.6030884263954,105.49743310759807,105.5735680230546,0.0
2024-01-02 02:54:00+00:00,105.5735680230546,105.58796159956012,105.52278614632621,105.5313249396657,0.0
2024-01-02 02:55:00+00:00,105.5313249396657,105.64598899622992,105.51830766587248,105.62716955950297,0.0
2024-01-02 02:56:00+00:00,105.62716955950297,105.62716955950297,105.52262931941732,105.55210594155444,0.0
2024-01-02 02:57:00+00:00,105.55210594155444,105.60134007815863,105.46672905964022,105.49274988782616,0.0
2024-01-02 02:58:00+00:00,105.49274988782616,105.56763469776293,105.48876420167888,105.49091286846247,0.0
2024-01-02 02:59:00+00:00,105.49091286846247,105.5715897965907,105.47467105873112,105.50396284238317,0.0
2024-01-02 03:00:00+00:00,105.50396284238317,105.52957461294311,105.45684808794333,105.52957461294311,0.0
2024-01-02 03:01:00+00:00,105.52957461294311,105.57382580193745,105.43596851303539,105.46263819862428,0.0
2024-01-02 03:02:00+00:00,105.46263819862428,105.48599724654268,105.39713703967556,105.45985497519536,0.0
2024-01-02 03:03:00+00:00,105.45985497519536,105.50735430999664,105.42837293195706,105.42837293195706,0.0
2024-01-02 03:04:00+00:00,105.42837293195706,105.42837293195706,105.27909744657545,105.325923551402,0.0
2024-01-02 03:05:00+00:00,105.325923551402,105.43816099127109,105.30383396929182,105.43816099127109,0.0
2024-01-02 03:06:00+00:00,105.43816099127109,105.52911755899953,105.41997607167848,105.49229434062354,0.0
2024-01-02 03:07:00+00:00,105.49229434062354,105.49229434062354,105.39530860783212,105.48948268226151,0.0
2024-01-02 03:08:00+00:00,105.48948268226151,105.54158874938365,105.43270879288004,105.54158874938365,0.0
2024-01-02 03:09:00+00:00,105.54158874938365,105.56641861050853,105.35555095788635,105.35555095788635,0.0
2024-01-02 03:10:00+00:00,105.35555095788635,105.42682898130484,105.30657466991234,105.30657466991234,0.0
2024-01-02 03:11:00+00:00,105.30657466991234,105.33986502777695,105.2679780368595,105.27892656181491,0.0
2024-01-02 03:12:00+00:00,105.27892656181491,105.29889761132968,105.0398487215313,105.06308671753138,0.0
2024-01-02 03:13:00+00:00,105.06308671753138,105.20630976397432,105.0350062386369,105.1752661081783,0.0
2024-01-02 03:14:00+00:00,105.1752661081783,105.20942027066283,105.09702397408114,105.20942027066283,0.0
2024-01-02 03:15:00+00:00,105.20942027066283,105.29361280283761,105.20942027066283,105.23813333452591,0.0
2024-01-02 03:16:00+00:00,105.23813333452591,105.34036449541728,105.17672604560394,105.34036449541728,0.0
2024-01-02 03:17:00+00:00,105.34036449541728,105.50036785618252,105.27017812086045,105.50036785618252,0.0
2024-01-02 03:18:00+00:00,105.50036785618252,105.55556013862717,105.47190663567065,105.52233485689634,0.0
2024-01-02 03:19:00+00:00,105.52233485689634,105.5423020433377,105.4515110781722,105.5423020433377,0.0
2024-01-02 03:20:00+00:00,105.5423020433377,105.55790148675656,105.48410512811982,105.50879791286914,0.0
2024-01-02 03:21:00+00:00,105.50879791286914,105.54440093010982,105.28288705838264,105.28288705838264,0.0
2024-01-02 03:22:00+00:00,105.28288705838264,105.37991729989211,105.23645479356348,105.37110251808042,0.0
2024-01-02 03:23:00+00:00,105.37110251808042,105.42910679338195,105.30866744586984,105.42910679338195,0.0
2024-01-02 03:24:00+00:00,105.42910679338195,105.66221559565918,105.42910679338195,105.66221559565918,0.0
2024-01-02 03:25:00+00:00,105.66221559565918,105.66221559565918,105.56032630768331,105.64073716425253,0.0
2024-01-02 03:26:00+00:00,105.64073716425253,105.73184806542447,105.61632189043071,105.70148568636766,0.0
2024-01-02 03:27:00+00:00,105.70148568636766,105.85513102398892,105.70148568636766,105.80309871441366,0.0
2024-01-02 03:28:00+00:00,105.80309871441366,105.89941849564349,105.69608021009184,105.89941849564349,0.0
2024-01-02 03:29:00+00:00,105.89941849564349,105.95131269869846,105.88533929952332,105.94175893408853,0.0
2024-01-02 03:30:00+00:00,105.94175893408853,105.97601068920504,105.87569577461593,105.87569577461593,0.0
2024-01-02 03:31:00+00:00,105.87569577461593,105.9462661725246,105.77545466213317,105.81743754084809,0.0
2024-01-02 03:32:00+00:00,105.81743754084809,105.85511402057564,105.71210030026248,105.73950486913219,0.0
2024-01-02 03:33:00+00:00,105.73950486913219,105.95854446855111,105.73950486913219,105.95854446855111,0.0
2024-01-02 03:34:00+00:00,105.95854446855111,106.09061091353924,105.9225958794006,105.98404929334205,0.0
2024-01-02 03:35:00+00:00,105.98404929334205,106.1599336721664,105.98404929334205,106.1387230931922,0.0
2024-01-02 03:36:00+00:00,106.1387230931922,106.2623833513023,106.12791319637627,106.12791319637627,0.0
2024-01-02 03:37:00+00:00,106.12791319637627,106.28140033126486,106.12791319637627,106.28140033126486,0.0
2024-01-02 03:38:00+00:00,106.28140033126486,106.30409487715441,106.12660206476636,106.14585931548727,0.0
2024-01-02 03:39:00+00:00,106.14585931548727,106.26262681331623,106.14585931548727,106.17851341237531,0.0
2024-01-02 03:40:00+00:00,106.17851341237531,106.21288524878962,106.09375534069096,106.15585863619606,0.0
2024-01-02 03:41:00+00:00,106.15585863619606,106.15585863619606,105.99615488660595,106.0151091198205,0.0
2024-01-02 03:42:00+00:00,106.0151091198205,106.10181048117614,106.0151091198205,106.10181048117614,0.0
2024-01-02 03:43:00+00:00,106.10181048117614,106.29111169684957,106.10181048117614,106.28969276184945,0.0
2024-01-02 03:44:00+00:00,106.28969276184945,106.28969276184945,106.02935863034666,106.08688961584252,0.0
2024-01-02 03:45:00+00:00,106.08688961584252,106.14380147549802,105.99455734266124,106.04544923856123,0.0
2024-01-02 03:46:00+00:00,106.04544923856123,106.04544923856123,105.83786234508595,105.89515430982287,0.0
2024-01-02 03:47:00+00:00,105.89515430982287,105.90589888086207,105.81601074374584,105.83025435509393,0.0
2024-01-02 03:48:00+00:00,105.83025435509393,106.0137953407371,105.83025435509393,106.0137953407371,0.0
2024-01-02 03:49:00+00:00,106.0137953407371,106.21914368637832,105.98636375629135,106.17951508302023,0.0
2024-01-02 03:50:00+00:00,106.17951508302023,106.37912187772056,106.17951508302023,106.36416527413004,0.0
2024-01-02 03:51:00+00:00,106.36416527413004,106.39615623596498,106.2815562997954,106.3444188750693,0.0
2024-01-02 03:52:00+00:00,106.3444188750693,106.3444188750693,106.10056616719959,106.10056616719959,0.0
2024-01-02 03:53:00+00:00,106.10056616719959,106.10056616719959,105.92128184227488,105.99405592743862,0.0
2024-01-02 03:54:00+00:00,105.99405592743862,106.08964284120876,105.98598206359627,106.01114939138482,0.0
2024-01-02 03:55:00+00:00,106.01114939138482,106.15201041089867,106.01114939138482,106.15201041089867,0.0
2024-01-02 03:56:00+00:00,106.15201041089867,106.2104437054719,106.07814067273108,106.07814067273108,0.0
2024-01-02 03:57:00+00:00,106.07814067273108,106.11813680837878,106.03267033726445,106.11813680837878,0.0
2024-01-02 03:58:00+00:00,106.11813680837878,106.25987134780902,106.11813680837878,106.18837950128048,0.0
2024-01-02 03:59:00+00:00,106.18837950128048,106.23460943241521,106.1542374026854,106.21008970230707,0.0
2024-01-02 04:00:00+00:00,106.21008970230707,106.25885759177699,106.15544502529922,106.25885759177699,0.0
2024-01-02 04:01:00+00:00,106.25885759177699,106.25885759177699,106.0865024119297,106.154263674469,0.0
2024-01-02 04:02:00+00:00,106.154263674469,106.28838920223275,106.154263674469,106.18823777068066,0.0
2024-01-02 04:03:00+00:00,106.18823777068066,106.32814778808172,106.18182648554964,106.3116952591233,0.0
2024-01-02 04:04:00+00:00,106.3116952591233,106.39665249756597,106.2423046534076,106.39665249756597,0.0
2024-01-02 04:05:00+00:00,106.39665249756597,106.47502006692322,106.3887134003561,106.47016090496899,0.0
2024-01-02 04:06:00+00:00,106.47016090496899,106.47016090496899,106.18634381215135,106.18634381215135,0.0
2024-01-02 04:07:00+00:00,106.18634381215135,106.20566192569949,106.10352118348467,106.202378136048,0.0
2024-01-02 04:08:00+00:00,106.202378136048,106.23386333227002,106.14651970132064,106.14651970132064,0.0
2024-01-02 04:09:00+00:00,106.14651970132064,106.17252575611629,106.08935684458234,106.10988910591016,0.0
2024-01-02 04:10:00+00:00,106.10988910591016,106.25134929136753,106.0518143970413,106.25134929136753,0.0
2024-01-02 04:11:00+00:00,106.25134929136753,106.25134929136753,106.02624918279064,106.15086110529737,0.0
2024-01-02 04:12:00+00:00,106.15086110529737,106.34181034583246,106.15086110529737,106.34181034583246,0.0
2024-01-02 04:13:00+00:00,106.34181034583246,106.35200103522689,106.11083113726994,106.11083113726994,0.0
2024-01-02 04:14:00+00:00,106.11083113726994,106.15651679468975,106.0366784201521,106.08884626025034,0.0
2024-01-02 04:15:00+00:00,106.08884626025034,106.10066637683721,105.97015066273678,105.97015066273678,0.0
2024-01-02 04:16:00+00:00,105.97015066273678,106.0547200635643,105.96141641603779,106.04953083593851,0.0
2024-01-02 04:17:00+00:00,106.04953083593851,106.19889315953654,106.00990922443154,106.19889315953654,0.0
2024-01-02 04:18:00+00:00,106.19889315953654,106.25044620293639,106.17309628302095,106.25044620293639,0.0
2024-01-02 04:19:00+00:00,106.25044620293639,106.3024735677424,106.16880431156866,106.18156566654226,0.0
2024-01-02 04:20:00+00:00,106.18156566654226,106.31443485147048,106.18156566654226,106.29009503411353,0.0
2024-01-02 04:21:00+00:00,106.29009503411353,106.32313138590602,106.21105652728086,106.22424429332543,0.0
2024-01-02 04:22:00+00:00,106.22424429332543,106.22424429332543,106.06926534664824,106.06926534664824,0.0
2024-01-02 04:23:00+00:00,106.06926534664824,106.06926534664824,105.85436974884155,105.85995103539389,0.0
2024-01-02 04:24:00+00:00,105.85995103539389,105.99235593380018,105.85995103539389,105.88079948885289,0.0
2024-01-02 04:25:00+00:00,105.88079948885289,106.03236854714248,105.88079948885289,106.02152021970682,0.0
2024-01-02 04:26:00+00:00,106.02152021970682,106.08643263181291,105.90886662632293,105.90886662632293,0.0
2024-01-02 04:27:00+00:00,105.90886662632293,105.98189558935384,105.90886662632293,105.92197968563195,0.0
2024-01-02 04:28:00+00:00,105.92197968563195,105.96796536753783,105.88119697846925,105.96796536753783,0.0
2024-01-02 04:29:00+00:00,105.96796536753783,105.9976917607473,105.92786640242834,105.94511722699006,0.0
2024-01-02 04:30:00+00:00,105.94511722699006,106.04043317702983,105.92930697596702,105.96851491794848,0.0
2024-01-02 04:31:00+00:00,105.96851491794848,106.04806717226487,105.96851491794848,106.02200505753773,0.0
2024-01-02 04:32:00+00:00,106.02200505753773,106.06765672803127,105.96469260633455,106.01454502300368,0.0
2024-01-02 04:33:00+00:00,106.01454502300368,106.10070551044063,105.99404734627792,105.99404734627792,0.0
2024-01-02 04:34:00+00:00,105.99404734627792,106.0407617383148,105.95848644925749,105.97315345760992,0.0
2024-01-02 04:35:00+00:00,105.97315345760992,106.08781769410352,105.96746529985153,105.97934112521601,0.0
2024-01-02 04:36:00+00:00,105.97934112521601,106.05442389280525,105.87218420453014,105.94800369621659,0.0
2024-01-02 04:37:00+00:00,105.94800369621659,106.04845963618884,105.94800369621659,105.97479945866712,0.0
2024-01-02 04:38:00+00:00,105.97479945866712,105.97765051640772,105.82676348386858,105.82676348386858,0.0
2024-01-02 04:39:00+00:00,105.82676348386858,105.94476624698922,105.81584911564883,105.92966634711398,0.0
2024-01-02 04:40:00+00:00,105.92966634711398,105.92966634711398,105.76982369583553,105.78098421956595,0.0
2024-01-02 04:41:00+00:00,105.78098421956595,105.84603230706607,105.64185171680589,105.729155600301,0.0
2024-01-02 04:42:00+00:00,105.729155600301,105.73543842895747,105.52444176148262,105.53618714380418,0.0
2024-01-02 04:43:00+00:00,105.53618714380418,105.5542359044358,105.50704002052676,105.51966397352054,0.0
2024-01-02 04:44:00+00:00,105.51966397352054,105.51966397352054,105.36740041046902,105.4674072357989,0.0
2024-01-02 04:45:00+00:00,105.4674072357989,105.47089015815371,105.28206472800652,105.34714354216852,0.0
2024-01-02 04:46:00+00:00,105.34714354216852,105.34714354216852,105.21867040991205,105.25273316410475,0.0
2024-01-02 04:47:00+00:00,105.25273316410475,105.25273316410475,105.1195977557642,105.1195977557642,0.0
2024-01-02 04:48:00+00:00,105.1195977557642,105.25165211414966,105.1195977557642,105.25165211414966,0.0
2024-01-02 04:49:00+00:00,105.25165211414966,105.34504506599026,105.25165211414966,105.34504506599026,0.0
2024-01-02 04:50:00+00:00,105.34504506599026,105.37707459639685,105.27965420680461,105.31462705238289,0.0
2024-01-02 04:51:00+00:00,105.31462705238289,105.40115041896345,105.31462705238289,105.32344030864192,0.0
2024-01-02 04:52:00+00:00,105.32344030864192,105.59441773616223,105.31894788811356,105.59441773616223,0.0
2024-01-02 04:53:00+00:00,105.59441773616223,105.59441773616223,105.43666356093715,105.47577787430178,0.0
2024-01-02 04:54:00+00:00,105.47577787430178,105.63631910822484,105.47577787430178,105.49002665744607,0.0
2024-01-02 04:55:00+00:00,105.49002665744607,105.5937162481398,105.48318398749755,105.48318398749755,0.0
2024-01-02 04:56:00+00:00,105.48318398749755,105.6582541757348,105.48318398749755,105.64837904785205,0.0
2024-01-02 04:57:00+00:00,105.64837904785205,105.75301728705466,105.64837904785205,105.68071795915539,0.0
2024-01-02 04:58:00+00:00,105.68071795915539,105.68071795915539,105.50345084134831,105.50345084134831,0.0
2024-01-02 04:59:00+00:00,105.50345084134831,105.623749846758,105.41142811075476,105.623749846758,0.0
2024-01-02 05:00:00+00:00,105.623749846758,105.7468813147675,105.62260180312275,105.62260180312275,0.0
2024-01-02 05:01:00+00:00,105.62260180312275,105.6697381410058,105.53175933158273,105.54424568374807,0.0
2024-01-02 05:02:00+00:00,105.54424568374807,105.64815104825429,105.44476776534137,105.64815104825429,0.0
2024-01-02 05:03:00+00:00,105.64815104825429,105.7104237904786,105.62765792005155,105.7104237904786,0.0
2024-01-02 05:04:00+00:00,105.7104237904786,105.85295498471524,105.7104237904786,105.85214309579634,0.0
2024-01-02 05:05:00+00:00,105.85214309579634,105.98104491108846,105.76388637911016,105.76388637911016,0.0
2024-01-02 05:06:00+00:00,105.76388637911016,105.82641510488975,105.7485823146981,105.76987321669891,0.0
2024-01-02 05:07:00+00:00,105.76987321669891,105.79562354204546,105.71342741383015,105.74377031391973,0.0
2024-01-02 05:08:00+00:00,105.74377031391973,105.75573256582818,105.60592139740767,105.60592139740767,0.0
2024-01-02 05:09:00+00:00,105.60592139740767,105.74263250938534,105.60592139740767,105.65813901317694,0.0
2024-01-02 05:10:00+00:00,105.65813901317694,105.65813901317694,105.53331157235263,105.57765742130779,0.0
2024-01-02 05:11:00+00:00,105.57765742130779,105.69822887302718,105.55326081776884,105.69822887302718,0.0
2024-01-02 05:12:00+00:00,105.69822887302718,105.69822887302718,105.54440451248738,105.59863904563687,0.0
2024-01-02 05:13:00+00:00,105.59863904563687,105.60095299800365,105.49007011686503,105.60095299800365,0.0
2024-01-02 05:14:00+00:00,105.60095299800365,105.72308963111918,105.60095299800365,105.6992636278353,0.0
2024-01-02 05:15:00+00:00,105.6992636278353,105.75557288019112,105.59762667161333,105.6529498589471,0.0
2024-01-02 05:16:00+00:00,105.6529498589471,105.68832961788328,105.56741720333386,105.56741720333386,0.0
2024-01-02 05:17:00+00:00,105.56741720333386,105.65044015078915,105.51328268279306,105.53192225566748,0.0
2024-01-02 05:18:00+00:00,105.53192225566748,105.54387410908151,105.47560821037496,105.49888301053424,0.0
2024-01-02 05:19:00+00:00,105.49888301053424,105.503007040948,105.43897286507124,105.46383050913981,0.0
2024-01-02 05:20:00+00:00,105.46383050913981,105.50762804654362,105.39191075557505,105.43104104097662,0.0
2024-01-02 05:21:00+00:00,105.43104104097662,105.54436917361545,105.43104104097662,105.54436917361545,0.0
2024-01-02 05:22:00+00:00,105.54436917361545,105.5906870037533,105.50099181228259,105.5906870037533,0.0
2024-01-02 05:23:00+00:00,105.5906870037533,105.5906870037533,105.42016012005656,105.49783140019139,0.0
2024-01-02 05:24:00+00:00,105.49783140019139,105.65662671265639,105.49783140019139,105.64312990094702,0.0
2024-01-02 05:25:00+00:00,105.64312990094702,105.7352926540207,105.64148559652341,105.65670006370503,0.0
2024-01-02 05:26:00+00:00,105.65670006370503,105.77139050944272,105.62041415078016,105.74284102488058,0.0
2024-01-02 05:27:00+00:00,105.74284102488058,105.74284102488058,105.67774822246477,105.72350420285265,0.0
2024-01-02 05:28:00+00:00,105.72350420285265,105.78850166712832,105.70863664849408,105.7406791804619,0.0
2024-01-02 05:29:00+00:00,105.7406791804619,105.7406791804619,105.5929301893913,105.5929301893913,0.0
2024-01-02 05:30:00+00:00,105.5929301893913,105.70810285314539,105.58974205832362,105.70810285314539,0.0
2024-01-02 05:31:00+00:00,105.70810285314539,105.77212209884598,105.57931200220271,105.57931200220271,0.0
2024-01-02 05:32:00+00:00,105.57931200220271,105.62350678068248,105.55312302259877,105.60854766349044,0.0
2024-01-02 05:33:00+00:00,105.60854766349044,105.60854766349044,105.48343789890052,105.5859029011077,0.0
2024-01-02 05:34:00+00:00,105.5859029011077,105.5859029011077,105.38466321615323,105.38466321615323,0.0
2024-01-02 05:35:00+00:00,105.38466321615323,105.38781010159838,105.26801067083,105.26801067083,0.0
2024-01-02 05:36:00+00:00,105.26801067083,105.3560786949172,105.26007604368536,105.34935126636455,0.0
2024-01-02 05:37:00+00:00,105.34935126636455,105.34935126636455,105.08656961281834,105.12293900068182,0.0
2024-01-02 05:38:00+00:00,105.12293900068182,105.17426043795736,105.0275573052341,105.06248664213,0.0
2024-01-02 05:39:00+00:00,105.06248664213,105.09177457068604,104.9307688425133,104.9307688425133,0.0
2024-01-02 05:40:00+00:00,104.9307688425133,105.09323821018538,104.9307688425133,105.09323821018538,0.0
2024-01-02 05:41:00+00:00,105.09323821018538,105.1760498290134,105.07189324611574,105.16169119142776,0.0
2024-01-02 05:42:00+00:00,105.16169119142776,105.18518368770644,105.06198243193877,105.1697597276286,0.0
2024-01-02 05:43:00+00:00,105.1697597276286,105.1697597276286,104.99125894942053,105.02588048617409,0.0
2024-01-02 05:44:00+00:00,105.02588048617409,105.16389391141426,105.02588048617409,105.13769380125136,0.0
2024-01-02 05:45:00+00:00,105.13769380125136,105.16295713800535,105.10456329271182,105.11943605947928,0.0
2024-01-02 05:46:00+00:00,105.11943605947928,105.21723241149724,105.10512564829527,105.20129797962487,0.0
2024-01-02 05:47:00+00:00,105.20129797962487,105.26840740686897,105.16558805292988,105.26840740686897,0.0
2024-01-02 05:48:00+00:00,105.26840740686897,105.61958007229708,105.2490718016285,105.5885725395964,0.0
2024-01-02 05:49:00+00:00,105.5885725395964,105.63157345415749,105.49669880015196,105.52742703063608,0.0
2024-01-02 05:50:00+00:00,105.52742703063608,105.52742703063608,105.39169490367706,105.396704239819,0.0
2024-01-02 05:51:00+00:00,105.396704239819,105.396704239819,105.28515298554345,105.28515298554345,0.0
2024-01-02 05:52:00+00:00,105.28515298554345,105.5297427607625,105.20585281606529,105.5297427607625,0.0
2024-01-02 05:53:00+00:00,105.5297427607625,105.5297427607625,105.26674625064702,105.26674625064702,0.0
2024-01-02 05:54:00+00:00,105.26674625064702,105.32624979479019,105.24058542379954,105.30506340373128,0.0
2024-01-02 05:55:00+00:00,105.30506340373128,105.31265310212915,105.193894753728,105.31265310212915,0.0
2024-01-02 05:56:00+00:00,105.31265310212915,105.3350092368349,105.2900023720487,105.32304574986662,0.0
2024-01-02 05:57:00+00:00,105.32304574986662,105.50809905898338,105.32304574986662,105.50809905898338,0.0
2024-01-02 05:58:00+00:00,105.50809905898338,105.70113881902274,105.50809905898338,105.67616957303235,0.0
2024-01-02 05:59:00+00:00,105.67616957303235,105.85211591649028,105.67510108460525,105.7886482707836,0.0
2024-01-02 06:00:00+00:00,105.7886482707836,105.82196555019655,105.63554792401916,105.63554792401916,0.0
2024-01-02 06:01:00+00:00,105.63554792401916,105.82663256743426,105.62203836409482,105.77532842663375,0.0
2024-01-02 06:02:00+00:00,105.77532842663375,105.82023125668056,105.75204023030042,105.77214275908553,0.0
2024-01-02 06:03:00+00:00,105.77214275908553,105.83701501370071,105.69389905490539,105.72546920450222,0.0
2024-01-02 06:04:00+00:00,105.72546920450222,105.72876765945001,105.62009235160951,105.69193365093739,0.0
2024-01-02 06:05:00+00:00,105.69193365093739,105.69193365093739,105.52496249199484,105.53762360587484,0.0
2024-01-02 06:06:00+00:00,105.53762360587484,105.6957782719153,105.50779508924731,105.6957782719153,0.0
2024-01-02 06:07:00+00:00,105.6957782719153,105.80528807675859,105.62823954811495,105.62823954811495,0.0
2024-01-02 06:08:00+00:00,105.62823954811495,105.79861684201053,105.62823954811495,105.79861684201053,0.0
2024-01-02 06:09:00+00:00,105.79861684201053,105.8397609725716,105.76536192029667,105.8377824140606,0.0
2024-01-02 06:10:00+00:00,105.8377824140606,105.84064137678841,105.70900170425442,105.72533828957872,0.0
2024-01-02 06:11:00+00:00,105.72533828957872,105.73046697566197,105.59189154338914,105.71734682832083,0.0
2024-01-02 06:12:00+00:00,105.71734682832083,105.77890097672567,105.6903617190382,105.71124513488655,0.0
2024-01-02 06:13:00+00:00,105.71124513488655,105.75386881432647,105.63175000305769,105.66199606083516,0.0
2024-01-02 06:14:00+00:00,105.66199606083516,105.73514779690022,105.61900128265947,105.61900128265947,0.0
2024-01-02 06:15:00+00:00,105.61900128265947,105.62999096508972,105.50841408033213,105.50841408033213,0.0
2024-01-02 06:16:00+00:00,105.50841408033213,105.54481330323935,105.40181349496805,105.40181349496805,0.0
2024-01-02 06:17:00+00:00,105.40181349496805,105.42112050428395,105.24577477325555,105.25266615333884,0.0
2024-01-02 06:18:00+00:00,105.25266615333884,105.42068538305128,105.21700637849649,105.42068538305128,0.0
2024-01-02 06:19:00+00:00,105.42068538305128,105.47788083863017,105.39050440881446,105.47788083863017,0.0
2024-01-02 06:20:00+00:00,105.47788083863017,105.57831936443284,105.41590272661828,105.56516875059303,0.0
2024-01-02 06:21:00+00:00,105.56516875059303,105.56516875059303,105.47142160046333,105.48551616983329,0.0
2024-01-02 06:22:00+00:00,105.48551616983329,105.51142607530511,105.4455872801748,105.49612299753501,0.0
2024-01-02 06:23:00+00:00,105.49612299753501,105.49612299753501,105.30498306320155,105.30498306320155,0.0
2024-01-02 06:24:00+00:00,105.30498306320155,105.30498306320155,105.23856270762425,105.28877282259882,0.0
2024-01-02 06:25:00+00:00,105.28877282259882,105.35264946513523,105.28378238926773,105.35264946513523,0.0
2024-01-02 06:26:00+00:00,105.35264946513523,105.55722614166761,105.35264946513523,105.50952624509945,0.0
2024-01-02 06:27:00+00:00,105.50952624509945,105.66794172041153,105.49747078753082,105.64985787983926,0.0
2024-01-02 06:28:00+00:00,105.64985787983926,105.84781183588291,105.6317056833333,105.79763498020057,0.0
2024-01-02 06:29:00+00:00,105.79763498020057,105.9853079928676,105.79763498020057,105.91575198965437,0.0
2024-01-02 06:30:00+00:00,105.91575198965437,105.93221993935151,105.81581656629409,105.87231837019743,0.0
2024-01-02 06:31:00+00:00,105.87231837019743,106.01505385231876,105.87231837019743,106.01505385231876,0.0
2024-01-02 06:32:00+00:00,106.01505385231876,106.07885564516663,105.93105174719115,106.07885564516663,0.0
2024-01-02 06:33:00+00:00,106.07885564516663,106.11869276231717,105.83695641172518,105.85172500807258,0.0
2024-01-02 06:34:00+00:00,105.85172500807258,105.85172500807258,105.7455749829656,105.7505799100135,0.0
2024-01-02 06:35:00+00:00,105.7505799100135,106.00335209709127,105.72497004818375,105.99421309648619,0.0
2024-01-02 06:36:00+00:00,105.99421309648619,106.01086178732957,105.78015790855049,105.78015790855049,0.0
2024-01-02 06:37:00+00:00,105.78015790855049,105.81428402915698,105.68986760179777,105.81428402915698,0.0
2024-01-02 06:38:00+00:00,105.81428402915698,105.95333674932726,105.81428402915698,105.95333674932726,0.0
2024-01-02 06:39:00+00:00,105.95333674932726,105.95962763737064,105.85535836799279,105.85535836799279,0.0
2024-01-02 06:40:00+00:00,105.85535836799279,106.0165417405191,105.83652350760103,105.99961194376769,0.0
2024-01-02 06:41:00+00:00,105.99961194376769,106.03697430384166,105.88637131817748,105.9402811105723,0.0
2024-01-02 06:42:00+00:00,105.9402811105723,105.9703302752361,105.90500813788232,105.9703302752361,0.0
2024-01-02 06:43:00+00:00,105.9703302752361,106.17229534193889,105.95754487689013,106.17229534193889,0.0
2024-01-02 06:44:00+00:00,106.17229534193889,106.17229534193889,106.07684596095746,106.07963612694758,0.0
2024-01-02 06:45:00+00:00,106.07963612694758,106.15497801503362,105.92019402319572,105.93115460870219,0.0
2024-01-02 06:46:00+00:00,105.93115460870219,106.08629278109368,105.89792731399722,106.04499890828596,0.0
2024-01-02 06:47:00+00:00,106.04499890828596,106.16653361290598,106.04499890828596,106.16653361290598,0.0
2024-01-02 06:48:00+00:00,106.16653361290598,106.2029560270185,106.09438338796906,106.09438338796906,0.0
2024-01-02 06:49:00+00:00,106.09438338796906,106.15710941447841,106.05142384570478,106.15710941447841,0.0
2024-01-02 06:50:00+00:00,106.15710941447841,106.15710941447841,105.99539976429179,106.0254450321356,0.0
2024-01-02 06:51:00+00:00,106.0254450321356,106.04742205849418,105.90014309815095,105.944542288926,0.0
2024-01-02 06:52:00+00:00,105.944542288926,105.97510119240825,105.86945839065785,105.9248929791981,0.0
2024-01-02 06:53:00+00:00,105.9248929791981,106.07290840034344,105.89023828525592,106.06561233336393,0.0
2024-01-02 06:54:00+00:00,106.06561233336393,106.09400334735933,105.9591620422125,106.0178454672726,0.0
2024-01-02 06:55:00+00:00,106.0178454672726,106.0178454672726,105.89590982099156,105.93549734812203,0.0
2024-01-02 06:56:00+00:00,105.93549734812203,105.96577027265305,105.82701790909681,105.87436454755516,0.0
2024-01-02 06:57:00+00:00,105.87436454755516,105.95270044127076,105.8021582426544,105.8021582426544,0.0
2024-01-02 06:58:00+00:00,105.8021582426544,105.82866131556904,105.60127355541333,105.61609203461508,0.0
2024-01-02 06:59:00+00:00,105.61609203461508,105.61609203461508,105.48170289459085,105.48170289459085,0.0
2024-01-02 07:00:00+00:00,105.48170289459085,105.59560723113276,105.48170289459085,105.49358547954108,0.0
2024-01-02 07:01:00+00:00,105.49358547954108,105.66282599809705,105.43169961617727,105.60562970589771,0.0
2024-01-02 07:02:00+00:00,105.60562970589771,105.66008197939398,105.48362310307463,105.52489225331183,0.0
2024-01-02 07:03:00+00:00,105.52489225331183,105.52489225331183,105.36940963700049,105.37013697909639,0.0
2024-01-02 07:04:00+00:00,105.37013697909639,105.37013697909639,105.04268246191673,105.04268246191673,0.0
2024-01-02 07:05:00+00:00,105.04268246191673,105.04268246191673,104.84523278115816,104.86682584104948,0.0
2024-01-02 07:06:00+00:00,104.86682584104948,104.90442886257868,104.80342142506593,104.903273293865,0.0
2024-01-02 07:07:00+00:00,104.903273293865,105.03501236225131,104.86982474295624,104.95146183747676,0.0
2024-01-02 07:08:00+00:00,104.95146183747676,104.98428916703855,104.863253143872,104.91580062021488,0.0
2024-01-02 07:09:00+00:00,104.91580062021488,104.91580062021488,104.84097925028475,104.84097925028475,0.0
2024-01-02 07:10:00+00:00,104.84097925028475,104.86342907238785,104.7276431892966,104.84252384805697,0.0
2024-01-02 07:11:00+00:00,104.84252384805697,104.93994634844174,104.81086083983637,104.92789469705868,0.0
2024-01-02 07:12:00+00:00,104.92789469705868,104.92789469705868,104.67926077680559,104.72558757998166,0.0
2024-01-02 07:13:00+00:00,104.72558757998166,104.77591146372365,104.71769156910295,104.74669050277616,0.0
2024-01-02 07:14:00+00:00,104.74669050277616,104.76392033263846,104.62693872853177,104.70913796125689,0.0
2024-01-02 07:15:00+00:00,104.70913796125689,104.74002716567807,104.67561505504071,104.71125202841434,0.0
2024-01-02 07:16:00+00:00,104.71125202841434,104.749593744152,104.69094589288096,104.74577758154219,0.0
2024-01-02 07:17:00+00:00,104.74577758154219,104.76509723317577,104.67309634406041,104.73224132833704,0.0
2024-01-02 07:18:00+00:00,104.73224132833704,104.74364060918114,104.6103027532279,104.6103027532279,0.0
2024-01-02 07:19:00+00:00,104.6103027532279,104.6103027532279,104.49157937742197,104.55276595144875,0.0
2024-01-02 07:20:00+00:00,104.55276595144875,104.62246349656002,104.51828826783664,104.5986778612968,0.0
2024-01-02 07:21:00+00:00,104.5986778612968,104.69477387514519,104.59205382648346,104.68261138991629,0.0
2024-01-02 07:22:00+00:00,104.68261138991629,104.7007520331282,104.6455952878155,104.6455952878155,0.0
2024-01-02 07:23:00+00:00,104.6455952878155,104.66854151382796,104.56567443455855,104.57872543520132,0.0
2024-01-02 07:24:00+00:00,104.57872543520132,104.57872543520132,104.52879561185168,104.52879561185168,0.0
2024-01-02 07:25:00+00:00,104.52879561185168,104.52879561185168,104.43182590406303,104.43182590406303,0.0
2024-01-02 07:26:00+00:00,104.43182590406303,104.53766444139879,104.43182590406303,104.51296596566712,0.0
2024-01-02 07:27:00+00:00,104.51296596566712,104.54357582787497,104.45455494764443,104.51644776440023,0.0
2024-01-02 07:28:00+00:00,104.51644776440023,104.59467204873924,104.48101868983807,104.57580576933337,0.0
2024-01-02 07:29:00+00:00,104.57580576933337,104.57580576933337,104.38271570450728,104.38271570450728,0.0
2024-01-02 07:30:00+00:00,104.38271570450728,104.38271570450728,104.29977540515819,104.31825724872883,0.0
2024-01-02 07:31:00+00:00,104.31825724872883,104.47938149911658,104.31159449288657,104.47938149911658,0.0
2024-01-02 07:32:00+00:00,104.47938149911658,104.47938149911658,104.32225705090386,104.32225705090386,0.0
2024-01-02 07:33:00+00:00,104.32225705090386,104.32225705090386,104.21973991980727,104.28940561364142,0.0
2024-01-02 07:34:00+00:00,104.28940561364142,104.4333675389112,104.28940561364142,104.40884236235341,0.0
2024-01-02 07:35:00+00:00,104.40884236235341,104.40884236235341,104.20130392116444,104.24404879136057,0.0
2024-01-02 07:36:00+00:00,104.24404879136057,104.35292346278906,104.24404879136057,104.27528191715174,0.0
2024-01-02 07:37:00+00:00,104.27528191715174,104.3296981269674,104.24272467618863,104.24272467618863,0.0
2024-01-02 07:38:00+00:00,104.24272467618863,104.3047200636272,104.19766027648086,104.28268623398489,0.0
2024-01-02 07:39:00+00:00,104.28268623398489,104.28268623398489,104.16986396694217,104.21219998883649,0.0
2024-01-02 07:40:00+00:00,104.21219998883649,104.35420601668336,104.18136727126871,104.35420601668336,0.0
2024-01-02 07:41:00+00:00,104.35420601668336,104.37031998163127,104.26912722807513,104.35327889603107,0.0
2024-01-02 07:42:00+00:00,104.35327889603107,104.35327889603107,104.12218247534159,104.12218247534159,0.0
2024-01-02 07:43:00+00:00,104.12218247534159,104.28403950217528,104.06766482331302,104.28403950217528,0.0
2024-01-02 07:44:00+00:00,104.28403950217528,104.40997219111225,104.24969622158282,104.40997219111225,0.0
2024-01-02 07:45:00+00:00,104.40997219111225,104.45254654726124,104.28862858843819,104.3813028706578,0.0
2024-01-02 07:46:00+00:00,104.3813028706578,104.50097295616385,104.3813028706578,104.50097295616385,0.0
2024-01-02 07:47:00+00:00,104.50097295616385,104.57765621781107,104.50097295616385,104.55847803770939,0.0
2024-01-02 07:48:00+00:00,104.55847803770939,104.55847803770939,104.35255521835383,104.37402931878569,0.0
2024-01-02 07:49:00+00:00,104.37402931878569,104.41730736416227,104.34277074814416,104.41221152449165,0.0
2024-01-02 07:50:00+00:00,104.41221152449165,104.44180965837107,104.35097205719035,104.42161292163281,0.0
2024-01-02 07:51:00+00:00,104.42161292163281,104.47407233160875,104.39930676605425,104.4278392634694,0.0
2024-01-02 07:52:00+00:00,104.4278392634694,104.62187616680683,104.38792209348539,104.60058321227905,0.0
2024-01-02 07:53:00+00:00,104.60058321227905,104.62521039692861,104.52611417308248,104.61619400512211,0.0
2024-01-02 07:54:00+00:00,104.61619400512211,104.66253978048319,104.59481485461892,104.64659374564422,0.0
2024-01-02 07:55:00+00:00,104.64659374564422,104.65113796192037,104.53363533506004,104.61633150984315,0.0
2024-01-02 07:56:00+00:00,104.61633150984315,104.68510635950622,104.54996868914387,104.61092496331483,0.0
2024-01-02 07:57:00+00:00,104.61092496331483,104.6205265917411,104.55423247101827,104.59771730332545,0.0
2024-01-02 07:58:00+00:00,104.59771730332545,104.59771730332545,104.44443973486888,104.44443973486888,0.0
2024-01-02 07:59:00+00:00,104.44443973486888,104.44443973486888,104.28461606151414,104.32918300880863,0.0
2024-01-02 08:00:00+00:00,104.32918300880863,104.46948408918603,104.32918300880863,104.45655539097713,0.0
2024-01-02 08:01:00+00:00,104.45655539097713,104.51593778416657,104.39876022678789,104.422644824764,0.0
2024-01-02 08:02:00+00:00,104.422644824764,104.52111873920761,104.422644824764,104.52111873920761,0.0
2024-01-02 08:03:00+00:00,104.52111873920761,104.59360065137365,104.4670546602334,104.47728416944682,0.0
2024-01-02 08:04:00+00:00,104.47728416944682,104.55662277617638,104.38793798417127,104.38793798417127,0.0
2024-01-02 08:05:00+00:00,104.38793798417127,104.38793798417127,104.20413585332625,104.24855717541499,0.0
2024-01-02 08:06:00+00:00,104.24855717541499,104.24855717541499,103.9664642444802,103.9664642444802,0.0
2024-01-02 08:07:00+00:00,103.9664642444802,104.07436706384284,103.95640027328702,103.95640027328702,0.0
2024-01-02 08:08:00+00:00,103.95640027328702,104.01258468388971,103.93274478904425,103.99842792889426,0.0
2024-01-02 08:09:00+00:00,103.99842792889426,104.01761190957738,103.96754998909277,103.98462231768912,0.0
2024-01-02 08:10:00+00:00,103.98462231768912,103.98462231768912,103.80477687743627,103.81835325820444,0.0
2024-01-02 08:11:00+00:00,103.81835325820444,103.90282858576523,103.75970360684931,103.90282858576523,0.0
2024-01-02 08:12:00+00:00,103.90282858576523,104.18285383705037,103.90282858576523,104.18285383705037,0.0
2024-01-02 08:13:00+00:00,104.18285383705037,104.28843695046447,104.11574094621112,104.28843695046447,0.0
2024-01-02 08:14:00+00:00,104.28843695046447,104.46773075582172,104.22501876286329,104.46773075582172,0.0
2024-01-02 08:15:00+00:00,104.46773075582172,104.55029649329299,104.46773075582172,104.50455963952167,0.0
2024-01-02 08:16:00+00:00,104.50455963952167,104.5557034148921,104.43929957315461,104.48088580902933,0.0
2024-01-02 08:17:00+00:00,104.48088580902933,104.48088580902933,104.33755944719603,104.33755944719603,0.0
2024-01-02 08:18:00+00:00,104.33755944719603,104.38601680090802,104.28855587265825,104.30987915943997,0.0
2024-01-02 08:19:00+00:00,104.30987915943997,104.38939096697435,104.27306690670156,104.35765182392954,0.0
2024-01-02 08:20:00+00:00,104.35765182392954,104.39711394979912,104.31514966096239,104.39711394979912,0.0
2024-01-02 08:21:00+00:00,104.39711394979912,104.47928010094144,104.3655948985704,104.47928010094144,0.0
2024-01-02 08:22:00+00:00,104.47928010094144,104.511943093978,104.42785523053483,104.47424889799125,0.0
2024-01-02 08:23:00+00:00,104.47424889799125,104.58149081271644,104.35687078033995,104.58149081271644,0.0
2024-01-02 08:24:00+00:00,104.58149081271644,104.71623488354857,104.58149081271644,104.66284530210511,0.0
2024-01-02 08:25:00+00:00,104.66284530210511,104.76458336551251,104.57177633861615,104.63375949063973,0.0
2024-01-02 08:26:00+00:00,104.63375949063973,104.71356941000776,104.58637757199305,104.58637757199305,0.0
2024-01-02 08:27:00+00:00,104.58637757199305,104.75595556209636,104.56534576866238,104.75595556209636,0.0
2024-01-02 08:28:00+00:00,104.75595556209636,104.82682471282261,104.75595556209636,104.79485014620502,0.0
2024-01-02 08:29:00+00:00,104.79485014620502,105.03919243603644,104.79485014620502,105.03919243603644,0.0
2024-01-02 08:30:00+00:00,105.03919243603644,105.15179844840972,105.03032229105649,105.03665056424887,0.0
2024-01-02 08:31:00+00:00,105.03665056424887,105.2040605853706,105.01806786456484,105.10317953838333,0.0
2024-01-02 08:32:00+00:00,105.10317953838333,105.18690969717363,105.06829796761357,105.12430728039645,0.0
2024-01-02 08:33:00+00:00,105.12430728039645,105.12430728039645,104.98187615353295,104.98187615353295,0.0
2024-01-02 08:34:00+00:00,104.98187615353295,105.00122849651463,104.85218378633071,104.87711440982125,0.0
2024-01-02 08:35:00+00:00,104.87711440982125,104.87789212859637,104.80555253558664,104.82008537166767,0.0
2024-01-02 08:36:00+00:00,104.82008537166767,104.99453957160078,104.793911635378,104.91712802951973,0.0
2024-01-02 08:37:00+00:00,104.91712802951973,105.0124685223582,104.8557854579826,104.98593071000231,0.0
2024-01-02 08:38:00+00:00,104.98593071000231,104.98593071000231,104.89961420548165,104.91513606336369,0.0
2024-01-02 08:39:00+00:00,104.91513606336369,104.91513606336369,104.81305891896025,104.81305891896025,0.0
2024-01-02 08:40:00+00:00,104.81305891896025,104.92595144629685,104.81305891896025,104.9034255493564,0.0
2024-01-02 08:41:00+00:00,104.9034255493564,104.94319984093224,104.8222550961016,104.83562535871775,0.0
2024-01-02 08:42:00+00:00,104.83562535871775,104.83562535871775,104.66677623454869,104.70342948167715,0.0
2024-01-02 08:43:00+00:00,104.70342948167715,104.70342948167715,104.62202340267898,104.62202340267898,0.0
2024-01-02 08:44:00+00:00,104.62202340267898,104.74624483889251,104.62001655999866,104.68873504313345,0.0
2024-01-02 08:45:00+00:00,104.68873504313345,104.74560269541081,104.61366450860477,104.66170692963489,0.0
2024-01-02 08:46:00+00:00,104.66170692963489,104.71864500813241,104.62389138282096,104.65165217509083,0.0
2024-01-02 08:47:00+00:00,104.65165217509083,104.74848845558817,104.59488886050912,104.59488886050912,0.0
2024-01-02 08:48:00+00:00,104.59488886050912,104.71317233290185,104.5100242820974,104.61371286132123,0.0
2024-01-02 08:49:00+00:00,104.61371286132123,104.68075820657722,104.46296530008689,104.46296530008689,0.0
2024-01-02 08:50:00+00:00,104.46296530008689,104.52446029700428,104.42842293062236,104.47145327558252,0.0
2024-01-02 08:51:00+00:00,104.47145327558252,104.50705075087636,104.41444151847759,104.41444151847759,0.0
2024-01-02 08:52:00+00:00,104.41444151847759,104.48529568815053,104.36633216245563,104.36633216245563,0.0
2024-01-02 08:53:00+00:00,104.36633216245563,104.43218167577976,104.32892606744214,104.40014139720553,0.0
2024-01-02 08:54:00+00:00,104.40014139720553,104.53042683681159,104.3959925783986,104.48331329944845,0.0
2024-01-02 08:55:00+00:00,104.48331329944845,104.49851171073259,104.38063288368593,104.45027358969432,0.0
2024-01-02 08:56:00+00:00,104.45027358969432,104.73722816822352,104.45027358969432,104.73509956556256,0.0
2024-01-02 08:57:00+00:00,104.73509956556256,104.87581781329723,104.73509956556256,104.78578522285244,0.0
2024-01-02 08:58:00+00:00,104.78578522285244,104.83131744372142,104.74199052609701,104.7581376386132,0.0
2024-01-02 08:59:00+00:00,104.7581376386132,104.76456357632077,104.61464298471157,104.64938162527311,0.0
2024-01-02 09:00:00+00:00,104.64938162527311,104.71120173196984,104.60582398186587,104.71120173196984,0.0
2024-01-02 09:01:00+00:00,104.71120173196984,104.86635263030443,104.67927513242722,104.86635263030443,0.0
2024-01-02 09:02:00+00:00,104.86635263030443,104.99022743383347,104.8464542921994,104.9427122168692,0.0
2024-01-02 09:03:00+00:00,104.9427122168692,104.9427122168692,104.78166035170719,104.83640673874964,0.0
2024-01-02 09:04:00+00:00,104.83640673874964,104.93251334792674,104.82699041150654,104.85084915799854,0.0
2024-01-02 09:05:00+00:00,104.85084915799854,104.85084915799854,104.5978897345231,104.5978897345231,0.0
2024-01-02 09:06:00+00:00,104.5978897345231,104.64808438268743,104.28812203332525,104.28812203332525,0.0
2024-01-02 09:07:00+00:00,104.28812203332525,104.28812203332525,104.08353569921042,104.08353569921042,0.0
2024-01-02 09:08:00+00:00,104.08353569921042,104.10438586043053,104.00991990537523,104.05521738681904,0.0
2024-01-02 09:09:00+00:00,104.05521738681904,104.13574979280351,103.94589951502502,103.94589951502502,0.0
2024-01-02 09:10:00+00:00,103.94589951502502,103.95301059125109,103.83889044960758,103.83889044960758,0.0
2024-01-02 09:11:00+00:00,103.83889044960758,103.83889044960758,103.66464099982372,103.6920668862172,0.0
2024-01-02 09:12:00+00:00,103.6920668862172,103.75386707483669,103.68444935426746,103.73179641304428,0.0
2024-01-02 09:13:00+00:00,103.73179641304428,103.73179641304428,103.56417689455213,103.61446071398385,0.0
2024-01-02 09:14:00+00:00,103.61446071398385,103.61446071398385,103.44265993147808,103.44265993147808,0.0
2024-01-02 09:15:00+00:00,103.44265993147808,103.61776125654043,103.43281797471633,103.61776125654043,0.0
2024-01-02 09:16:00+00:00,103.61776125654043,103.69793989873511,103.58764199934727,103.62587713482357,0.0
2024-01-02 09:17:00+00:00,103.62587713482357,103.67814380139247,103.6133852549642,103.63168230129206,0.0
2024-01-02 09:18:00+00:00,103.63168230129206,103.63168230129206,103.50520530336692,103.50520530336692,0.0
2024-01-02 09:19:00+00:00,103.50520530336692,103.57387315011334,103.50275724688335,103.52128789453819,0.0
2024-01-02 09:20:00+00:00,103.52128789453819,103.62529294466273,103.52128789453819,103.52786107844918,0.0
2024-01-02 09:21:00+00:00,103.52786107844918,103.62209574769899,103.4965755649352,103.4965755649352,0.0
2024-01-02 09:22:00+00:00,103.4965755649352,103.61754352577431,103.4965755649352,103.55760793021051,0.0
2024-01-02 09:23:00+00:00,103.55760793021051,103.58052760771494,103.5025678217938,103.51016256388488,0.0
2024-01-02 09:24:00+00:00,103.51016256388488,103.60440134131568,103.50207931351042,103.60440134131568,0.0
2024-01-02 09:25:00+00:00,103.60440134131568,103.77772096961891,103.59807382192429,103.72880040539751,0.0
2024-01-02 09:26:00+00:00,103.72880040539751,103.7410223127327,103.69383267054306,103.69383267054306,0.0
2024-01-02 09:27:00+00:00,103.69383267054306,103.69383267054306,103.46451249865574,103.47912108234212,0.0
2024-01-02 09:28:00+00:00,103.47912108234212,103.50060957820237,103.4058595526224,103.4058595526224,0.0
2024-01-02 09:29:00+00:00,103.4058595526224,103.4058595526224,103.29932619151175,103.34377954372722,0.0
2024-01-02 09:30:00+00:00,103.34377954372722,103.34377954372722,103.1882676962344,103.22243163071884,0.0
2024-01-02 09:31:00+00:00,103.22243163071884,103.28596200585527,103.16814693443844,103.21443310572434,0.0
2024-01-02 09:32:00+00:00,103.21443310572434,103.47213860726684,103.21443310572434,103.39400654566458,0.0
2024-01-02 09:33:00+00:00,103.39400654566458,103.45523078512929,103.37362545427024,103.37890929780924,0.0
2024-01-02 09:34:00+00:00,103.37890929780924,103.38236426930106,103.34632369396205,103.35749342059567,0.0
2024-01-02 09:35:00+00:00,103.35749342059567,103.49937256342062,103.35749342059567,103.45722973861866,0.0
2024-01-02 09:36:00+00:00,103.45722973861866,103.55740428303406,103.45722973861866,103.47697062729567,0.0
2024-01-02 09:37:00+00:00,103.47697062729567,103.64166387422387,103.47697062729567,103.53543814677282,0.0
2024-01-02 09:38:00+00:00,103.53543814677282,103.63507523115068,103.49687934847589,103.56096132539868,0.0
2024-01-02 09:39:00+00:00,103.56096132539868,103.56096132539868,103.3495185528798,103.3495185528798,0.0
2024-01-02 09:40:00+00:00,103.3495185528798,103.3495185528798,103.16630673389777,103.27288052688995,0.0
2024-01-02 09:41:00+00:00,103.27288052688995,103.2991166763266,103.15519548839308,103.2991166763266,0.0
2024-01-02 09:42:00+00:00,103.2991166763266,103.39080687326195,103.2839300441309,103.39080687326195,0.0
2024-01-02 09:43:00+00:00,103.39080687326195,103.52442791573776,103.23911073801916,103.23911073801916,0.0
2024-01-02 09:44:00+00:00,103.23911073801916,103.23911073801916,103.06960541750911,103.17035802610225,0.0
2024-01-02 09:45:00+00:00,103.17035802610225,103.49569444692595,103.17035802610225,103.43002867149563,0.0
2024-01-02 09:46:00+00:00,103.43002867149563,103.44659037028782,103.39707626882584,103.43355464844664,0.0
2024-01-02 09:47:00+00:00,103.43355464844664,103.61917794380845,103.43355464844664,103.48246079549602,0.0
2024-01-02 09:48:00+00:00,103.48246079549602,103.55409114365173,103.45876465745627,103.53920959862964,0.0
2024-01-02 09:49:00+00:00,103.53920959862964,103.60607488088355,103.48710333819011,103.51595252312231,0.0
2024-01-02 09:50:00+00:00,103.51595252312231,103.7159981366763,103.49184274091833,103.70256067290124,0.0
2024-01-02 09:51:00+00:00,103.70256067290124,103.7708847972412,103.65804255370337,103.76002467444215,0.0
2024-01-02 09:52:00+00:00,103.76002467444215,103.79543375661598,103.68014820789429,103.68221345013389,0.0
2024-01-02 09:53:00+00:00,103.68221345013389,103.68221345013389,103.48870590163976,103.49544179943219,0.0
2024-01-02 09:54:00+00:00,103.49544179943219,103.65007311727757,103.48435988167796,103.62234424262218,0.0
2024-01-02 09:55:00+00:00,103.62234424262218,103.64416065901837,103.50905898741388,103.61839721360987,0.0
2024-01-02 09:56:00+00:00,103.61839721360987,103.61839721360987,103.51497359442469,103.57329569574443,0.0
2024-01-02 09:57:00+00:00,103.57329569574443,103.5966836773702,103.49506533653395,103.5966836773702,0.0
2024-01-02 09:58:00+00:00,103.5966836773702,103.65358422663175,103.52933203127846,103.52933203127846,0.0
2024-01-02 09:59:00+00:00,103.52933203127846,103.55619752422584,103.45698623321351,103.45698623321351,0.0
2024-01-02 10:00:00+00:00,103.45698623321351,103.61013698786566,103.45698623321351,103.61013698786566,0.0
2024-01-02 10:01:00+00:00,103.61013698786566,103.71127835450221,103.57664862719004,103.71127835450221,0.0
2024-01-02 10:02:00+00:00,103.71127835450221,103.88267419437481,103.71127835450221,103.88267419437481,0.0
2024-01-02 10:03:00+00:00,103.88267419437481,103.88267419437481,103.79712180731367,103.85110814489927,0.0
2024-01-02 10:04:00+00:00,103.85110814489927,103.98035238827754,103.76880477045592,103.76880477045592,0.0
2024-01-02 10:05:00+00:00,103.76880477045592,103.80517019055468,103.70384141703578,103.77396721033776,0.0
2024-01-02 10:06:00+00:00,103.77396721033776,103.865852955088,103.763125296437,103.763125296437,0.0
2024-01-02 10:07:00+00:00,103.763125296437,103.763125296437,103.61243315278833,103.6812489929891,0.0
2024-01-02 10:08:00+00:00,103.6812489929891,103.6812489929891,103.57032034780741,103.57032034780741,0.0
2024-01-02 10:09:00+00:00,103.57032034780741,103.66788761422136,103.52605065279032,103.52605065279032,0.0
2024-01-02 10:10:00+00:00,103.52605065279032,103.58908012020927,103.466284163101,103.53922247839861,0.0
2024-01-02 10:11:00+00:00,103.53922247839861,103.54132577359667,103.43356255221413,103.5097320825437,0.0
2024-01-02 10:12:00+00:00,103.5097320825437,103.56900152836843,103.46153060143598,103.48309914176843,0.0
2024-01-02 10:13:00+00:00,103.48309914176843,103.4995204507973,103.39611454223207,103.4995204507973,0.0
2024-01-02 10:14:00+00:00,103.4995204507973,103.56325986116514,103.45303774019199,103.45465364554515,0.0
2024-01-02 10:15:00+00:00,103.45465364554515,103.54324685432279,103.39078122919179,103.43247044460126,0.0
2024-01-02 10:16:00+00:00,103.43247044460126,103.63015708012045,103.43247044460126,103.63015708012045,0.0
2024-01-02 10:17:00+00:00,103.63015708012045,103.63015708012045,103.55681342782128,103.55898661853797,0.0
2024-01-02 10:18:00+00:00,103.55898661853797,103.62167542482008,103.50386881488085,103.59085556223309,0.0
2024-01-02 10:19:00+00:00,103.59085556223309,103.64104598286279,103.46783396887776,103.46783396887776,0.0
2024-01-02 10:20:00+00:00,103.46783396887776,103.46783396887776,103.39456784217019,103.39456784217019,0.0
2024-01-02 10:21:00+00:00,103.39456784217019,103.4391277231838,103.27712430846704,103.27712430846704,0.0
2024-01-02 10:22:00+00:00,103.27712430846704,103.35721450275386,103.2558364332232,103.29810785270128,0.0
2024-01-02 10:23:00+00:00,103.29810785270128,103.29810785270128,103.0907796686838,103.10708893687364,0.0
2024-01-02 10:24:00+00:00,103.10708893687364,103.10708893687364,103.03393994215753,103.049394731129,0.0
2024-01-02 10:25:00+00:00,103.049394731129,103.17702358723541,103.04356461856956,103.17702358723541,0.0
2024-01-02 10:26:00+00:00,103.17702358723541,103.32553648903728,103.15290215847304,103.32553648903728,0.0
2024-01-02 10:27:00+00:00,103.32553648903728,103.44097815520115,103.31592713960889,103.35479820039902,0.0
2024-01-02 10:28:00+00:00,103.35479820039902,103.4634877330648,103.34598295159637,103.4634877330648,0.0
2024-01-02 10:29:00+00:00,103.4634877330648,103.73373415934677,103.4634877330648,103.73373415934677,0.0
2024-01-02 10:30:00+00:00,103.73373415934677,103.76327710630362,103.58763906455496,103.58763906455496,0.0
2024-01-02 10:31:00+00:00,103.58763906455496,103.63801816089249,103.54397180329245,103.58329398246079,0.0
2024-01-02 10:32:00+00:00,103.58329398246079,103.60322331308491,103.48606523512582,103.49481035258061,0.0
2024-01-02 10:33:00+00:00,103.49481035258061,103.50070149473017,103.42856908911484,103.42856908911484,0.0
2024-01-02 10:34:00+00:00,103.42856908911484,103.56066739421814,103.42856908911484,103.464605766917,0.0
2024-01-02 10:35:00+00:00,103.464605766917,103.55442902123872,103.45166840241521,103.49468120803428,0.0
2024-01-02 10:36:00+00:00,103.49468120803428,103.49468120803428,103.28998767307587,103.31353626650815,0.0
2024-01-02 10:37:00+00:00,103.31353626650815,103.3465594141319,103.11582867879828,103.22784829263242,0.0
2024-01-02 10:38:00+00:00,103.22784829263242,103.39233934105872,103.2237098050623,103.39233934105872,0.0
2024-01-02 10:39:00+00:00,103.39233934105872,103.44694990964267,103.30900014791436,103.30900014791436,0.0
2024-01-02 10:40:00+00:00,103.30900014791436,103.32203563798267,103.10798304915843,103.10798304915843,0.0
2024-01-02 10:41:00+00:00,103.10798304915843,103.19510813192007,103.1048773005193,103.19510813192007,0.0
2024-01-02 10:42:00+00:00,103.19510813192007,103.2827489711052,103.1287134903617,103.25741405938474,0.0
2024-01-02 10:43:00+00:00,103.25741405938474,103.34091359621705,103.22741643605522,103.27275680841238,0.0
2024-01-02 10:44:00+00:00,103.27275680841238,103.37913294339492,103.26254115354327,103.31593487122379,0.0
2024-01-02 10:45:00+00:00,103.31593487122379,103.35336210764763,103.31593487122379,103.32423041587553,0.0
2024-01-02 10:46:00+00:00,103.32423041587553,103.32423041587553,103.19408221215673,103.19408221215673,0.0
2024-01-02 10:47:00+00:00,103.19408221215673,103.29807287245299,103.14676773274819,103.2004764621035,0.0
2024-01-02 10:48:00+00:00,103.2004764621035,103.29346501420054,103.2004764621035,103.28644872346305,0.0
2024-01-02 10:49:00+00:00,103.28644872346305,103.43352939454859,103.24600469309034,103.43352939454859,0.0
2024-01-02 10:50:00+00:00,103.43352939454859,103.45236119376055,103.32692080655484,103.36938292499325,0.0
2024-01-02 10:51:00+00:00,103.36938292499325,103.3839974193084,103.2274026452909,103.2274026452909,0.0
2024-01-02 10:52:00+00:00,103.2274026452909,103.3819880876635,103.2274026452909,103.29947504894686,0.0
2024-01-02 10:53:00+00:00,103.29947504894686,103.36487158824501,103.27413940579018,103.32847640104215,0.0
2024-01-02 10:54:00+00:00,103.32847640104215,103.36124817572951,103.24894873449774,103.36124817572951,0.0
2024-01-02 10:55:00+00:00,103.36124817572951,103.36124817572951,103.21534698503748,103.23411333649722,0.0
2024-01-02 10:56:00+00:00,103.23411333649722,103.39553284654238,103.18246243012766,103.39553284654238,0.0
2024-01-02 10:57:00+00:00,103.39553284654238,103.45676807350172,103.34827552945454,103.45676807350172,0.0
2024-01-02 10:58:00+00:00,103.45676807350172,103.4789060172471,103.37769827134717,103.40275930613541,0.0
2024-01-02 10:59:00+00:00,103.40275930613541,103.45641343979601,103.34687485811273,103.37307345602052,0.0
2024-01-02 11:00:00+00:00,103.37307345602052,103.37307345602052,103.08209080619238,103.08928910663334,0.0
2024-01-02 11:01:00+00:00,103.08928910663334,103.13939179030501,103.04771474518185,103.0978668101592,0.0
2024-01-02 11:02:00+00:00,103.0978668101592,103.25426911780231,103.06082462481758,103.17954312214758,0.0
2024-01-02 11:03:00+00:00,103.17954312214758,103.17954312214758,103.02533195325182,103.04152647907927,0.0
2024-01-02 11:04:00+00:00,103.04152647907927,103.11292126841194,103.0149568388714,103.08155247651817,0.0
2024-01-02 11:05:00+00:00,103.08155247651817,103.12591052419468,103.03685939470076,103.06369089100683,0.0
2024-01-02 11:06:00+00:00,103.06369089100683,103.10046887935678,103.04373893590841,103.06979225939116,0.0
2024-01-02 11:07:00+00:00,103.06979225939116,103.0706193346935,102.98940903583436,103.06614567003686,0.0
2024-01-02 11:08:00+00:00,103.06614567003686,103.24901599771555,103.06614567003686,103.24901599771555,0.0
2024-01-02 11:09:00+00:00,103.24901599771555,103.30183924786552,103.15644137207715,103.17294645183941,0.0
2024-01-02 11:10:00+00:00,103.17294645183941,103.18724999445482,103.12509183557339,103.16600235443445,0.0
2024-01-02 11:11:00+00:00,103.16600235443445,103.26342811076393,103.13649172365263,103.220278769288,0.0
2024-01-02 11:12:00+00:00,103.220278769288,103.220278769288,103.0058005029407,103.0058005029407,0.0
2024-01-02 11:13:00+00:00,103.0058005029407,103.11633112903132,102.9749506903043,103.11633112903132,0.0
2024-01-02 11:14:00+00:00,103.11633112903132,103.13362902671685,102.98368660761942,102.98368660761942,0.0
2024-01-02 11:15:00+00:00,102.98368660761942,102.99463455347629,102.69893766225772,102.7088386222989,0.0
2024-01-02 11:16:00+00:00,102.7088386222989,102.85972091299932,102.69521843741892,102.83986229962707,0.0
2024-01-02 11:17:00+00:00,102.83986229962707,102.8765894986829,102.71644810206624,102.74421414523582,0.0
2024-01-02 11:18:00+00:00,102.74421414523582,102.74421414523582,102.63401129950391,102.63401129950391,0.0
2024-01-02 11:19:00+00:00,102.63401129950391,102.63401129950391,102.48701720194927,102.56236142192931,0.0
2024-01-02 11:20:00+00:00,102.56236142192931,102.56505384976197,102.40424868359017,102.44068326909488,0.0
2024-01-02 11:21:00+00:00,102.44068326909488,102.56921809681552,102.44068326909488,102.45065776566348,0.0
2024-01-02 11:22:00+00:00,102.45065776566348,102.45694947192797,102.29711762588282,102.29711762588282,0.0
2024-01-02 11:23:00+00:00,102.29711762588282,102.40201554990067,102.26982786615673,102.40201554990067,0.0
2024-01-02 11:24:00+00:00,102.40201554990067,102.44593393452142,102.33921403022244,102.41690368781742,0.0
2024-01-02 11:25:00+00:00,102.41690368781742,102.43055915714159,102.30836428064427,102.43055915714159,0.0
2024-01-02 11:26:00+00:00,102.43055915714159,102.50137270854867,102.37113944886208,102.37113944886208,0.0
2024-01-02 11:27:00+00:00,102.37113944886208,102.44623384141994,102.3025442286061,102.42863636378254,0.0
2024-01-02 11:28:00+00:00,102.42863636378254,102.52533653665492,102.3722736831326,102.51542723897953,0.0
2024-01-02 11:29:00+00:00,102.51542723897953,102.5814470120181,102.51076413642743,102.54827478492271,0.0
2024-01-02 11:30:00+00:00,102.54827478492271,102.54827478492271,102.46317762461922,102.46317762461922,0.0
2024-01-02 11:31:00+00:00,102.46317762461922,102.51019701420566,102.43786067025886,102.46744067009395,0.0
2024-01-02 11:32:00+00:00,102.46744067009395,102.47138724110755,102.37250995426025,102.37250995426025,0.0
2024-01-02 11:33:00+00:00,102.37250995426025,102.46583200428049,102.24872169044022,102.46583200428049,0.0
2024-01-02 11:34:00+00:00,102.46583200428049,102.52504839285528,102.42969319938881,102.43891076954937,0.0
2024-01-02 11:35:00+00:00,102.43891076954937,102.50934845599036,102.41647337922538,102.50934845599036,0.0
2024-01-02 11:36:00+00:00,102.50934845599036,102.63053268812031,102.50934845599036,102.6258164569734,0.0
2024-01-02 11:37:00+00:00,102.6258164569734,102.68439005561395,102.61954678318155,102.66064470042437,0.0
2024-01-02 11:38:00+00:00,102.66064470042437,102.81810624129601,102.63245685554607,102.81810624129601,0.0
2024-01-02 11:39:00+00:00,102.81810624129601,102.81810624129601,102.52989911502995,102.52989911502995,0.0
2024-01-02 11:40:00+00:00,102.52989911502995,102.65344918658417,102.4884229068825,102.65344918658417,0.0
2024-01-02 11:41:00+00:00,102.65344918658417,102.65344918658417,102.54753508392977,102.58403315630112,0.0
2024-01-02 11:42:00+00:00,102.58403315630112,102.67159315625403,102.56542540445436,102.64448926813688,0.0
2024-01-02 11:43:00+00:00,102.64448926813688,102.78108270837987,102.64448926813688,102.78108270837987,0.0
2024-01-02 11:44:00+00:00,102.78108270837987,102.98366847298854,102.76582137234324,102.9712450366401,0.0
2024-01-02 11:45:00+00:00,102.9712450366401,103.06112145575216,102.9712450366401,103.06112145575216,0.0
2024-01-02 11:46:00+00:00,103.06112145575216,103.1507595270716,103.02080132235899,103.12017632234509,0.0
2024-01-02 11:47:00+00:00,103.12017632234509,103.17400417619442,103.01723757175644,103.0569633127771,0.0
2024-01-02 11:48:00+00:00,103.0569633127771,103.13005935886827,102.97271708423875,102.97271708423875,0.0
2024-01-02 11:49:00+00:00,102.97271708423875,103.0381313188914,102.93219875081105,103.03431017835031,0.0
2024-01-02 11:50:00+00:00,103.03431017835031,103.0751715167625,102.96580239174205,102.98077475244753,0.0
2024-01-02 11:51:00+00:00,102.98077475244753,102.98077475244753,102.86236045319578,102.86236045319578,0.0
2024-01-02 11:52:00+00:00,102.86236045319578,102.86236045319578,102.76325140596977,102.78848164822065,0.0
2024-01-02 11:53:00+00:00,102.78848164822065,102.94023829008833,102.7550518538933,102.90191636374209,0.0
2024-01-02 11:54:00+00:00,102.90191636374209,102.91090995153704,102.82695486542015,102.86330012663774,0.0
2024-01-02 11:55:00+00:00,102.86330012663774,102.92153403668237,102.77391298457057,102.92153403668237,0.0
2024-01-02 11:56:00+00:00,102.92153403668237,103.0399125526328,102.89311613309631,103.0399125526328,0.0
2024-01-02 11:57:00+00:00,103.0399125526328,103.10950673600972,102.96069708440562,102.97289799212841,0.0
2024-01-02 11:58:00+00:00,102.97289799212841,102.99374412823596,102.85994739129048,102.85994739129048,0.0
2024-01-02 11:59:00+00:00,102.85994739129048,103.03317465448237,102.85994739129048,103.03317465448237,0.0
2024-01-02 12:00:00+00:00,103.03317465448237,103.25968470034324,103.03317465448237,103.21481549461102,0.0
2024-01-02 12:01:00+00:00,103.21481549461102,103.34709049096261,103.21481549461102,103.3023859604345,0.0
2024-01-02 12:02:00+00:00,103.3023859604345,103.31495873491498,103.15524844955561,103.27122152934986,0.0
2024-01-02 12:03:00+00:00,103.27122152934986,103.38939114364808,103.24568549713322,103.33397912273576,0.0
2024-01-02 12:04:00+00:00,103.33397912273576,103.49819425366775,103.3122413819316,103.41357693268225,0.0
2024-01-02 12:05:00+00:00,103.41357693268225,103.46612143183158,103.41357693268225,103.41590972056251,0.0
2024-01-02 12:06:00+00:00,103.41590972056251,103.53776880762985,103.35184685314272,103.53776880762985,0.0
2024-01-02 12:07:00+00:00,103.53776880762985,103.57083977253842,103.48109469209918,103.51160096773275,0.0
2024-01-02 12:08:00+00:00,103.51160096773275,103.51160096773275,103.3546584010501,103.37394705056482,0.0
2024-01-02 12:09:00+00:00,103.37394705056482,103.43052109554634,103.33793384405757,103.3782224228587,0.0
2024-01-02 12:10:00+00:00,103.3782224228587,103.4855062632534,103.3407562475245,103.4855062632534,0.0
2024-01-02 12:11:00+00:00,103.4855062632534,103.4855062632534,103.41736405917526,103.44891464480513,0.0
2024-01-02 12:12:00+00:00,103.44891464480513,103.56913370111454,103.44891464480513,103.56913370111454,0.0
2024-01-02 12:13:00+00:00,103.56913370111454,103.56913370111454,103.42204758213728,103.42204758213728,0.0
2024-01-02 12:14:00+00:00,103.42204758213728,103.45344980734944,103.35794049860216,103.40992379605996,0.0
2024-01-02 12:15:00+00:00,103.40992379605996,103.52140571922436,103.3809106005233,103.52140571922436,0.0
2024-01-02 12:16:00+00:00,103.52140571922436,103.55658540642875,103.34500165657415,103.34500165657415,0.0
2024-01-02 12:17:00+00:00,103.34500165657415,103.38247210524561,103.30970256648395,103.31997369481486,0.0
2024-01-02 12:18:00+00:00,103.31997369481486,103.32108201591059,103.13365471183288,103.28949843591192,0.0
2024-01-02 12:19:00+00:00,103.28949843591192,103.28949843591192,103.15091366877515,103.27253556925652,0.0
2024-01-02 12:20:00+00:00,103.27253556925652,103.34077374122458,103.23926489755699,103.31251757848685,0.0
2024-01-02 12:21:00+00:00,103.31251757848685,103.37438245243864,103.26833196413956,103.37438245243864,0.0
2024-01-02 12:22:00+00:00,103.37438245243864,103.45515443975106,103.2746258737941,103.2746258737941,0.0
2024-01-02 12:23:00+00:00,103.2746258737941,103.2746258737941,103.1772285485957,103.2044814994261,0.0
2024-01-02 12:24:00+00:00,103.2044814994261,103.32919550271231,103.15975247559099,103.31755986719692,0.0
2024-01-02 12:25:00+00:00,103.31755986719692,103.3179149139603,103.17470428455849,103.17470428455849,0.0
2024-01-02 12:26:00+00:00,103.17470428455849,103.34297882144347,103.17470428455849,103.19863409562598,0.0
2024-01-02 12:27:00+00:00,103.19863409562598,103.19863409562598,102.91469564382491,102.91469564382491,0.0
2024-01-02 12:28:00+00:00,102.91469564382491,102.91469564382491,102.820218913891,102.86772188038486,0.0
2024-01-02 12:29:00+00:00,102.86772188038486,102.86772188038486,102.73180456969757,102.7854163288674,0.0
2024-01-02 12:30:00+00:00,102.7854163288674,102.89886841861741,102.62522192408079,102.67708865298813,0.0
2024-01-02 12:31:00+00:00,102.67708865298813,102.85435597290288,102.67117177043067,102.85435597290288,0.0
2024-01-02 12:32:00+00:00,102.85435597290288,102.9869107061824,102.85435597290288,102.88352767982076,0.0
2024-01-02 12:33:00+00:00,102.88352767982076,102.9607619029581,102.87743484664898,102.9607619029581,0.0
2024-01-02 12:34:00+00:00,102.9607619029581,103.02873521381927,102.84561232091986,102.84561232091986,0.0
2024-01-02 12:35:00+00:00,102.84561232091986,103.0626618295108,102.84561232091986,103.0626618295108,0.0
2024-01-02 12:36:00+00:00,103.0626618295108,103.0626618295108,102.86605080637449,102.92831715073066,0.0
2024-01-02 12:37:00+00:00,102.92831715073066,103.01387881238439,102.90644943243137,102.90644943243137,0.0
2024-01-02 12:38:00+00:00,102.90644943243137,102.96277920369711,102.85950170982268,102.87880537821256,0.0
2024-01-02 12:39:00+00:00,102.87880537821256,103.09415147151657,102.87880537821256,103.00249191265223,0.0
2024-01-02 12:40:00+00:00,103.00249191265223,103.12405975745105,102.98851731410137,103.07495073132253,0.0
2024-01-02 12:41:00+00:00,103.07495073132253,103.26597845583856,103.07383553442051,103.2211961194696,0.0
2024-01-02 12:42:00+00:00,103.2211961194696,103.2211961194696,103.062567994488,103.062567994488,0.0
2024-01-02 12:43:00+00:00,103.062567994488,103.1901503885475,103.05919226751551,103.15295009303233,0.0
2024-01-02 12:44:00+00:00,103.15295009303233,103.33341530202111,103.15295009303233,103.33341530202111,0.0
2024-01-02 12:45:00+00:00,103.33341530202111,103.40145768351232,103.27016086083357,103.39399276699345,0.0
2024-01-02 12:46:00+00:00,103.39399276699345,103.39399276699345,103.15205729458255,103.15205729458255,0.0
2024-01-02 12:47:00+00:00,103.15205729458255,103.17640702564218,103.07612410619092,103.07612410619092,0.0
2024-01-02 12:48:00+00:00,103.07612410619092,103.07612410619092,102.96274236049324,102.96274236049324,0.0
2024-01-02 12:49:00+00:00,102.96274236049324,103.21379798818336,102.96274236049324,103.21379798818336,0.0
2024-01-02 12:50:00+00:00,103.21379798818336,103.22772645512437,103.14697471112603,103.22772645512437,0.0
2024-01-02 12:51:00+00:00,103.22772645512437,103.31235702131058,103.21721852871863,103.21721852871863,0.0
2024-01-02 12:52:00+00:00,103.21721852871863,103.40809224707135,103.21721852871863,103.40809224707135,0.0
2024-01-02 12:53:00+00:00,103.40809224707135,103.40809224707135,103.19099835869655,103.30677455505156,0.0
2024-01-02 12:54:00+00:00,103.30677455505156,103.41094323739304,103.29137449399498,103.39904094786915,0.0
2024-01-02 12:55:00+00:00,103.39904094786915,103.45962790013013,103.28096289761858,103.45962790013013,0.0
2024-01-02 12:56:00+00:00,103.45962790013013,103.47891920552568,103.40512333561963,103.41147187393561,0.0
2024-01-02 12:57:00+00:00,103.41147187393561,103.41147187393561,103.1385521129136,103.1385521129136,0.0
2024-01-02 12:58:00+00:00,103.1385521129136,103.15144566120232,103.04571540774593,103.04571540774593,0.0
2024-01-02 12:59:00+00:00,103.04571540774593,103.09610712983888,102.92336748112996,102.9553653750326,0.0
2024-01-02 13:00:00+00:00,102.9553653750326,102.9553653750326,102.80938814863492,102.82223671174522,0.0
2024-01-02 13:01:00+00:00,102.82223671174522,102.98498811338507,102.81885807178021,102.98498811338507,0.0
2024-01-02 13:02:00+00:00,102.98498811338507,103.11016645787939,102.98498811338507,103.1025041346674,0.0
2024-01-02 13:03:00+00:00,103.1025041346674,103.31295236433384,103.1025041346674,103.31295236433384,0.0
2024-01-02 13:04:00+00:00,103.31295236433384,103.39557584069014,103.2451965261376,103.39557584069014,0.0
2024-01-02 13:05:00+00:00,103.39557584069014,103.604959268454,103.39557584069014,103.604959268454,0.0
2024-01-02 13:06:00+00:00,103.604959268454,103.90157101869403,103.604959268454,103.90157101869403,0.0
2024-01-02 13:07:00+00:00,103.90157101869403,104.00708674718109,103.89207008240464,104.00403393732725,0.0
2024-01-02 13:08:00+00:00,104.00403393732725,104.18515274688377,104.00403393732725,104.18515274688377,0.0
2024-01-02 13:09:00+00:00,104.18515274688377,104.26000536625503,104.13482002075038,104.13482002075038,0.0
2024-01-02 13:10:00+00:00,104.13482002075038,104.13482002075038,104.02568372632612,104.03061470559345,0.0
2024-01-02 13:11:00+00:00,104.03061470559345,104.0644950445037,103.9679423134813,104.02164804139672,0.0
2024-01-02 13:12:00+00:00,104.02164804139672,104.12347839039266,104.02164804139672,104.09032343417321,0.0
2024-01-02 13:13:00+00:00,104.09032343417321,104.09032343417321,103.9954551090128,103.9954551090128,0.0
2024-01-02 13:14:00+00:00,103.9954551090128,104.02497313684067,103.75731352308506,103.75731352308506,0.0
2024-01-02 13:15:00+00:00,103.75731352308506,103.75731352308506,103.62060046083592,103.65463093613673,0.0
2024-01-02 13:16:00+00:00,103.65463093613673,103.66425055295876,103.47002483906373,103.56927354656905,0.0
2024-01-02 13:17:00+00:00,103.56927354656905,103.64884021569398,103.54206467955294,103.58309894624183,0.0
2024-01-02 13:18:00+00:00,103.58309894624183,103.59900768647623,103.53386814160854,103.57809542222188,0.0
2024-01-02 13:19:00+00:00,103.57809542222188,103.57809542222188,103.43160207103512,103.50097914911396,0.0
2024-01-02 13:20:00+00:00,103.50097914911396,103.69170783793061,103.494712061226,103.57278517935082,0.0
2024-01-02 13:21:00+00:00,103.57278517935082,103.59760364494497,103.47719165347009,103.47719165347009,0.0
2024-01-02 13:22:00+00:00,103.47719165347009,103.59581531799407,103.47719165347009,103.59581531799407,0.0
2024-01-02 13:23:00+00:00,103.59581531799407,103.69117392402786,103.56014259708802,103.69117392402786,0.0
2024-01-02 13:24:00+00:00,103.69117392402786,103.69117392402786,103.58921021327566,103.63475252026304,0.0
2024-01-02 13:25:00+00:00,103.63475252026304,103.71393565242283,103.63475252026304,103.69397565884674,0.0
2024-01-02 13:26:00+00:00,103.69397565884674,103.73536953848468,103.660710605248,103.72838947008138,0.0
2024-01-02 13:27:00+00:00,103.72838947008138,103.77491191857743,103.63211355866629,103.77491191857743,0.0
2024-01-02 13:28:00+00:00,103.77491191857743,103.80012068647662,103.72479347813953,103.72479347813953,0.0
2024-01-02 13:29:00+00:00,103.72479347813953,103.77454790602896,103.70773428582122,103.72946548585143,0.0
2024-01-02 13:30:00+00:00,103.72946548585143,103.7592359221227,103.60971071673823,103.67915842944369,0.0
2024-01-02 13:31:00+00:00,103.67915842944369,103.71637607193483,103.49983072937052,103.49983072937052,0.0
2024-01-02 13:32:00+00:00,103.49983072937052,103.62244449135872,103.4825860551243,103.59569020416696,0.0
2024-01-02 13:33:00+00:00,103.59569020416696,103.59569020416696,103.36380327798452,103.36380327798452,0.0
2024-01-02 13:34:00+00:00,103.36380327798452,103.3762218941315,103.21060742036892,103.21060742036892,0.0
2024-01-02 13:35:00+00:00,103.21060742036892,103.38357823729,103.21060742036892,103.30176712019836,0.0
2024-01-02 13:36:00+00:00,103.30176712019836,103.33320196580391,103.262140326177,103.262140326177,0.0
2024-01-02 13:37:00+00:00,103.262140326177,103.34863128336022,103.24247850197584,103.31451589972926,0.0
2024-01-02 13:38:00+00:00,103.31451589972926,103.55359546006791,103.31290636609575,103.5237716781044,0.0
2024-01-02 13:39:00+00:00,103.5237716781044,103.52897570773182,103.41459939201125,103.51798834913858,0.0
2024-01-02 13:40:00+00:00,103.51798834913858,103.67620455423072,103.51798834913858,103.63808941111851,0.0
2024-01-02 13:41:00+00:00,103.63808941111851,103.66518070681737,103.55273204813066,103.66518070681737,0.0
2024-01-02 13:42:00+00:00,103.66518070681737,103.68886022675464,103.59789534938783,103.6750032685562,0.0
2024-01-02 13:43:00+00:00,103.6750032685562,103.95729225726515,103.6750032685562,103.95729225726515,0.0
2024-01-02 13:44:00+00:00,103.95729225726515,103.9992988233206,103.93972502039045,103.97556867175796,0.0
2024-01-02 13:45:00+00:00,103.97556867175796,104.07651547927959,103.97556867175796,104.07651547927959,0.0
2024-01-02 13:46:00+00:00,104.07651547927959,104.07651547927959,103.95399242039841,103.99286318738376,0.0
2024-01-02 13:47:00+00:00,103.99286318738376,103.99286318738376,103.80075132735398,103.84781080104031,0.0
2024-01-02 13:48:00+00:00,103.84781080104031,104.02184549867901,103.83058385005302,104.02184549867901,0.0
2024-01-02 13:49:00+00:00,104.02184549867901,104.06564006875494,103.95602072193356,104.03879495061553,0.0
2024-01-02 13:50:00+00:00,104.03879495061553,104.11570835163083,103.9941765276282,104.11570835163083,0.0
2024-01-02 13:51:00+00:00,104.11570835163083,104.27570979135959,104.11570835163083,104.18374367793194,0.0
2024-01-02 13:52:00+00:00,104.18374367793194,104.23284320388183,104.04650213972208,104.0468989391486,0.0
2024-01-02 13:53:00+00:00,104.0468989391486,104.26742872850261,104.0468989391486,104.26742872850261,0.0
2024-01-02 13:54:00+00:00,104.26742872850261,104.32332559650347,104.2044351863839,104.32332559650347,0.0
2024-01-02 13:55:00+00:00,104.32332559650347,104.32348069326295,104.19187637711376,104.199075446107,0.0
2024-01-02 13:56:00+00:00,104.199075446107,104.24245459219065,104.13505274612493,104.13505274612493,0.0
2024-01-02 13:57:00+00:00,104.13505274612493,104.30543498555471,104.13505274612493,104.30543498555471,0.0
2024-01-02 13:58:00+00:00,104.30543498555471,104.35078190567965,104.28598015870978,104.34344261700453,0.0
2024-01-02 13:59:00+00:00,104.34344261700453,104.47918991730975,104.34344261700453,104.47918991730975,0.0
2024-01-02 14:00:00+00:00,104.47918991730975,104.61736542098174,104.47918991730975,104.50122044217129,0.0
2024-01-02 14:01:00+00:00,104.50122044217129,104.5461540222669,104.45456359719515,104.53366107118666,0.0
2024-01-02 14:02:00+00:00,104.53366107118666,104.67557766490343,104.46134413416324,104.67557766490343,0.0
2024-01-02 14:03:00+00:00,104.67557766490343,104.6961040236986,104.61968227671545,104.69198476804934,0.0
2024-01-02 14:04:00+00:00,104.69198476804934,104.80238708289767,104.69198476804934,104.80238708289767,0.0
2024-01-02 14:05:00+00:00,104.80238708289767,104.89578104526727,104.80238708289767,104.89578104526727,0.0
2024-01-02 14:06:00+00:00,104.89578104526727,105.00990369973684,104.89465624864793,104.9721204095686,0.0
2024-01-02 14:07:00+00:00,104.9721204095686,105.03172605140549,104.95664417614633,104.96964734061173,0.0
2024-01-02 14:08:00+00:00,104.96964734061173,104.96964734061173,104.8679299646419,104.88234441672222,0.0
2024-01-02 14:09:00+00:00,104.88234441672222,104.88234441672222,104.72905874660522,104.79067275260739,0.0
2024-01-02 14:10:00+00:00,104.79067275260739,104.82088172721674,104.76885973066882,104.78351288744584,0.0
2024-01-02 14:11:00+00:00,104.78351288744584,104.8164349253278,104.6556235811984,104.6556235811984,0.0
2024-01-02 14:12:00+00:00,104.6556235811984,104.65680822635713,104.50230984328317,104.50230984328317,0.0
2024-01-02 14:13:00+00:00,104.50230984328317,104.66811474624247,104.50230984328317,104.60107747300287,0.0
2024-01-02 14:14:00+00:00,104.60107747300287,104.6998572718242,104.56514531794477,104.56514624563104,0.0
2024-01-02 14:15:00+00:00,104.56514624563104,104.63380450293648,104.52772249342121,104.63380450293648,0.0
2024-01-02 14:16:00+00:00,104.63380450293648,104.87282515850592,104.63380450293648,104.87282515850592,0.0
2024-01-02 14:17:00+00:00,104.87282515850592,105.01714862026715,104.81521840352124,105.01714862026715,0.0
2024-01-02 14:18:00+00:00,105.01714862026715,105.01714862026715,104.88324267037551,104.93017690834579,0.0
2024-01-02 14:19:00+00:00,104.93017690834579,104.94795845894713,104.87119301204488,104.88902142218821,0.0
2024-01-02 14:20:00+00:00,104.88902142218821,104.93579566821282,104.75943391076916,104.75943391076916,0.0
2024-01-02 14:21:00+00:00,104.75943391076916,104.81944398988956,104.75402546065334,104.8187529599723,0.0
2024-01-02 14:22:00+00:00,104.8187529599723,104.86906413788294,104.80983970114823,104.80983970114823,0.0
2024-01-02 14:23:00+00:00,104.80983970114823,104.81691684266508,104.68902095905892,104.77649703973948,0.0
2024-01-02 14:24:00+00:00,104.77649703973948,104.84785821660942,104.77649703973948,104.81610775983955,0.0
2024-01-02 14:25:00+00:00,104.81610775983955,104.81610775983955,104.73568122182648,104.74466465750601,0.0
2024-01-02 14:26:00+00:00,104.74466465750601,104.74466465750601,104.61034455116095,104.61771146187891,0.0
2024-01-02 14:27:00+00:00,104.61771146187891,104.66252710395884,104.5209347996046,104.5209347996046,0.0
2024-01-02 14:28:00+00:00,104.5209347996046,104.5209347996046,104.25588072297194,104.29973754132035,0.0
2024-01-02 14:29:00+00:00,104.29973754132035,104.43670513805561,104.29973754132035,104.43670513805561,0.0
2024-01-02 14:30:00+00:00,104.43670513805561,104.59196732640686,104.43670513805561,104.59196732640686,0.0
2024-01-02 14:31:00+00:00,104.59196732640686,104.59196732640686,104.40309929898822,104.4195894134583,0.0
2024-01-02 14:32:00+00:00,104.4195894134583,104.50575311601202,104.39024927802785,104.47264137693912,0.0
2024-01-02 14:33:00+00:00,104.47264137693912,104.61303659336215,104.47264137693912,104.61303659336215,0.0
2024-01-02 14:34:00+00:00,104.61303659336215,104.61303659336215,104.50280621227793,104.60052435192055,0.0
2024-01-02 14:35:00+00:00,104.60052435192055,104.67924197008455,104.60052435192055,104.67924197008455,0.0
2024-01-02 14:36:00+00:00,104.67924197008455,104.67924197008455,104.53207764754093,104.6017522181612,0.0
2024-01-02 14:37:00+00:00,104.6017522181612,104.71105196617167,104.6017522181612,104.70157218206243,0.0
2024-01-02 14:38:00+00:00,104.70157218206243,104.80784738877298,104.70157218206243,104.80784738877298,0.0
2024-01-02 14:39:00+00:00,104.80784738877298,104.80784738877298,104.70375399272223,104.77295805375152,0.0
2024-01-02 14:40:00+00:00,104.77295805375152,104.77295805375152,104.6160724388278,104.62148179893885,0.0
2024-01-02 14:41:00+00:00,104.62148179893885,104.732348702748,104.590524350747,104.68941260907236,0.0
2024-01-02 14:42:00+00:00,104.68941260907236,104.75579704963978,104.64599679352507,104.71414110844475,0.0
2024-01-02 14:43:00+00:00,104.71414110844475,104.85664651673453,104.71414110844475,104.85664651673453,0.0
2024-01-02 14:44:00+00:00,104.85664651673453,104.85664651673453,104.72883341224347,104.72883341224347,0.0
2024-01-02 14:45:00+00:00,104.72883341224347,104.75542513378544,104.63702800814436,104.6790083334466,0.0
2024-01-02 14:46:00+00:00,104.6790083334466,104.6790083334466,104.54114333080423,104.56591460483271,0.0
2024-01-02 14:47:00+00:00,104.56591460483271,104.64581596082006,104.55165869734134,104.57902708028004,0.0
2024-01-02 14:48:00+00:00,104.57902708028004,104.57902708028004,104.45982518749935,104.4722167119704,0.0
2024-01-02 14:49:00+00:00,104.4722167119704,104.4722167119704,104.34337012503167,104.37502307921287,0.0
2024-01-02 14:50:00+00:00,104.37502307921287,104.44571365396213,104.35752570366301,104.35752570366301,0.0
2024-01-02 14:51:00+00:00,104.35752570366301,104.46943447827397,104.35752570366301,104.37254945175624,0.0
2024-01-02 14:52:00+00:00,104.37254945175624,104.37536875583821,104.23453218725898,104.23453218725898,0.0
2024-01-02 14:53:00+00:00,104.23453218725898,104.23453218725898,104.1114191796053,104.1114191796053,0.0
2024-01-02 14:54:00+00:00,104.1114191796053,104.17276802816474,104.04456211474368,104.04456211474368,0.0
2024-01-02 14:55:00+00:00,104.04456211474368,104.1624456066722,104.04456211474368,104.13203724619102,0.0
2024-01-02 14:56:00+00:00,104.13203724619102,104.15981992287799,104.05799740562051,104.15104382470136,0.0
2024-01-02 14:57:00+00:00,104.15104382470136,104.15104382470136,104.03522564401551,104.08075752432657,0.0
2024-01-02 14:58:00+00:00,104.08075752432657,104.14050144279824,104.05048149872268,104.08614800554447,0.0
2024-01-02 14:59:00+00:00,104.08614800554447,104.09872826061282,104.02015707571458,104.0405775771015,0.0
2024-01-02 15:00:00+00:00,104.0405775771015,104.0405775771015,103.88348484205231,103.90516799066188,0.0
2024-01-02 15:01:00+00:00,103.90516799066188,104.07360113963824,103.90516799066188,104.07360113963824,0.0
2024-01-02 15:02:00+00:00,104.07360113963824,104.16826144582873,104.0433173461,104.16826144582873,0.0
2024-01-02 15:03:00+00:00,104.16826144582873,104.21335587802538,103.9891864543833,103.9891864543833,0.0
2024-01-02 15:04:00+00:00,103.9891864543833,104.13874306588477,103.98293151808232,104.13669549990242,0.0
2024-01-02 15:05:00+00:00,104.13669549990242,104.32159445621338,104.13669549990242,104.31149547983048,0.0
2024-01-02 15:06:00+00:00,104.31149547983048,104.3924143869846,104.26682474017453,104.35741821744301,0.0
2024-01-02 15:07:00+00:00,104.35741821744301,104.5263994257712,104.34020046089356,104.5263994257712,0.0
2024-01-02 15:08:00+00:00,104.5263994257712,104.56187201275527,104.42007897647036,104.54022436741731,0.0
2024-01-02 15:09:00+00:00,104.54022436741731,104.54022436741731,104.23405614827169,104.23405614827169,0.0
2024-01-02 15:10:00+00:00,104.23405614827169,104.54924244559206,104.23405614827169,104.54924244559206,0.0
2024-01-02 15:11:00+00:00,104.54924244559206,104.62911906134245,104.51107738967404,104.51107738967404,0.0
2024-01-02 15:12:00+00:00,104.51107738967404,104.57590027205738,104.50079494382005,104.55702085771057,0.0
2024-01-02 15:13:00+00:00,104.55702085771057,104.64954224458225,104.52039861463128,104.64954224458225,0.0
2024-01-02 15:14:00+00:00,104.64954224458225,104.69476059754412,104.60113806652795,104.64364366944734,0.0
2024-01-02 15:15:00+00:00,104.64364366944734,104.75552203588903,104.59374647047028,104.75552203588903,0.0
2024-01-02 15:16:00+00:00,104.75552203588903,104.8489525596243,104.67427462914581,104.67427462914581,0.0
2024-01-02 15:17:00+00:00,104.67427462914581,104.81296202555427,104.67427462914581,104.76365223243884,0.0
2024-01-02 15:18:00+00:00,104.76365223243884,104.78997624752395,104.60051348491758,104.60421679980945,0.0
2024-01-02 15:19:00+00:00,104.60421679980945,104.60421679980945,104.54778645630365,104.57935592658171,0.0
2024-01-02 15:20:00+00:00,104.57935592658171,104.64858754917357,104.57935592658171,104.63731449665218,0.0
2024-01-02 15:21:00+00:00,104.63731449665218,104.75799381490633,104.63731449665218,104.7002430326568,0.0
2024-01-02 15:22:00+00:00,104.7002430326568,104.7002430326568,104.57203331252829,104.61136746655684,0.0
2024-01-02 15:23:00+00:00,104.61136746655684,104.74123606055832,104.61136746655684,104.71907023685908,0.0
2024-01-02 15:24:00+00:00,104.71907023685908,104.7538365856555,104.6377558980839,104.64259285577046,0.0
2024-01-02 15:25:00+00:00,104.64259285577046,104.67612867992014,104.46483140318699,104.51108922374253,0.0
2024-01-02 15:26:00+00:00,104.51108922374253,104.54732877916307,104.3744955142022,104.41850832324533,0.0
2024-01-02 15:27:00+00:00,104.41850832324533,104.45995042021222,104.2656584744724,104.28220590504871,0.0
2024-01-02 15:28:00+00:00,104.28220590504871,104.42088482525459,104.28220590504871,104.30489361532409,0.0
2024-01-02 15:29:00+00:00,104.30489361532409,104.30489361532409,104.09688904604548,104.10956125612348,0.0
2024-01-02 15:30:00+00:00,104.10956125612348,104.10956125612348,103.96534217742948,104.01369234973444,0.0
2024-01-02 15:31:00+00:00,104.01369234973444,104.16247075406137,103.99108956467846,104.13436273419823,0.0
2024-01-02 15:32:00+00:00,104.13436273419823,104.17220881881815,104.10065839825361,104.10065839825361,0.0
2024-01-02 15:33:00+00:00,104.10065839825361,104.20498092668267,104.01794281865685,104.02251987044478,0.0
2024-01-02 15:34:00+00:00,104.02251987044478,104.11909943416146,104.02251987044478,104.07258722254066,0.0
2024-01-02 15:35:00+00:00,104.07258722254066,104.12436644223068,104.0436127629662,104.08700519242895,0.0
2024-01-02 15:36:00+00:00,104.08700519242895,104.08700519242895,103.97605786378429,103.98626825739818,0.0
2024-01-02 15:37:00+00:00,103.98626825739818,104.06759827616096,103.96182496063273,104.06759827616096,0.0
2024-01-02 15:38:00+00:00,104.06759827616096,104.12714738802944,103.9137498779814,103.9137498779814,0.0
2024-01-02 15:39:00+00:00,103.9137498779814,103.9137498779814,103.79646279908707,103.8376254907698,0.0
2024-01-02 15:40:00+00:00,103.8376254907698,103.84415772167445,103.77426254757665,103.78416470745172,0.0
2024-01-02 15:41:00+00:00,103.78416470745172,103.87582746045135,103.78416470745172,103.82037573533488,0.0
2024-01-02 15:42:00+00:00,103.82037573533488,103.84773850642341,103.70219068543953,103.71696873942068,0.0
2024-01-02 15:43:00+00:00,103.71696873942068,103.73127731564648,103.58739041366066,103.59181128628774,0.0
2024-01-02 15:44:00+00:00,103.59181128628774,103.60904524815416,103.42899360441986,103.42899360441986,0.0
2024-01-02 15:45:00+00:00,103.42899360441986,103.53206728851026,103.34730244204512,103.53206728851026,0.0
2024-01-02 15:46:00+00:00,103.53206728851026,103.58415693232004,103.44124839220326,103.44124839220326,0.0
2024-01-02 15:47:00+00:00,103.44124839220326,103.59429377159219,103.4070377825317,103.59429377159219,0.0
2024-01-02 15:48:00+00:00,103.59429377159219,103.68477306073444,103.5841839640076,103.61064728842801,0.0
2024-01-02 15:49:00+00:00,103.61064728842801,103.70622615659207,103.6077681599804,103.64501550572203,0.0
2024-01-02 15:50:00+00:00,103.64501550572203,103.69155731558753,103.5888873402165,103.69155731558753,0.0
2024-01-02 15:51:00+00:00,103.69155731558753,103.71477721517559,103.58132082566206,103.58132082566206,0.0
2024-01-02 15:52:00+00:00,103.58132082566206,103.6157538365351,103.42356205007941,103.46530900252782,0.0
2024-01-02 15:53:00+00:00,103.46530900252782,103.48245826923144,103.41614908705338,103.455189058082,0.0
2024-01-02 15:54:00+00:00,103.455189058082,103.55098231449726,103.44347382731812,103.54593554938974,0.0
2024-01-02 15:55:00+00:00,103.54593554938974,103.74130628053136,103.54593554938974,103.71978739115688,0.0
2024-01-02 15:56:00+00:00,103.71978739115688,103.81774077551839,103.71978739115688,103.77583936204984,0.0
2024-01-02 15:57:00+00:00,103.77583936204984,103.90557795594141,103.7216410870964,103.76464201397745,0.0
2024-01-02 15:58:00+00:00,103.76464201397745,103.82804592409595,103.72076723715153,103.77233629966956,0.0
2024-01-02 15:59:00+00:00,103.77233629966956,103.83274380787674,103.74915475608547,103.75123153568506,0.0
2024-01-02 16:00:00+00:00,103.75123153568506,103.85636227125214,103.73123174322039,103.73123174322039,0.0
2024-01-02 16:01:00+00:00,103.73123174322039,103.8086779084526,103.69166064712995,103.79972051576537,0.0
2024-01-02 16:02:00+00:00,103.79972051576537,103.8286472223708,103.74660649279339,103.74660649279339,0.0
2024-01-02 16:03:00+00:00,103.74660649279339,103.78463660914643,103.72399349572375,103.72399349572375,0.0
2024-01-02 16:04:00+00:00,103.72399349572375,103.8110111837744,103.71704636788849,103.8110111837744,0.0
2024-01-02 16:05:00+00:00,103.8110111837744,103.88345747171496,103.80637220292665,103.8125302990006,0.0
2024-01-02 16:06:00+00:00,103.8125302990006,103.8125302990006,103.61697646867252,103.61697646867252,0.0
2024-01-02 16:07:00+00:00,103.61697646867252,103.65551447469372,103.54455453124359,103.65551447469372,0.0
2024-01-02 16:08:00+00:00,103.65551447469372,103.67129125560527,103.58472770311992,103.67129125560527,0.0
2024-01-02 16:09:00+00:00,103.67129125560527,103.67129125560527,103.49069197605554,103.49069197605554,0.0
2024-01-02 16:10:00+00:00,103.49069197605554,103.49402760461662,103.32053110480635,103.3370705713093,0.0
2024-01-02 16:11:00+00:00,103.3370705713093,103.3370705713093,103.25132727684299,103.28842896833011,0.0
2024-01-02 16:12:00+00:00,103.28842896833011,103.33433996814016,103.261967717105,103.30481859232121,0.0
2024-01-02 16:13:00+00:00,103.30481859232121,103.30617340813873,103.22153233028213,103.23945315630219,0.0
2024-01-02 16:14:00+00:00,103.23945315630219,103.32914551430717,103.23945315630219,103.32914551430717,0.0
2024-01-02 16:15:00+00:00,103.32914551430717,103.46578577103863,103.32914551430717,103.36872502615265,0.0
2024-01-02 16:16:00+00:00,103.36872502615265,103.41026122091061,103.3182119154001,103.34780985013502,0.0
2024-01-02 16:17:00+00:00,103.34780985013502,103.5037784075841,103.3058486597642,103.47094763856119,0.0
2024-01-02 16:18:00+00:00,103.47094763856119,103.54290006733503,103.34598591630524,103.34598591630524,0.0
2024-01-02 16:19:00+00:00,103.34598591630524,103.34598591630524,103.14915757017158,103.19276195173703,0.0
2024-01-02 16:20:00+00:00,103.19276195173703,103.25450885239378,103.15356513593892,103.23013525824095,0.0
2024-01-02 16:21:00+00:00,103.23013525824095,103.23013525824095,103.16893037160428,103.16893037160428,0.0
2024-01-02 16:22:00+00:00,103.16893037160428,103.17143415785628,103.06818601863435,103.09672968240021,0.0
2024-01-02 16:23:00+00:00,103.09672968240021,103.15864208840988,103.04823380875922,103.11226782471009,0.0
2024-01-02 16:24:00+00:00,103.11226782471009,103.11226782471009,102.98284262369428,103.02898687796112,0.0
2024-01-02 16:25:00+00:00,103.02898687796112,103.05743428564762,102.97668500729657,103.02979042642819,0.0
2024-01-02 16:26:00+00:00,103.02979042642819,103.15763105739946,103.02979042642819,103.15759109719085,0.0
2024-01-02 16:27:00+00:00,103.15759109719085,103.25044771557833,103.14868009360806,103.15003574130847,0.0
2024-01-02 16:28:00+00:00,103.15003574130847,103.22375517711488,103.14151606941094,103.20084153756487,0.0
2024-01-02 16:29:00+00:00,103.20084153756487,103.29511922234025,103.1336319299853,103.29511922234025,0.0
2024-01-02 16:30:00+00:00,103.29511922234025,103.30461764611393,103.19528563143163,103.20245278402261,0.0
2024-01-02 16:31:00+00:00,103.20245278402261,103.34361312446164,103.14616316051098,103.31844087298472,0.0
2024-01-02 16:32:00+00:00,103.31844087298472,103.35666484295288,103.23681589885715,103.2945494352435,0.0
2024-01-02 16:33:00+00:00,103.2945494352435,103.33160015137429,103.22364363102092,103.2450305964281,0.0
2024-01-02 16:34:00+00:00,103.2450305964281,103.32333889184112,103.15135488713288,103.17969818258467,0.0
2024-01-02 16:35:00+00:00,103.17969818258467,103.17969818258467,102.98834462366057,103.08115427144794,0.0
2024-01-02 16:36:00+00:00,103.08115427144794,103.08115427144794,102.9344086478533,102.95830526537786,0.0
2024-01-02 16:37:00+00:00,102.95830526537786,103.05680053881743,102.95830526537786,102.98449784874558,0.0
2024-01-02 16:38:00+00:00,102.98449784874558,103.00085005959696,102.9040160031321,102.93750157591812,0.0
2024-01-02 16:39:00+00:00,102.93750157591812,103.099270345524,102.93750157591812,103.09660100321375,0.0
2024-01-02 16:40:00+00:00,103.09660100321375,103.2086961478692,103.06339569925913,103.20315566832423,0.0
2024-01-02 16:41:00+00:00,103.20315566832423,103.25020946610704,103.09860861136782,103.2092834180447,0.0
2024-01-02 16:42:00+00:00,103.2092834180447,103.21005814675223,103.06275291328679,103.06275291328679,0.0
2024-01-02 16:43:00+00:00,103.06275291328679,103.06275291328679,102.90043509346395,102.92386224910159,0.0
2024-01-02 16:44:00+00:00,102.92386224910159,103.03350845085389,102.92386224910159,102.96262867433065,0.0
2024-01-02 16:45:00+00:00,102.96262867433065,102.96326688461023,102.84000513176719,102.84933838151011,0.0
2024-01-02 16:46:00+00:00,102.84933838151011,103.0041774166724,102.80475172440464,102.96391543428315,0.0
2024-01-02 16:47:00+00:00,102.96391543428315,103.07951138161627,102.94564695218729,103.05745283445472,0.0
2024-01-02 16:48:00+00:00,103.05745283445472,103.22651661872338,103.05515094157427,103.22651661872338,0.0
2024-01-02 16:49:00+00:00,103.22651661872338,103.24476583105887,103.19523227161446,103.20873117724841,0.0
2024-01-02 16:50:00+00:00,103.20873117724841,103.29794769370093,103.15510471808015,103.2903177304268,0.0
2024-01-02 16:51:00+00:00,103.2903177304268,103.2903177304268,103.12888556025227,103.1289325321695,0.0
2024-01-02 16:52:00+00:00,103.1289325321695,103.2105246172819,103.1289325321695,103.2105246172819,0.0
2024-01-02 16:53:00+00:00,103.2105246172819,103.2105246172819,103.12463484945482,103.12463484945482,0.0
2024-01-02 16:54:00+00:00,103.12463484945482,103.23367256291229,103.05591239043206,103.23367256291229,0.0
2024-01-02 16:55:00+00:00,103.23367256291229,103.24488111363472,103.16130630059601,103.16130630059601,0.0
2024-01-02 16:56:00+00:00,103.16130630059601,103.28111270638662,103.1603362393612,103.28111270638662,0.0
2024-01-02 16:57:00+00:00,103.28111270638662,103.3520305100738,103.2241761191707,103.2241761191707,0.0
2024-01-02 16:58:00+00:00,103.2241761191707,103.36976624767408,103.211049786488,103.36976624767408,0.0
2024-01-02 16:59:00+00:00,103.36976624767408,103.50441623770986,103.36976624767408,103.50441623770986,0.0
2024-01-02 17:00:00+00:00,103.50441623770986,103.53481944182984,103.41225807308544,103.44178124804489,0.0
2024-01-02 17:01:00+00:00,103.44178124804489,103.44178124804489,103.29446485658944,103.37824762718259,0.0
2024-01-02 17:02:00+00:00,103.37824762718259,103.37824762718259,103.27528992917735,103.36077256424932,0.0
2024-01-02 17:03:00+00:00,103.36077256424932,103.39453527141949,103.29067090714109,103.29067090714109,0.0
2024-01-02 17:04:00+00:00,103.29067090714109,103.29067090714109,103.14454050117646,103.15372948198063,0.0
2024-01-02 17:05:00+00:00,103.15372948198063,103.26059934091158,103.14025626952214,103.23067883984957,0.0
2024-01-02 17:06:00+00:00,103.23067883984957,103.23067883984957,103.02734638933147,103.07358201583702,0.0
2024-01-02 17:07:00+00:00,103.07358201583702,103.07358201583702,102.96662390958156,103.05507649635868,0.0
2024-01-02 17:08:00+00:00,103.05507649635868,103.07375864716548,102.94974220370884,102.94974220370884,0.0
2024-01-02 17:09:00+00:00,102.94974220370884,103.00442063506966,102.88900085137621,103.00087750407144,0.0
2024-01-02 17:10:00+00:00,103.00087750407144,103.00087750407144,102.89967575887295,102.90985794888121,0.0
2024-01-02 17:11:00+00:00,102.90985794888121,103.04396470624827,102.88915133730629,103.04396470624827,0.0
2024-01-02 17:12:00+00:00,103.04396470624827,103.11232809901406,103.02715845700088,103.02715845700088,0.0
2024-01-02 17:13:00+00:00,103.02715845700088,103.11263505483205,103.02398099274552,103.05163472562919,0.0
2024-01-02 17:14:00+00:00,103.05163472562919,103.11482342051474,103.01412849157778,103.01412849157778,0.0
2024-01-02 17:15:00+00:00,103.01412849157778,103.06511342439305,103.01412849157778,103.03475646478945,0.0
2024-01-02 17:16:00+00:00,103.03475646478945,103.03475646478945,102.88090921077195,102.88090921077195,0.0
2024-01-02 17:17:00+00:00,102.88090921077195,102.88090921077195,102.7722067026659,102.80901724759525,0.0
2024-01-02 17:18:00+00:00,102.80901724759525,102.84634989059911,102.76636375363299,102.81953103665668,0.0
2024-01-02 17:19:00+00:00,102.81953103665668,102.96524942997917,102.81953103665668,102.91338980415122,0.0
2024-01-02 17:20:00+00:00,102.91338980415122,102.96693414778247,102.86952215991302,102.86952215991302,0.0
2024-01-02 17:21:00+00:00,102.86952215991302,102.94041380632345,102.85387210209787,102.87994790936425,0.0
2024-01-02 17:22:00+00:00,102.87994790936425,102.90896712715471,102.81576416349067,102.90896712715471,0.0
2024-01-02 17:23:00+00:00,102.90896712715471,102.98852847799809,102.869985037382,102.94504552743236,0.0
2024-01-02 17:24:00+00:00,102.94504552743236,102.9929383067845,102.90348459464731,102.90348459464731,0.0
2024-01-02 17:25:00+00:00,102.90348459464731,103.00789626844461,102.86965079205946,102.98033858414168,0.0
2024-01-02 17:26:00+00:00,102.98033858414168,103.03986943991546,102.9255436656019,103.03986943991546,0.0
2024-01-02 17:27:00+00:00,103.03986943991546,103.08208705069431,102.96024556766257,102.96024556766257,0.0
2024-01-02 17:28:00+00:00,102.96024556766257,102.96024556766257,102.84936943759966,102.88424662192514,0.0
2024-01-02 17:29:00+00:00,102.88424662192514,102.9095040762163,102.8315317039667,102.84246761458724,0.0
2024-01-02 17:30:00+00:00,102.84246761458724,102.88870485344279,102.7682882422654,102.7682882422654,0.0
2024-01-02 17:31:00+00:00,102.7682882422654,102.86651399888932,102.70302256439832,102.86651399888932,0.0
2024-01-02 17:32:00+00:00,102.86651399888932,102.92850189416943,102.80900062385169,102.80900062385169,0.0
2024-01-02 17:33:00+00:00,102.80900062385169,102.84657733014798,102.77901868786843,102.81873421446325,0.0
2024-01-02 17:34:00+00:00,102.81873421446325,102.81873421446325,102.65392234530269,102.74415169224805,0.0
2024-01-02 17:35:00+00:00,102.74415169224805,102.80174836909552,102.74415169224805,102.79285541378084,0.0
2024-01-02 17:36:00+00:00,102.79285541378084,102.84806173035902,102.76586700927616,102.76586700927616,0.0
2024-01-02 17:37:00+00:00,102.76586700927616,102.84786022838274,102.70807051569233,102.75381440976737,0.0
2024-01-02 17:38:00+00:00,102.75381440976737,102.9452450214656,102.75381440976737,102.9244004177636,0.0
2024-01-02 17:39:00+00:00,102.9244004177636,102.9422458975908,102.85951876410785,102.85951876410785,0.0
2024-01-02 17:40:00+00:00,102.85951876410785,102.85951876410785,102.74789167210457,102.82388827696911,0.0
2024-01-02 17:41:00+00:00,102.82388827696911,102.88986292080179,102.74539592062332,102.74539592062332,0.0
2024-01-02 17:42:00+00:00,102.74539592062332,102.76047094274209,102.6861653796015,102.76047094274209,0.0
2024-01-02 17:43:00+00:00,102.76047094274209,102.79394751819113,102.63285679018854,102.63285679018854,0.0
2024-01-02 17:44:00+00:00,102.63285679018854,102.747720544035,102.53240010673593,102.53240010673593,0.0
2024-01-02 17:45:00+00:00,102.53240010673593,102.69471036733411,102.53240010673593,102.66277512982586,0.0
2024-01-02 17:46:00+00:00,102.66277512982586,102.81611750274644,102.60868093603213,102.81611750274644,0.0
2024-01-02 17:47:00+00:00,102.81611750274644,102.83253716128786,102.7800791180543,102.7849572483063,0.0
2024-01-02 17:48:00+00:00,102.7849572483063,102.78757666850348,102.70333917976923,102.76631773450126,0.0
2024-01-02 17:49:00+00:00,102.76631773450126,102.88443364069619,102.76631773450126,102.846948551488,0.0
2024-01-02 17:50:00+00:00,102.846948551488,102.93257312084208,102.846948551488,102.91112480765668,0.0
2024-01-02 17:51:00+00:00,102.91112480765668,102.91112480765668,102.74073635646772,102.82834222861246,0.0
2024-01-02 17:52:00+00:00,102.82834222861246,102.94495386239288,102.82834222861246,102.84996632984439,0.0
2024-01-02 17:53:00+00:00,102.84996632984439,102.85929878645548,102.78925018055503,102.83429188788182,0.0
2024-01-02 17:54:00+00:00,102.83429188788182,102.95660886126494,102.80412911430132,102.86803515876977,0.0
2024-01-02 17:55:00+00:00,102.86803515876977,103.01410516090519,102.86803515876977,102.98572472554929,0.0
2024-01-02 17:56:00+00:00,102.98572472554929,103.02283881421546,102.96772404200478,103.00803307415401,0.0
2024-01-02 17:57:00+00:00,103.00803307415401,103.00803307415401,102.79837273999001,102.79837273999001,0.0
2024-01-02 17:58:00+00:00,102.79837273999001,102.81502090492825,102.73601505532675,102.79232007357169,0.0
2024-01-02 17:59:00+00:00,102.79232007357169,102.79232007357169,102.67689303615508,102.69618338084918,0.0
2024-01-02 18:00:00+00:00,102.69618338084918,102.69716363598718,102.61467146717823,102.65950820482772,0.0
2024-01-02 18:01:00+00:00,102.65950820482772,102.79228247774755,102.61999094539841,102.76683177701173,0.0
2024-01-02 18:02:00+00:00,102.76683177701173,102.84726680548309,102.75043145395001,102.84726680548309,0.0
2024-01-02 18:03:00+00:00,102.84726680548309,102.91196643597773,102.77101616152378,102.78159327336067,0.0
2024-01-02 18:04:00+00:00,102.78159327336067,102.88883531871298,102.78159327336067,102.84448855474419,0.0
2024-01-02 18:05:00+00:00,102.84448855474419,102.84448855474419,102.63647461568617,102.63647461568617,0.0
2024-01-02 18:06:00+00:00,102.63647461568617,102.74766933387173,102.56220144458028,102.57617233341544,0.0
2024-01-02 18:07:00+00:00,102.57617233341544,102.6144842247485,102.40106219063189,102.40987859533334,0.0
2024-01-02 18:08:00+00:00,102.40987859533334,102.52670509719927,102.39671447827146,102.52670509719927,0.0
2024-01-02 18:09:00+00:00,102.52670509719927,102.60079520248959,102.51443967187868,102.57784259704594,0.0
2024-01-02 18:10:00+00:00,102.57784259704594,102.63717549292478,102.5390198996299,102.58822837191586,0.0
2024-01-02 18:11:00+00:00,102.58822837191586,102.6790592546677,102.58822837191586,102.60548830513653,0.0
2024-01-02 18:12:00+00:00,102.60548830513653,102.66531402627805,102.5548049422014,102.5548049422014,0.0
2024-01-02 18:13:00+00:00,102.5548049422014,102.72210719437517,102.5548049422014,102.72210719437517,0.0
2024-01-02 18:14:00+00:00,102.72210719437517,102.72210719437517,102.62334084273516,102.6391060663625,0.0
2024-01-02 18:15:00+00:00,102.6391060663625,102.72092566630516,102.5928016489263,102.5928016489263,0.0
2024-01-02 18:16:00+00:00,102.5928016489263,102.67692653692082,102.51347500490307,102.51347500490307,0.0
2024-01-02 18:17:00+00:00,102.51347500490307,102.59635932472287,102.49931807906752,102.59635932472287,0.0
2024-01-02 18:18:00+00:00,102.59635932472287,102.59635932472287,102.49883759408166,102.53735323981394,0.0
2024-01-02 18:19:00+00:00,102.53735323981394,102.56557786342275,102.51777566744607,102.5249767077923,0.0
2024-01-02 18:20:00+00:00,102.5249767077923,102.65476053187238,102.48986768504979,102.65476053187238,0.0
2024-01-02 18:21:00+00:00,102.65476053187238,102.73381063919786,102.60335093299805,102.60335093299805,0.0
2024-01-02 18:22:00+00:00,102.60335093299805,102.6198086191869,102.53221381043467,102.5939856965527,0.0
2024-01-02 18:23:00+00:00,102.5939856965527,102.74608226841723,102.5939856965527,102.74608226841723,0.0
2024-01-02 18:24:00+00:00,102.74608226841723,102.78518379895277,102.54728008334172,102.5723881415633,0.0
2024-01-02 18:25:00+00:00,102.5723881415633,102.5723881415633,102.37151415866668,102.45245071232019,0.0
2024-01-02 18:26:00+00:00,102.45245071232019,102.60623187849028,102.3976255441707,102.58614561108797,0.0
2024-01-02 18:27:00+00:00,102.58614561108797,102.66882961001004,102.53685143106178,102.53685143106178,0.0
2024-01-02 18:28:00+00:00,102.53685143106178,102.53685143106178,102.37431867012484,102.4018922881816,0.0
2024-01-02 18:29:00+00:00,102.4018922881816,102.46513538942101,102.35276491788356,102.41369587525472,0.0
2024-01-02 18:30:00+00:00,102.41369587525472,102.42932082188673,102.30121386388915,102.35806165340738,0.0
2024-01-02 18:31:00+00:00,102.35806165340738,102.35806165340738,102.26421616514814,102.27627644927432,0.0
2024-01-02 18:32:00+00:00,102.27627644927432,102.28774101280172,102.1940221962183,102.1940221962183,0.0
2024-01-02 18:33:00+00:00,102.1940221962183,102.27480070783213,102.13502799740431,102.27480070783213,0.0
2024-01-02 18:34:00+00:00,102.27480070783213,102.3558888491832,102.22552759407665,102.22552759407665,0.0
2024-01-02 18:35:00+00:00,102.22552759407665,102.28269136867017,102.20476607439565,102.27309133269421,0.0
2024-01-02 18:36:00+00:00,102.27309133269421,102.27309133269421,102.17348890746273,102.22457705966485,0.0
2024-01-02 18:37:00+00:00,102.22457705966485,102.43092343672554,102.22457705966485,102.41485884513855,0.0
2024-01-02 18:38:00+00:00,102.41485884513855,102.50969411711549,102.41485884513855,102.47987664953139,0.0
2024-01-02 18:39:00+00:00,102.47987664953139,102.51750531528604,102.4237974305228,102.4237974305228,0.0
2024-01-02 18:40:00+00:00,102.4237974305228,102.49768294852514,102.36968620566815,102.48161048635484,0.0
2024-01-02 18:41:00+00:00,102.48161048635484,102.68409795748542,102.48161048635484,102.67570915899715,0.0
2024-01-02 18:42:00+00:00,102.67570915899715,102.73449028783432,102.65736320126351,102.69675206085583,0.0
2024-01-02 18:43:00+00:00,102.69675206085583,102.7093344363498,102.64721733284668,102.66467975970585,0.0
2024-01-02 18:44:00+00:00,102.66467975970585,102.82296339268325,102.65780094613086,102.7246499525401,0.0
2024-01-02 18:45:00+00:00,102.7246499525401,102.89373996343728,102.64060383797477,102.87067764453501,0.0
2024-01-02 18:46:00+00:00,102.87067764453501,102.91825675277445,102.84086149902134,102.91352942546241,0.0
2024-01-02 18:47:00+00:00,102.91352942546241,102.91352942546241,102.75772158892535,102.84972082540669,0.0
2024-01-02 18:48:00+00:00,102.84972082540669,102.90189242852317,102.73980577124536,102.8106294471712,0.0
2024-01-02 18:49:00+00:00,102.8106294471712,102.91718581910709,102.8106294471712,102.9151361938431,0.0
2024-01-02 18:50:00+00:00,102.9151361938431,102.99510851937458,102.9151361938431,102.98353725322777,0.0
2024-01-02 18:51:00+00:00,102.98353725322777,103.03502931148672,102.96939401794975,102.96939401794975,0.0
2024-01-02 18:52:00+00:00,102.96939401794975,102.97189889644945,102.8954142827582,102.97189889644945,0.0
2024-01-02 18:53:00+00:00,102.97189889644945,103.07106782215097,102.97050141713555,103.07106782215097,0.0
2024-01-02 18:54:00+00:00,103.07106782215097,103.09864594348201,102.8887934357593,102.8887934357593,0.0
2024-01-02 18:55:00+00:00,102.8887934357593,102.9307086215812,102.84915787820714,102.88404251837459,0.0
2024-01-02 18:56:00+00:00,102.88404251837459,102.88404251837459,102.82340756001898,102.82823199474957,0.0
2024-01-02 18:57:00+00:00,102.82823199474957,102.84451979164756,102.73716481488769,102.73716481488769,0.0
2024-01-02 18:58:00+00:00,102.73716481488769,102.8218408231041,102.72345942733479,102.77744240479089,0.0
2024-01-02 18:59:00+00:00,102.77744240479089,102.79337684546002,102.65605630001163,102.66716707952368,0.0
2024-01-02 19:00:00+00:00,102.66716707952368,102.71206901991694,102.5960631177156,102.5960631177156,0.0
2024-01-02 19:01:00+00:00,102.5960631177156,102.61130156436941,102.46744799385142,102.46744799385142,0.0
2024-01-02 19:02:00+00:00,102.46744799385142,102.46744799385142,102.19507683714157,102.19507683714157,0.0
2024-01-02 19:03:00+00:00,102.19507683714157,102.19507683714157,102.04900994905196,102.06047872244923,0.0
2024-01-02 19:04:00+00:00,102.06047872244923,102.12933800414632,101.98186089947718,101.98186089947718,0.0
2024-01-02 19:05:00+00:00,101.98186089947718,101.99148061660927,101.89856410092084,101.89856410092084,0.0
2024-01-02 19:06:00+00:00,101.89856410092084,101.89856410092084,101.73699051107218,101.73699051107218,0.0
2024-01-02 19:07:00+00:00,101.73699051107218,101.86126543286784,101.72020662723087,101.86126543286784,0.0
2024-01-02 19:08:00+00:00,101.86126543286784,101.87257694155525,101.7036174458777,101.78479345223171,0.0
2024-01-02 19:09:00+00:00,101.78479345223171,101.80396615803305,101.7534057628996,101.7860051291937,0.0
2024-01-02 19:10:00+00:00,101.7860051291937,101.7860051291937,101.67013647422658,101.70294327912818,0.0
2024-01-02 19:11:00+00:00,101.70294327912818,101.82319308366077,101.6997128878269,101.79414727726059,0.0
2024-01-02 19:12:00+00:00,101.79414727726059,101.85208877119167,101.77156237004016,101.8160483997386,0.0
2024-01-02 19:13:00+00:00,101.8160483997386,101.95381799190544,101.8160483997386,101.95381799190544,0.0
2024-01-02 19:14:00+00:00,101.95381799190544,101.99429003268472,101.88499996684324,101.99429003268472,0.0
2024-01-02 19:15:00+00:00,101.99429003268472,102.17255392699535,101.99429003268472,102.17255392699535,0.0
2024-01-02 19:16:00+00:00,102.17255392699535,102.17255392699535,102.02852374690559,102.07058767294791,0.0
2024-01-02 19:17:00+00:00,102.07058767294791,102.10076987544738,101.94999855293688,101.94999855293688,0.0
2024-01-02 19:18:00+00:00,101.94999855293688,101.95803362506135,101.7935141975849,101.83480946815098,0.0
2024-01-02 19:19:00+00:00,101.83480946815098,101.95240877205704,101.79568819583405,101.94615484145584,0.0
2024-01-02 19:20:00+00:00,101.94615484145584,101.9706204573618,101.86861230676108,101.90929578200759,0.0
2024-01-02 19:21:00+00:00,101.90929578200759,101.94628782481205,101.79602225882034,101.79602225882034,0.0
2024-01-02 19:22:00+00:00,101.79602225882034,101.79602225882034,101.61923235544306,101.6535807647482,0.0
2024-01-02 19:23:00+00:00,101.6535807647482,101.72514023244915,101.6535807647482,101.7064549940825,0.0
2024-01-02 19:24:00+00:00,101.7064549940825,101.84015979763493,101.7064549940825,101.77089061100322,0.0
2024-01-02 19:25:00+00:00,101.77089061100322,101.77089061100322,101.61315722836264,101.68882849180544,0.0
2024-01-02 19:26:00+00:00,101.68882849180544,101.68882849180544,101.6014584414229,101.6014584414229,0.0
2024-01-02 19:27:00+00:00,101.6014584414229,101.60300351896379,101.5054742100037,101.58114930955742,0.0
2024-01-02 19:28:00+00:00,101.58114930955742,101.6148454063626,101.43780662056817,101.6148454063626,0.0
2024-01-02 19:29:00+00:00,101.6148454063626,101.6148454063626,101.35305175585002,101.41114293564922,0.0
2024-01-02 19:30:00+00:00,101.41114293564922,101.55524658916738,101.41114293564922,101.45974626891123,0.0
2024-01-02 19:31:00+00:00,101.45974626891123,101.47242447649823,101.353529643016,101.3776768510869,0.0
2024-01-02 19:32:00+00:00,101.3776768510869,101.4130197760993,101.32705652964083,101.32705652964083,0.0
2024-01-02 19:33:00+00:00,101.32705652964083,101.32705652964083,101.2006383962939,101.20272432075276,0.0
2024-01-02 19:34:00+00:00,101.20272432075276,101.21406740105539,101.10245586932696,101.2059235767663,0.0
2024-01-02 19:35:00+00:00,101.2059235767663,101.32917107885628,101.10923736538035,101.32917107885628,0.0
2024-01-02 19:36:00+00:00,101.32917107885628,101.44167371717404,101.29307174481654,101.44167371717404,0.0
2024-01-02 19:37:00+00:00,101.44167371717404,101.51611426482891,101.44167371717404,101.50727143432897,0.0
2024-01-02 19:38:00+00:00,101.50727143432897,101.61067946330971,101.48482861223977,101.61067946330971,0.0
2024-01-02 19:39:00+00:00,101.61067946330971,101.64249142478614,101.4959649343932,101.5380917230858,0.0
2024-01-02 19:40:00+00:00,101.5380917230858,101.6351387563464,101.50688755688864,101.58515494447862,0.0
2024-01-02 19:41:00+00:00,101.58515494447862,101.63583547825172,101.52456771572086,101.62041557112582,0.0
2024-01-02 19:42:00+00:00,101.62041557112582,101.62041557112582,101.48360714278864,101.48360714278864,0.0
2024-01-02 19:43:00+00:00,101.48360714278864,101.4840891621176,101.33203809759056,101.33203809759056,0.0
2024-01-02 19:44:00+00:00,101.33203809759056,101.343294786938,101.17769024277167,101.17769024277167,0.0
2024-01-02 19:45:00+00:00,101.17769024277167,101.25604658604678,101.17769024277167,101.1999782411054,0.0
2024-01-02 19:46:00+00:00,101.1999782411054,101.4282036641078,101.1999782411054,101.34721603916095,0.0
2024-01-02 19:47:00+00:00,101.34721603916095,101.34721603916095,101.21186401131477,101.21186401131477,0.0
2024-01-02 19:48:00+00:00,101.21186401131477,101.22724999456419,101.13488455012707,101.22724999456419,0.0
2024-01-02 19:49:00+00:00,101.22724999456419,101.43649871051348,101.22724999456419,101.43649871051348,0.0
2024-01-02 19:50:00+00:00,101.43649871051348,101.4810223472777,101.42404585897924,101.449598161301,0.0
2024-01-02 19:51:00+00:00,101.449598161301,101.67622308013719,101.43466971862256,101.67622308013719,0.0
2024-01-02 19:52:00+00:00,101.67622308013719,101.88834710394282,101.66821676652934,101.88834710394282,0.0
2024-01-02 19:53:00+00:00,101.88834710394282,101.97644730257079,101.81835277059277,101.85768579990402,0.0
2024-01-02 19:54:00+00:00,101.85768579990402,101.89224043476503,101.80076213376358,101.81114964752035,0.0
2024-01-02 19:55:00+00:00,101.81114964752035,101.81114964752035,101.66324314821719,101.77022113306198,0.0
2024-01-02 19:56:00+00:00,101.77022113306198,101.90748712758837,101.71760734142248,101.90748712758837,0.0
2024-01-02 19:57:00+00:00,101.90748712758837,101.90748712758837,101.73913017621118,101.78724969523147,0.0
2024-01-02 19:58:00+00:00,101.78724969523147,101.84580768808117,101.65046850586397,101.65046850586397,0.0
2024-01-02 19:59:00+00:00,101.65046850586397,101.72992710796153,101.58172789793325,101.58172789793325,0.0
2024-01-02 20:00:00+00:00,101.58172789793325,101.6565278201505,101.55565620489877,101.6416660284634,0.0
2024-01-02 20:01:00+00:00,101.6416660284634,101.71772564558376,101.56901155693174,101.71772564558376,0.0
2024-01-02 20:02:00+00:00,101.71772564558376,101.78099030112406,101.6925694114,101.70691717817793,0.0
2024-01-02 20:03:00+00:00,101.70691717817793,101.73205097590373,101.54102792089583,101.54102792089583,0.0
2024-01-02 20:04:00+00:00,101.54102792089583,101.57860506095454,101.50338305349077,101.57860506095454,0.0
2024-01-02 20:05:00+00:00,101.57860506095454,101.58025630958966,101.38437908943224,101.41560053019029,0.0
2024-01-02 20:06:00+00:00,101.41560053019029,101.43406889528111,101.3457267176075,101.43063331076674,0.0
2024-01-02 20:07:00+00:00,101.43063331076674,101.43063331076674,101.29379337813711,101.31330630649295,0.0
2024-01-02 20:08:00+00:00,101.31330630649295,101.36599766054678,101.27746112925574,101.33913683308545,0.0
2024-01-02 20:09:00+00:00,101.33913683308545,101.55674994879655,101.33913683308545,101.55674994879655,0.0
2024-01-02 20:10:00+00:00,101.55674994879655,101.6662340021742,101.52218796389552,101.6335519986601,0.0
2024-01-02 20:11:00+00:00,101.6335519986601,101.72576979521939,101.60395374848693,101.72576979521939,0.0
2024-01-02 20:12:00+00:00,101.72576979521939,101.72576979521939,101.57118572507167,101.59828601205535,0.0
2024-01-02 20:13:00+00:00,101.59828601205535,101.62718455747955,101.51546317268053,101.55208585028313,0.0
2024-01-02 20:14:00+00:00,101.55208585028313,101.56304892592703,101.50677041327575,101.5393758084084,0.0
2024-01-02 20:15:00+00:00,101.5393758084084,101.63313796434001,101.5393758084084,101.55163258542258,0.0
2024-01-02 20:16:00+00:00,101.55163258542258,101.63656765488022,101.53355578732676,101.63656765488022,0.0
2024-01-02 20:17:00+00:00,101.63656765488022,101.77393171075974,101.62381978557953,101.77393171075974,0.0
2024-01-02 20:18:00+00:00,101.77393171075974,101.77393171075974,101.6600761425947,101.69778870393111,0.0
2024-01-02 20:19:00+00:00,101.69778870393111,101.95260845372437,101.69778870393111,101.95260845372437,0.0
2024-01-02 20:20:00+00:00,101.95260845372437,102.10968070733149,101.95260845372437,102.10968070733149,0.0
2024-01-02 20:21:00+00:00,102.10968070733149,102.18290760540758,102.10348288433292,102.14805880751186,0.0
2024-01-02 20:22:00+00:00,102.14805880751186,102.36718663883964,102.14805880751186,102.35297464968983,0.0
2024-01-02 20:23:00+00:00,102.35297464968983,102.55975871755928,102.34658813260128,102.5595919359878,0.0
2024-01-02 20:24:00+00:00,102.5595919359878,102.57897690187008,102.51051365074862,102.53559766672906,0.0
2024-01-02 20:25:00+00:00,102.53559766672906,102.53559766672906,102.41471869406472,102.45488454882674,0.0
2024-01-02 20:26:00+00:00,102.45488454882674,102.47429784038155,102.31664401745905,102.39661867044812,0.0
2024-01-02 20:27:00+00:00,102.39661867044812,102.40766392908755,102.3068791313659,102.35108254619662,0.0
2024-01-02 20:28:00+00:00,102.35108254619662,102.43343553247345,102.3299438042478,102.39757732358409,0.0
2024-01-02 20:29:00+00:00,102.39757732358409,102.39757732358409,102.29472718757562,102.31966905155913,0.0
2024-01-02 20:30:00+00:00,102.31966905155913,102.44672390919592,102.31966905155913,102.44672390919592,0.0
2024-01-02 20:31:00+00:00,102.44672390919592,102.44672390919592,102.2701716003919,102.31898037031776,0.0
2024-01-02 20:32:00+00:00,102.31898037031776,102.35467833852633,102.1464293970986,102.18011230846264,0.0
2024-01-02 20:33:00+00:00,102.18011230846264,102.21722706625904,102.03351472654612,102.10446967173358,0.0
2024-01-02 20:34:00+00:00,102.10446967173358,102.14138621950623,102.01377083918021,102.14138621950623,0.0
2024-01-02 20:35:00+00:00,102.14138621950623,102.14367810556507,102.06670936372275,102.13739544824548,0.0
2024-01-02 20:36:00+00:00,102.13739544824548,102.35338609638724,102.13739544824548,102.29707027541906,0.0
2024-01-02 20:37:00+00:00,102.29707027541906,102.30799573374135,102.18048997661758,102.19733085035129,0.0
2024-01-02 20:38:00+00:00,102.19733085035129,102.31125762549564,102.19375046821685,102.27032142150641,0.0
2024-01-02 20:39:00+00:00,102.27032142150641,102.35078261501677,102.23875891836292,102.35078261501677,0.0
2024-01-02 20:40:00+00:00,102.35078261501677,102.35488491871271,102.22472232390591,102.26997569639293,0.0
2024-01-02 20:41:00+00:00,102.26997569639293,102.3563550991701,102.19248466688137,102.19248466688137,0.0
2024-01-02 20:42:00+00:00,102.19248466688137,102.28318381983303,102.16934987541336,102.18421200298795,0.0
2024-01-02 20:43:00+00:00,102.18421200298795,102.24855965124881,102.12728848097099,102.12728848097099,0.0
2024-01-02 20:44:00+00:00,102.12728848097099,102.15396314436461,102.06828827579216,102.15396314436461,0.0
2024-01-02 20:45:00+00:00,102.15396314436461,102.19981501204997,102.03866755329052,102.03866755329052,0.0
2024-01-02 20:46:00+00:00,102.03866755329052,102.13821689198662,102.03866755329052,102.12420931950695,0.0
2024-01-02 20:47:00+00:00,102.12420931950695,102.26279629661337,102.11136077276419,102.1752031974385,0.0
2024-01-02 20:48:00+00:00,102.1752031974385,102.24374113092597,102.10875759845776,102.21961723649056,0.0
2024-01-02 20:49:00+00:00,102.21961723649056,102.38364242460923,102.20600846477986,102.38364242460923,0.0
2024-01-02 20:50:00+00:00,102.38364242460923,102.3915065243609,102.3290077126564,102.3915065243609,0.0
2024-01-02 20:51:00+00:00,102.3915065243609,102.41032506022118,102.3379343656693,102.3423532786628,0.0
2024-01-02 20:52:00+00:00,102.3423532786628,102.583146950735,102.34018942559403,102.46130146632353,0.0
2024-01-02 20:53:00+00:00,102.46130146632353,102.51999323930077,102.44600370024824,102.44600370024824,0.0
2024-01-02 20:54:00+00:00,102.44600370024824,102.4845605728844,102.42809427057179,102.45911485659971,0.0
2024-01-02 20:55:00+00:00,102.45911485659971,102.52569071957632,102.41281878384596,102.43706463947446,0.0
2024-01-02 20:56:00+00:00,102.43706463947446,102.5013617728282,102.38855008061729,102.38855008061729,0.0
2024-01-02 20:57:00+00:00,102.38855008061729,102.64401103433194,102.38855008061729,102.64401103433194,0.0
2024-01-02 20:58:00+00:00,102.64401103433194,102.69838293355924,102.63218482629615,102.65676777177812,0.0
2024-01-02 20:59:00+00:00,102.65676777177812,102.78608499831816,102.65403049897544,102.78608499831816,0.0
2024-01-02 21:00:00+00:00,102.78608499831816,102.83317094657889,102.72098171367453,102.72098171367453,0.0
2024-01-02 21:01:00+00:00,102.72098171367453,102.8509487922295,102.72098171367453,102.8462509372349,0.0
2024-01-02 21:02:00+00:00,102.8462509372349,103.05436145752314,102.8462509372349,103.05436145752314,0.0
2024-01-02 21:03:00+00:00,103.05436145752314,103.07508405134341,102.95997976485901,102.9886187785426,0.0
2024-01-02 21:04:00+00:00,102.9886187785426,103.04096867675813,102.91982193263905,102.94619946244904,0.0
2024-01-02 21:05:00+00:00,102.94619946244904,103.07491444570992,102.94031324858106,103.07491444570992,0.0
2024-01-02 21:06:00+00:00,103.07491444570992,103.25992816810883,103.07491444570992,103.23040755938531,0.0
2024-01-02 21:07:00+00:00,103.23040755938531,103.36717722391337,103.23040755938531,103.29551502363245,0.0
2024-01-02 21:08:00+00:00,103.29551502363245,103.31781303307778,103.18990826042972,103.24542060942319,0.0
2024-01-02 21:09:00+00:00,103.24542060942319,103.4558885447203,103.24542060942319,103.38792581049009,0.0
2024-01-02 21:10:00+00:00,103.38792581049009,103.4119552771258,103.18992136988535,103.18992136988535,0.0
2024-01-02 21:11:00+00:00,103.18992136988535,103.23495915634543,103.16746011116267,103.23035408849552,0.0
2024-01-02 21:12:00+00:00,103.23035408849552,103.32767808959414,103.19459044162886,103.19459044162886,0.0
2024-01-02 21:13:00+00:00,103.19459044162886,103.37134824540648,103.19459044162886,103.33772347960821,0.0
2024-01-02 21:14:00+00:00,103.33772347960821,103.33772347960821,102.96908893467233,102.96908893467233,0.0
2024-01-02 21:15:00+00:00,102.96908893467233,103.18173619119092,102.96908893467233,103.18173619119092,0.0
2024-01-02 21:16:00+00:00,103.18173619119092,103.20226838017157,103.10249355591353,103.15111397554732,0.0
2024-01-02 21:17:00+00:00,103.15111397554732,103.18594178674947,103.07599772315133,103.11441550475503,0.0
2024-01-02 21:18:00+00:00,103.11441550475503,103.27939084432457,103.08100929788391,103.27939084432457,0.0
2024-01-02 21:19:00+00:00,103.27939084432457,103.34825479650492,103.16881228349669,103.16881228349669,0.0
2024-01-02 21:20:00+00:00,103.16881228349669,103.29880388106841,103.1683575239706,103.25401789491038,0.0
2024-01-02 21:21:00+00:00,103.25401789491038,103.25401789491038,103.11317060160806,103.13928106098896,0.0
2024-01-02 21:22:00+00:00,103.13928106098896,103.25901651321999,103.1176109148958,103.1176109148958,0.0
2024-01-02 21:23:00+00:00,103.1176109148958,103.1176109148958,102.88006214667877,102.88006214667877,0.0
2024-01-02 21:24:00+00:00,102.88006214667877,102.90388022813403,102.82829664084566,102.90388022813403,0.0
2024-01-02 21:25:00+00:00,102.90388022813403,103.0070122077251,102.84986844262812,102.91766897515153,0.0
2024-01-02 21:26:00+00:00,102.91766897515153,103.04138160868241,102.87989035217912,102.98202510832594,0.0
2024-01-02 21:27:00+00:00,102.98202510832594,102.98202510832594,102.89560801137165,102.90065949331748,0.0
2024-01-02 21:28:00+00:00,102.90065949331748,103.04327262435835,102.90065949331748,102.99197172608687,0.0
2024-01-02 21:29:00+00:00,102.99197172608687,103.04430020262313,102.9579864162934,103.04430020262313,0.0
2024-01-02 21:30:00+00:00,103.04430020262313,103.09652716524434,102.9673213940395,103.00723756486292,0.0
2024-01-02 21:31:00+00:00,103.00723756486292,103.02932827156273,102.88328167760821,103.01790177530972,0.0
2024-01-02 21:32:00+00:00,103.01790177530972,103.03648434765688,102.93851782341429,102.95175837072539,0.0
2024-01-02 21:33:00+00:00,102.95175837072539,102.95461737224373,102.89465808372059,102.92953342171171,0.0
2024-01-02 21:34:00+00:00,102.92953342171171,102.95572935336023,102.72727247115127,102.74444159395775,0.0
2024-01-02 21:35:00+00:00,102.74444159395775,102.83683732974129,102.6978057840769,102.83683732974129,0.0
2024-01-02 21:36:00+00:00,102.83683732974129,102.83683732974129,102.7254671075491,102.7670039291157,0.0
2024-01-02 21:37:00+00:00,102.7670039291157,102.80095579749006,102.69305010899352,102.73651951984549,0.0
2024-01-02 21:38:00+00:00,102.73651951984549,102.79996007833537,102.69469305672729,102.79996007833537,0.0
2024-01-02 21:39:00+00:00,102.79996007833537,102.97113918320524,102.79013366801146,102.95876926007048,0.0
2024-01-02 21:40:00+00:00,102.95876926007048,103.15443147329519,102.95876926007048,103.15443147329519,0.0
2024-01-02 21:41:00+00:00,103.15443147329519,103.25095174795449,103.15443147329519,103.24126604829665,0.0
2024-01-02 21:42:00+00:00,103.24126604829665,103.33182285099609,103.19760849258574,103.27493482245862,0.0
2024-01-02 21:43:00+00:00,103.27493482245862,103.27493482245862,103.14593799618982,103.27082213472093,0.0
2024-01-02 21:44:00+00:00,103.27082213472093,103.33883885003624,103.27082213472093,103.30637848504021,0.0
2024-01-02 21:45:00+00:00,103.30637848504021,103.42262063725215,103.30637848504021,103.34055288910155,0.0
2024-01-02 21:46:00+00:00,103.34055288910155,103.34055288910155,103.14135816092352,103.14172715537197,0.0
2024-01-02 21:47:00+00:00,103.14172715537197,103.19723020477144,103.13527461883156,103.17649018350325,0.0
2024-01-02 21:48:00+00:00,103.17649018350325,103.27971186088351,103.15513955746961,103.25276110385443,0.0
2024-01-02 21:49:00+00:00,103.25276110385443,103.27749087055906,103.1224026775118,103.1224026775118,0.0
2024-01-02 21:50:00+00:00,103.1224026775118,103.23978106858233,103.1076184659328,103.12233465309626,0.0
2024-01-02 21:51:00+00:00,103.12233465309626,103.26930771470809,103.12233465309626,103.20111826632426,0.0
2024-01-02 21:52:00+00:00,103.20111826632426,103.3459309798966,103.20111826632426,103.25139665048151,0.0
2024-01-02 21:53:00+00:00,103.25139665048151,103.29826832368981,103.177311938678,103.19944518031981,0.0
2024-01-02 21:54:00+00:00,103.19944518031981,103.35163154799666,103.19944518031981,103.27055297299906,0.0
2024-01-02 21:55:00+00:00,103.27055297299906,103.41261124161723,103.27055297299906,103.32059158557992,0.0
2024-01-02 21:56:00+00:00,103.32059158557992,103.46109270432255,103.32059158557992,103.40201604940087,0.0
2024-01-02 21:57:00+00:00,103.40201604940087,103.47074449871704,103.36632951592287,103.36632951592287,0.0
2024-01-02 21:58:00+00:00,103.36632951592287,103.39687845082129,103.3230231327454,103.37291308292082,0.0
2024-01-02 21:59:00+00:00,103.37291308292082,103.43888095350331,103.33202808275051,103.41312204481105,0.0
2024-01-02 22:00:00+00:00,103.41312204481105,103.60384450209925,103.37022334759541,103.60384450209925,0.0
2024-01-02 22:01:00+00:00,103.60384450209925,103.61358311768305,103.51803450801732,103.54021927926684,0.0
2024-01-02 22:02:00+00:00,103.54021927926684,103.693628896822,103.54021927926684,103.65535464675915,0.0
2024-01-02 22:03:00+00:00,103.65535464675915,103.82773505775373,103.65535464675915,103.807882780525,0.0
2024-01-02 22:04:00+00:00,103.807882780525,103.88111632577782,103.78356842465142,103.78356842465142,0.0
2024-01-02 22:05:00+00:00,103.78356842465142,103.86916943864783,103.75140234407513,103.86916943864783,0.0
2024-01-02 22:06:00+00:00,103.86916943864783,104.01313545350048,103.86916943864783,103.99182798093082,0.0
2024-01-02 22:07:00+00:00,103.99182798093082,104.05814787157983,103.92419626682555,104.02875782796221,0.0
2024-01-02 22:08:00+00:00,104.02875782796221,104.02875782796221,103.94043400849039,103.94043400849039,0.0
2024-01-02 22:09:00+00:00,103.94043400849039,103.99269384854351,103.91347147871086,103.96681214004133,0.0
2024-01-02 22:10:00+00:00,103.96681214004133,104.17594697255582,103.96681214004133,104.15961193853123,0.0
2024-01-02 22:11:00+00:00,104.15961193853123,104.15961193853123,103.97214052994507,103.97214052994507,0.0
2024-01-02 22:12:00+00:00,103.97214052994507,103.97214052994507,103.86664748687481,103.96733793814751,0.0
2024-01-02 22:13:00+00:00,103.96733793814751,104.03768939570683,103.8779105577532,104.02526934404582,0.0
2024-01-02 22:14:00+00:00,104.02526934404582,104.15900273769684,104.02526934404582,104.0455881328671,0.0
2024-01-02 22:15:00+00:00,104.0455881328671,104.223852456027,104.0455881328671,104.16302229406088,0.0
2024-01-02 22:16:00+00:00,104.16302229406088,104.16302229406088,103.97365028153683,103.97365028153683,0.0
2024-01-02 22:17:00+00:00,103.97365028153683,104.05929615479343,103.97365028153683,103.990733490979,0.0
2024-01-02 22:18:00+00:00,103.990733490979,104.14366171099292,103.990733490979,104.13477662760374,0.0
2024-01-02 22:19:00+00:00,104.13477662760374,104.22834723761338,104.12288287001219,104.2179540025819,0.0
2024-01-02 22:20:00+00:00,104.2179540025819,104.28578270736084,104.1627548093026,104.28578270736084,0.0
2024-01-02 22:21:00+00:00,104.28578270736084,104.30000904242688,104.21673790616286,104.26385704351338,0.0
2024-01-02 22:22:00+00:00,104.26385704351338,104.27710330267281,104.19547518517885,104.24555941540525,0.0
2024-01-02 22:23:00+00:00,104.24555941540525,104.42619615530819,104.21731883153844,104.42619615530819,0.0
2024-01-02 22:24:00+00:00,104.42619615530819,104.44102864841997,104.36103273330086,104.434127891167,0.0
2024-01-02 22:25:00+00:00,104.434127891167,104.52131655427618,104.36342406590978,104.43790898386152,0.0
2024-01-02 22:26:00+00:00,104.43790898386152,104.47895851937706,104.33825793972044,104.39867013402147,0.0
2024-01-02 22:27:00+00:00,104.39867013402147,104.4268650324089,104.25545165863204,104.26698492710682,0.0
2024-01-02 22:28:00+00:00,104.26698492710682,104.32315002972138,104.1669438101552,104.1669438101552,0.0
2024-01-02 22:29:00+00:00,104.1669438101552,104.38120129388618,104.1669438101552,104.38120129388618,0.0
2024-01-02 22:30:00+00:00,104.38120129388618,104.50849793075177,104.36161230630918,104.50849793075177,0.0
2024-01-02 22:31:00+00:00,104.50849793075177,104.71761644292144,104.47098790677056,104.69472600378297,0.0
2024-01-02 22:32:00+00:00,104.69472600378297,104.73059324789561,104.64163355862863,104.68657286239876,0.0
2024-01-02 22:33:00+00:00,104.68657286239876,104.92740476852083,104.68657286239876,104.92224602351494,0.0
2024-01-02 22:34:00+00:00,104.92224602351494,104.962860997005,104.85586911440586,104.85586911440586,0.0
2024-01-02 22:35:00+00:00,104.85586911440586,105.16676966364237,104.85586911440586,105.16676966364237,0.0
2024-01-02 22:36:00+00:00,105.16676966364237,105.26343458444646,105.16676966364237,105.20743137986115,0.0
2024-01-02 22:37:00+00:00,105.20743137986115,105.39763580805221,105.20743137986115,105.3931704968046,0.0
2024-01-02 22:38:00+00:00,105.3931704968046,105.3931704968046,105.3196416593335,105.35825124255202,0.0
2024-01-02 22:39:00+00:00,105.35825124255202,105.39116917130679,105.33500618051316,105.39116917130679,0.0
2024-01-02 22:40:00+00:00,105.39116917130679,105.45096977908351,105.36309084193923,105.39064168434054,0.0
2024-01-02 22:41:00+00:00,105.39064168434054,105.41753083208671,105.34177851699148,105.35286312112599,0.0
2024-01-02 22:42:00+00:00,105.35286312112599,105.4189786657894,105.30475866041276,105.38245490803497,0.0
2024-01-02 22:43:00+00:00,105.38245490803497,105.4646836524351,105.34344411195198,105.42986725006499,0.0
2024-01-02 22:44:00+00:00,105.42986725006499,105.53121260318234,105.4002700982359,105.50178411301644,0.0
2024-01-02 22:45:00+00:00,105.50178411301644,105.50178411301644,105.34853967513716,105.38770346857565,0.0
2024-01-02 22:46:00+00:00,105.38770346857565,105.4080618424473,105.23041729621049,105.38574072159821,0.0
2024-01-02 22:47:00+00:00,105.38574072159821,105.38574072159821,105.31098887615047,105.31098887615047,0.0
2024-01-02 22:48:00+00:00,105.31098887615047,105.42014063764019,105.29190678948444,105.32130665526427,0.0
2024-01-02 22:49:00+00:00,105.32130665526427,105.46868721579334,105.32130665526427,105.39062490519284,0.0
2024-01-02 22:50:00+00:00,105.39062490519284,105.46920663655061,105.32013558267256,105.32013558267256,0.0
2024-01-02 22:51:00+00:00,105.32013558267256,105.32013558267256,105.18974290871625,105.27505598847254,0.0
2024-01-02 22:52:00+00:00,105.27505598847254,105.38687890580414,105.21503876837454,105.21503876837454,0.0
2024-01-02 22:53:00+00:00,105.21503876837454,105.27031279192347,105.09728212828391,105.09728212828391,0.0
2024-01-02 22:54:00+00:00,105.09728212828391,105.17308869074856,105.07716488717003,105.08859818561106,0.0
2024-01-02 22:55:00+00:00,105.08859818561106,105.13726080692896,105.04301026060226,105.070474882708,0.0
2024-01-02 22:56:00+00:00,105.070474882708,105.18642181936153,105.070474882708,105.12392891350154,0.0
2024-01-02 22:57:00+00:00,105.12392891350154,105.16191755806227,105.07012844093255,105.07851826170057,0.0
2024-01-02 22:58:00+00:00,105.07851826170057,105.07851826170057,104.94565561774957,105.01810783181634,0.0
2024-01-02 22:59:00+00:00,105.01810783181634,105.06999040517508,104.92417836333571,104.94595951540707,0.0
2024-01-02 23:00:00+00:00,104.94595951540707,105.17815957981931,104.94595951540707,105.14677137116149,0.0
2024-01-02 23:01:00+00:00,105.14677137116149,105.2982200083364,105.14677137116149,105.18426413706453,0.0
2024-01-02 23:02:00+00:00,105.18426413706453,105.21501052439399,105.1184276959173,105.1184276959173,0.0
2024-01-02 23:03:00+00:00,105.1184276959173,105.14099052825615,105.0583806329876,105.07608623337276,0.0
2024-01-02 23:04:00+00:00,105.07608623337276,105.15108824001213,105.06130152846403,105.10644218068319,0.0
2024-01-02 23:05:00+00:00,105.10644218068319,105.38494734256456,105.10644218068319,105.34098663386284,0.0
2024-01-02 23:06:00+00:00,105.34098663386284,105.42385406143953,105.27808764699068,105.37931070169806,0.0
2024-01-02 23:07:00+00:00,105.37931070169806,105.37931070169806,105.2515205638171,105.34786649543756,0.0
2024-01-02 23:08:00+00:00,105.34786649543756,105.43245195439792,105.25351884654432,105.42825280083649,0.0
2024-01-02 23:09:00+00:00,105.42825280083649,105.56287069959501,105.4159546440346,105.56287069959501,0.0
2024-01-02 23:10:00+00:00,105.56287069959501,105.60693563430416,105.47655283232199,105.55681024675266,0.0
2024-01-02 23:11:00+00:00,105.55681024675266,105.63048729748797,105.4393159673866,105.605417618227,0.0
2024-01-02 23:12:00+00:00,105.605417618227,105.82565086662724,105.605417618227,105.77346340702927,0.0
2024-01-02 23:13:00+00:00,105.77346340702927,105.80811527475679,105.72260955998418,105.72780501478209,0.0
2024-01-02 23:14:00+00:00,105.72780501478209,105.73775788052195,105.59534980681356,105.71266184311924,0.0
2024-01-02 23:15:00+00:00,105.71266184311924,105.7988812978348,105.71266184311924,105.78262102205329,0.0
2024-01-02 23:16:00+00:00,105.78262102205329,105.8052823543902,105.52117490183505,105.56162391335319,0.0
2024-01-02 23:17:00+00:00,105.56162391335319,105.65794131464075,105.51653422034472,105.65794131464075,0.0
2024-01-02 23:18:00+00:00,105.65794131464075,105.70592354142319,105.62997191373506,105.6824658069679,0.0
2024-01-02 23:19:00+00:00,105.6824658069679,105.7832236047519,105.61885332016054,105.63465691188735,0.0
2024-01-02 23:20:00+00:00,105.63465691188735,105.70107810153932,105.63178034499796,105.64952907179864,0.0
2024-01-02 23:21:00+00:00,105.64952907179864,105.70020823220331,105.5677848760661,105.69846512453024,0.0
2024-01-02 23:22:00+00:00,105.69846512453024,105.72814433589902,105.62359010978463,105.62359010978463,0.0
2024-01-02 23:23:00+00:00,105.62359010978463,105.66433484208865,105.58959464468207,105.66433484208865,0.0
2024-01-02 23:24:00+00:00,105.66433484208865,105.76778386725437,105.62471615687582,105.67334711085198,0.0
2024-01-02 23:25:00+00:00,105.67334711085198,105.7198044589602,105.54670237313401,105.58974442668477,0.0
2024-01-02 23:26:00+00:00,105.58974442668477,105.60722181801607,105.46986131857079,105.46986131857079,0.0
2024-01-02 23:27:00+00:00,105.46986131857079,105.62574850285523,105.46986131857079,105.62574850285523,0.0
2024-01-02 23:28:00+00:00,105.62574850285523,105.74050524498313,105.59758645801801,105.69962849542776,0.0
2024-01-02 23:29:00+00:00,105.69962849542776,105.80360817893278,105.65052597496879,105.78306673262787,0.0
2024-01-02 23:30:00+00:00,105.78306673262787,105.78306673262787,105.53437070105204,105.54059283810227,0.0
2024-01-02 23:31:00+00:00,105.54059283810227,105.65573212751477,105.54059283810227,105.65554892920923,0.0
2024-01-02 23:32:00+00:00,105.65554892920923,105.68007650830673,105.47460748630971,105.49770304603715,0.0
2024-01-02 23:33:00+00:00,105.49770304603715,105.57834521526667,105.49770304603715,105.54652722392495,0.0
2024-01-02 23:34:00+00:00,105.54652722392495,105.82392148765904,105.54652722392495,105.82392148765904,0.0
2024-01-02 23:35:00+00:00,105.82392148765904,105.90208450879567,105.82392148765904,105.85521960912837,0.0
2024-01-02 23:36:00+00:00,105.85521960912837,105.85521960912837,105.7460557233139,105.7460557233139,0.0
2024-01-02 23:37:00+00:00,105.7460557233139,105.75131473003044,105.58702413661867,105.58702413661867,0.0
2024-01-02 23:38:00+00:00,105.58702413661867,105.62346786390218,105.5462759182175,105.5645116515042,0.0
2024-01-02 23:39:00+00:00,105.5645116515042,105.62101299994453,105.50201555138982,105.62101299994453,0.0
2024-01-02 23:40:00+00:00,105.62101299994453,105.65723136955582,105.56094125536768,105.5800873447094,0.0
2024-01-02 23:41:00+00:00,105.5800873447094,105.5925222390642,105.40256888855752,105.43548614738968,0.0
2024-01-02 23:42:00+00:00,105.43548614738968,105.57464047250267,105.4092740292613,105.5384897548439,0.0
2024-01-02 23:43:00+00:00,105.5384897548439,105.59673624894342,105.46743723270023,105.46743723270023,0.0
2024-01-02 23:44:00+00:00,105.46743723270023,105.46743723270023,105.31071146230151,105.35033458322913,0.0
2024-01-02 23:45:00+00:00,105.35033458322913,105.38347018654703,105.29634357380043,105.3419131535771,0.0
2024-01-02 23:46:00+00:00,105.3419131535771,105.3419131535771,105.24157269486543,105.28111526345151,0.0
2024-01-02 23:47:00+00:00,105.28111526345151,105.29483861498382,105.24577361852039,105.25933587333971,0.0
2024-01-02 23:48:00+00:00,105.25933587333971,105.31753739275041,105.25740634982279,105.31753739275041,0.0
2024-01-02 23:49:00+00:00,105.31753739275041,105.39967972849384,105.30058260161314,105.31665673684628,0.0
2024-01-02 23:50:00+00:00,105.31665673684628,105.35359026422384,105.27832978050917,105.35359026422384,0.0
2024-01-02 23:51:00+00:00,105.35359026422384,105.39749053817081,105.30486732210349,105.34547143545397,0.0
2024-01-02 23:52:00+00:00,105.34547143545397,105.34547143545397,105.25335703006643,105.25335703006643,0.0
2024-01-02 23:53:00+00:00,105.25335703006643,105.27875330671844,105.06842086364223,105.06842086364223,0.0
2024-01-02 23:54:00+00:00,105.06842086364223,105.1299387385416,105.007042167291,105.1299387385416,0.0
2024-01-02 23:55:00+00:00,105.1299387385416,105.1779827440572,105.0740111881426,105.08841805406762,0.0
2024-01-02 23:56:00+00:00,105.08841805406762,105.12192752719054,105.07250198652626,105.07842722883052,0.0
2024-01-02 23:57:00+00:00,105.07842722883052,105.13593681364344,105.07842722883052,105.13593681364344,0.0
2024-01-02 23:58:00+00:00,105.13593681364344,105.30609847275517,105.13593681364344,105.18476618205898,0.0
2024-01-02 23:59:00+00:00,105.18476618205898,105.22645380229767,105.13248919209211,105.13624462566615,0.0
2024-01-03 00:00:00+00:00,105.13624462566615,105.21755962432297,105.13393966062104,105.14420582459825,0.0
2024-01-03 00:01:00+00:00,105.14420582459825,105.19960132744461,105.10706281393843,105.1916435129418,0.0
2024-01-03 00:02:00+00:00,105.1916435129418,105.40354211884313,105.1916435129418,105.37252373892538,0.0
2024-01-03 00:03:00+00:00,105.37252373892538,105.48946758069066,105.37252373892538,105.47824293448409,0.0
2024-01-03 00:04:00+00:00,105.47824293448409,105.55867030933766,105.44461944811951,105.55867030933766,0.0
2024-01-03 00:05:00+00:00,105.55867030933766,105.65875430375486,105.55350688980504,105.55385889433842,0.0
2024-01-03 00:06:00+00:00,105.55385889433842,105.55385889433842,105.36649714496335,105.52047293937879,0.0
2024-01-03 00:07:00+00:00,105.52047293937879,105.66911908787328,105.50220265347103,105.62392061166373,0.0
2024-01-03 00:08:00+00:00,105.62392061166373,105.64941015627326,105.59369349344217,105.60402703339726,0.0
2024-01-03 00:09:00+00:00,105.60402703339726,105.62515751267144,105.51565357680884,105.55090677908392,0.0
2024-01-03 00:10:00+00:00,105.55090677908392,105.91172925554764,105.55090677908392,105.89775703927046,0.0
2024-01-03 00:11:00+00:00,105.89775703927046,106.0449217290629,105.87320987056837,106.0449217290629,0.0
2024-01-03 00:12:00+00:00,106.0449217290629,106.2464975437624,106.0449217290629,106.2464975437624,0.0
2024-01-03 00:13:00+00:00,106.2464975437624,106.27206727443367,106.1258319928327,106.13179918800253,0.0
2024-01-03 00:14:00+00:00,106.13179918800253,106.26481963348455,106.13179918800253,106.21459875191142,0.0
2024-01-03 00:15:00+00:00,106.21459875191142,106.26574034880687,106.1491624031888,106.1491624031888,0.0
2024-01-03 00:16:00+00:00,106.1491624031888,106.23055788000917,106.10588824679263,106.23055788000917,0.0
2024-01-03 00:17:00+00:00,106.23055788000917,106.23055788000917,106.13038761157063,106.19885537360778,0.0
2024-01-03 00:18:00+00:00,106.19885537360778,106.24510259220227,106.17467529652727,106.18814103153805,0.0
2024-01-03 00:19:00+00:00,106.18814103153805,106.26475242753911,106.1709902257574,106.25164299357542,0.0
2024-01-03 00:20:00+00:00,106.25164299357542,106.47554528531936,106.25164299357542,106.47554528531936,0.0
2024-01-03 00:21:00+00:00,106.47554528531936,106.52756272757952,106.40306121438033,106.45600570495377,0.0
2024-01-03 00:22:00+00:00,106.45600570495377,106.63458321871458,106.45600570495377,106.63458321871458,0.0
2024-01-03 00:23:00+00:00,106.63458321871458,106.76745753393298,106.59774203331419,106.76745753393298,0.0
2024-01-03 00:24:00+00:00,106.76745753393298,106.80669064951397,106.67361495826498,106.67361495826498,0.0
2024-01-03 00:25:00+00:00,106.67361495826498,106.73911194956449,106.60620278776841,106.60984276978107,0.0
2024-01-03 00:26:00+00:00,106.60984276978107,106.64318401586746,106.5084164710888,106.52447155500491,0.0
2024-01-03 00:27:00+00:00,106.52447155500491,106.63806345403563,106.52447155500491,106.59023425137887,0.0
2024-01-03 00:28:00+00:00,106.59023425137887,106.62097113184284,106.51855809063525,106.60853599351272,0.0
2024-01-03 00:29:00+00:00,106.60853599351272,106.80704491786116,106.60853599351272,106.74734606018063,0.0
2024-01-03 00:30:00+00:00,106.74734606018063,106.89259116051598,106.74734606018063,106.89259116051598,0.0
2024-01-03 00:31:00+00:00,106.89259116051598,107.0633360598509,106.89259116051598,106.96766767410503,0.0
2024-01-03 00:32:00+00:00,106.96766767410503,107.08004755635132,106.96766767410503,107.0535093332418,0.0
2024-01-03 00:33:00+00:00,107.0535093332418,107.13863121844523,107.02354326909574,107.09916404269514,0.0
2024-01-03 00:34:00+00:00,107.09916404269514,107.3731859263338,107.09916404269514,107.33719913541934,0.0
2024-01-03 00:35:00+00:00,107.33719913541934,107.33719913541934,107.21878228890563,107.3318365148265,0.0
2024-01-03 00:36:00+00:00,107.3318365148265,107.43486000273298,107.28602270959816,107.39291280675025,0.0
2024-01-03 00:37:00+00:00,107.39291280675025,107.55202422748171,107.39291280675025,107.4879543570171,0.0
2024-01-03 00:38:00+00:00,107.4879543570171,107.5325137333857,107.37942575042636,107.43890188635379,0.0
2024-01-03 00:39:00+00:00,107.43890188635379,107.57692036189518,107.3952827423681,107.57692036189518,0.0
2024-01-03 00:40:00+00:00,107.57692036189518,107.59942451735611,107.45859223522727,107.48161747767791,0.0
2024-01-03 00:41:00+00:00,107.48161747767791,107.48161747767791,107.34884416204544,107.36067633045708,0.0
2024-01-03 00:42:00+00:00,107.36067633045708,107.38223383042337,107.22875002533469,107.22875002533469,0.0
2024-01-03 00:43:00+00:00,107.22875002533469,107.58949036884901,107.22875002533469,107.55853146024998,0.0
2024-01-03 00:44:00+00:00,107.55853146024998,107.58129638040316,107.45802149351574,107.58129638040316,0.0
2024-01-03 00:45:00+00:00,107.58129638040316,107.69356947076385,107.58129638040316,107.69356947076385,0.0
2024-01-03 00:46:00+00:00,107.69356947076385,107.69356947076385,107.56491104448284,107.6879757831337,0.0
2024-01-03 00:47:00+00:00,107.6879757831337,107.6879757831337,107.51616344410478,107.52103159597259,0.0
2024-01-03 00:48:00+00:00,107.52103159597259,107.52103159597259,107.27397299649559,107.27397299649559,0.0
2024-01-03 00:49:00+00:00,107.27397299649559,107.28974830083848,107.05996850843515,107.15018579805994,0.0
2024-01-03 00:50:00+00:00,107.15018579805994,107.26213699263411,107.14285442431576,107.26213699263411,0.0
2024-01-03 00:51:00+00:00,107.26213699263411,107.26213699263411,106.91878196224475,106.92546047638872,0.0
2024-01-03 00:52:00+00:00,106.92546047638872,107.07200397380345,106.92546047638872,107.07200397380345,0.0
2024-01-03 00:53:00+00:00,107.07200397380345,107.16099872135028,107.00284219582164,107.00284219582164,0.0
2024-01-03 00:54:00+00:00,107.00284219582164,107.07024129384018,106.95583145263866,107.0156004586937,0.0
2024-01-03 00:55:00+00:00,107.0156004586937,107.05167092252466,106.97904300875415,107.00300653520868,0.0
2024-01-03 00:56:00+00:00,107.00300653520868,107.06336219257281,106.79381152544465,106.79381152544465,0.0
2024-01-03 00:57:00+00:00,106.79381152544465,106.80493867496139,106.65583495390034,106.65583495390034,0.0
2024-01-03 00:58:00+00:00,106.65583495390034,106.69613110210804,106.55861542532074,106.69613110210804,0.0
2024-01-03 00:59:00+00:00,106.69613110210804,106.69613110210804,106.56421089101728,106.58568660659418,0.0
2024-01-03 01:00:00+00:00,106.58568660659418,106.58568660659418,106.42139593509783,106.42139593509783,0.0
2024-01-03 01:01:00+00:00,106.42139593509783,106.44114356594132,106.23623170691401,106.25926142312387,0.0
2024-01-03 01:02:00+00:00,106.25926142312387,106.3375171531569,106.25926142312387,106.25966359870984,0.0
2024-01-03 01:03:00+00:00,106.25966359870984,106.48051960702914,106.25729136513365,106.47301143317112,0.0
2024-01-03 01:04:00+00:00,106.47301143317112,106.61020091053848,106.45136172628322,106.61020091053848,0.0
2024-01-03 01:05:00+00:00,106.61020091053848,106.61020091053848,106.53200303220652,106.53200303220652,0.0
2024-01-03 01:06:00+00:00,106.53200303220652,106.56720510388944,106.52397937967875,106.55665672942317,0.0
2024-01-03 01:07:00+00:00,106.55665672942317,106.61420195382647,106.52453289047165,106.52453289047165,0.0
2024-01-03 01:08:00+00:00,106.52453289047165,106.52453289047165,106.4035329571877,106.42023121887362,0.0
2024-01-03 01:09:00+00:00,106.42023121887362,106.61371587437398,106.42023121887362,106.60748578227056,0.0
2024-01-03 01:10:00+00:00,106.60748578227056,106.60748578227056,106.49581172757861,106.50227841198347,0.0
2024-01-03 01:11:00+00:00,106.50227841198347,106.64263707565193,106.48483850895629,106.64263707565193,0.0
2024-01-03 01:12:00+00:00,106.64263707565193,106.74591727000472,106.57090597199175,106.74591727000472,0.0
2024-01-03 01:13:00+00:00,106.74591727000472,106.74591727000472,106.47403928846822,106.47403928846822,0.0
2024-01-03 01:14:00+00:00,106.47403928846822,106.64894526780071,106.47403928846822,106.58741914171095,0.0
2024-01-03 01:15:00+00:00,106.58741914171095,106.58741914171095,106.42751972847945,106.4773855659835,0.0
2024-01-03 01:16:00+00:00,106.4773855659835,106.657296254301,106.44393765364994,106.657296254301,0.0
2024-01-03 01:17:00+00:00,106.657296254301,106.83961217889944,106.657296254301,106.73902698004399,0.0
2024-01-03 01:18:00+00:00,106.73902698004399,106.85351345266027,106.71881243666941,106.84610496388302,0.0
2024-01-03 01:19:00+00:00,106.84610496388302,106.94383117905991,106.83045977960938,106.90059564717681,0.0
2024-01-03 01:20:00+00:00,106.90059564717681,107.0261770192848,106.90059564717681,107.00922818922983,0.0
2024-01-03 01:21:00+00:00,107.00922818922983,107.15663382488619,107.00922818922983,107.11027095772761,0.0
2024-01-03 01:22:00+00:00,107.11027095772761,107.32563383969831,107.11027095772761,107.32563383969831,0.0
2024-01-03 01:23:00+00:00,107.32563383969831,107.35120154193304,107.248574745693,107.35120154193304,0.0
2024-01-03 01:24:00+00:00,107.35120154193304,107.35120154193304,107.27772418260687,107.30557850811773,0.0
2024-01-03 01:25:00+00:00,107.30557850811773,107.5006099125115,107.30557850811773,107.46209149767661,0.0
2024-01-03 01:26:00+00:00,107.46209149767661,107.53575061733467,107.46209149767661,107.50286044274539,0.0
2024-01-03 01:27:00+00:00,107.50286044274539,107.61768843969628,107.50286044274539,107.61604059185409,0.0
2024-01-03 01:28:00+00:00,107.61604059185409,107.67418591421627,107.59488023400989,107.67418591421627,0.0
2024-01-03 01:29:00+00:00,107.67418591421627,107.68921922512298,107.56987603925526,107.68921922512298,0.0
2024-01-03 01:30:00+00:00,107.68921922512298,107.87986406103482,107.68921922512298,107.83219314840238,0.0
2024-01-03 01:31:00+00:00,107.83219314840238,107.8799140466875,107.80159762518913,107.80159762518913,0.0
2024-01-03 01:32:00+00:00,107.80159762518913,107.85405156995537,107.67404017818285,107.85405156995537,0.0
2024-01-03 01:33:00+00:00,107.85405156995537,107.92891433859788,107.7960838492012,107.92891433859788,0.0
2024-01-03 01:34:00+00:00,107.92891433859788,107.92891433859788,107.69723230515659,107.69723230515659,0.0
2024-01-03 01:35:00+00:00,107.69723230515659,107.77913234787263,107.69576733387979,107.75782286624947,0.0
2024-01-03 01:36:00+00:00,107.75782286624947,107.86243419389109,107.75782286624947,107.80924951499951,0.0
2024-01-03 01:37:00+00:00,107.80924951499951,107.94470313530422,107.75223614211862,107.7556829017187,0.0
2024-01-03 01:38:00+00:00,107.7556829017187,107.8278079834199,107.75419874252164,107.79160161060791,0.0
2024-01-03 01:39:00+00:00,107.79160161060791,107.88747048366487,107.74589548186867,107.81333907171847,0.0
2024-01-03 01:40:00+00:00,107.81333907171847,107.88479282583697,107.75771775575605,107.87258612676645,0.0
2024-01-03 01:41:00+00:00,107.87258612676645,107.87258612676645,107.74554957814759,107.74633603155623,0.0
2024-01-03 01:42:00+00:00,107.74633603155623,107.75271937878126,107.6723334420433,107.69573179772874,0.0
2024-01-03 01:43:00+00:00,107.69573179772874,107.76499359836423,107.6263554106885,107.74756326521538,0.0
2024-01-03 01:44:00+00:00,107.74756326521538,107.83794926421199,107.70583894359355,107.75519011729996,0.0
2024-01-03 01:45:00+00:00,107.75519011729996,107.91716812645757,107.7250057917099,107.91716812645757,0.0
2024-01-03 01:46:00+00:00,107.91716812645757,107.93339435460324,107.72937192991348,107.72937192991348,0.0
2024-01-03 01:47:00+00:00,107.72937192991348,107.7935972540965,107.67493368485397,107.7449159716306,0.0
2024-01-03 01:48:00+00:00,107.7449159716306,107.8230664014217,107.72874841592385,107.80621439301889,0.0
2024-01-03 01:49:00+00:00,107.80621439301889,107.87000421440567,107.73994821593348,107.75086029560855,0.0
2024-01-03 01:50:00+00:00,107.75086029560855,107.81958558687305,107.69036969392006,107.81958558687305,0.0
2024-01-03 01:51:00+00:00,107.81958558687305,107.81958558687305,107.71274969584921,107.72097650652164,0.0
2024-01-03 01:52:00+00:00,107.72097650652164,107.8221307591384,107.67707414481566,107.8221307591384,0.0
2024-01-03 01:53:00+00:00,107.8221307591384,107.95067612289021,107.81917078094928,107.87673529193911,0.0
2024-01-03 01:54:00+00:00,107.87673529193911,108.0415922384355,107.87635943577814,108.00430841220825,0.0
2024-01-03 01:55:00+00:00,108.00430841220825,108.09028524423103,108.00430841220825,108.05683380665438,0.0
2024-01-03 01:56:00+00:00,108.05683380665438,108.19914789518499,108.05209224146925,108.19608596417301,0.0
2024-01-03 01:57:00+00:00,108.19608596417301,108.3038987352692,108.17903367380342,108.29589150809409,0.0
2024-01-03 01:58:00+00:00,108.29589150809409,108.3486211836788,108.11235058643089,108.11235058643089,0.0
2024-01-03 01:59:00+00:00,108.11235058643089,108.21244275604516,108.05228103752431,108.05228103752431,0.0
2024-01-03 02:00:00+00:00,108.05228103752431,108.06653306141052,107.95049319254774,108.06653306141052,0.0
2024-01-03 02:01:00+00:00,108.06653306141052,108.25764040938931,108.06653306141052,108.21195771013338,0.0
2024-01-03 02:02:00+00:00,108.21195771013338,108.21195771013338,107.96348457368457,107.96348457368457,0.0
2024-01-03 02:03:00+00:00,107.96348457368457,108.17648169789993,107.86290204223137,108.15676933516505,0.0
2024-01-03 02:04:00+00:00,108.15676933516505,108.17114924900679,107.94126717692086,107.95807981689441,0.0
2024-01-03 02:05:00+00:00,107.95807981689441,108.0026693917828,107.94694422735068,107.98684310050042,0.0
2024-01-03 02:06:00+00:00,107.98684310050042,108.01950068154197,107.98157672529521,108.01950068154197,0.0
2024-01-03 02:07:00+00:00,108.01950068154197,108.01950068154197,107.92744756183514,107.94292115470878,0.0
2024-01-03 02:08:00+00:00,107.94292115470878,107.95457934232101,107.85500679240967,107.88440518630226,0.0
2024-01-03 02:09:00+00:00,107.88440518630226,107.88440518630226,107.71612771443134,107.72251814819808,0.0
2024-01-03 02:10:00+00:00,107.72251814819808,107.72251814819808,107.50478193529453,107.50478193529453,0.0
2024-01-03 02:11:00+00:00,107.50478193529453,107.61483764092348,107.47268660072663,107.58453147855921,0.0
2024-01-03 02:12:00+00:00,107.58453147855921,107.58998397948736,107.34813583073998,107.4162707838869,0.0
2024-01-03 02:13:00+00:00,107.4162707838869,107.50304722355476,107.39968826541748,107.50304722355476,0.0
2024-01-03 02:14:00+00:00,107.50304722355476,107.54240135181567,107.47212506533856,107.4788409435656,0.0
2024-01-03 02:15:00+00:00,107.4788409435656,107.56666222819236,107.4788409435656,107.5222917235968,0.0
2024-01-03 02:16:00+00:00,107.5222917235968,107.60194606010069,107.5222917235968,107.52597592634996,0.0
2024-01-03 02:17:00+00:00,107.52597592634996,107.58724643575916,107.3745835836504,107.38706895201352,0.0
2024-01-03 02:18:00+00:00,107.38706895201352,107.42899769323543,107.33313001686794,107.37620786428504,0.0
2024-01-03 02:19:00+00:00,107.37620786428504,107.38510635668815,107.32380925532283,107.32380925532283,0.0
2024-01-03 02:20:00+00:00,107.32380925532283,107.32380925532283,107.17570044981854,107.24153725632236,0.0
2024-01-03 02:21:00+00:00,107.24153725632236,107.43089819900155,107.24153725632236,107.43089819900155,0.0
2024-01-03 02:22:00+00:00,107.43089819900155,107.5875895513939,107.3893873812291,107.50780789754987,0.0
2024-01-03 02:23:00+00:00,107.50780789754987,107.63873973640412,107.49709081069264,107.63811788000064,0.0
2024-01-03 02:24:00+00:00,107.63811788000064,107.63811788000064,107.42468383779949,107.4978856040545,0.0
2024-01-03 02:25:00+00:00,107.4978856040545,107.4978856040545,107.40757776137944,107.47678002489924,0.0
2024-01-03 02:26:00+00:00,107.47678002489924,107.52516161603597,107.45660982856263,107.45660982856263,0.0
2024-01-03 02:27:00+00:00,107.45660982856263,107.54536189480557,107.36896306919837,107.51465318738599,0.0
2024-01-03 02:28:00+00:00,107.51465318738599,107.56093112213294,107.44343688383718,107.55005723812259,0.0
2024-01-03 02:29:00+00:00,107.55005723812259,107.55005723812259,107.30815363663169,107.30815363663169,0.0
2024-01-03 02:30:00+00:00,107.30815363663169,107.43952277473805,107.2346040454277,107.2346040454277,0.0
2024-01-03 02:31:00+00:00,107.2346040454277,107.41915279547057,107.2346040454277,107.41584294860655,0.0
2024-01-03 02:32:00+00:00,107.41584294860655,107.42124061895977,107.23295041271187,107.34257815974178,0.0
2024-01-03 02:33:00+00:00,107.34257815974178,107.48709642333444,107.34257815974178,107.48709642333444,0.0
2024-01-03 02:34:00+00:00,107.48709642333444,107.7492012425847,107.48709642333444,107.74070757281923,0.0
2024-01-03 02:35:00+00:00,107.74070757281923,107.74070757281923,107.6018898555414,107.63058570318874,0.0
2024-01-03 02:36:00+00:00,107.63058570318874,107.63058570318874,107.4634220834145,107.55635377767814,0.0
2024-01-03 02:37:00+00:00,107.55635377767814,107.55635377767814,107.4557903429584,107.48245673124075,0.0
2024-01-03 02:38:00+00:00,107.48245673124075,107.51820076392035,107.40301812933015,107.42902068191806,0.0
2024-01-03 02:39:00+00:00,107.42902068191806,107.44243410378388,107.27603468399285,107.3236314790257,0.0
2024-01-03 02:40:00+00:00,107.3236314790257,107.34330180895635,107.24961742642255,107.34330180895635,0.0
2024-01-03 02:41:00+00:00,107.34330180895635,107.41153738428403,107.34006072326034,107.34911236983038,0.0
2024-01-03 02:42:00+00:00,107.34911236983038,107.44362250799193,107.33035428970342,107.40875690054045,0.0
2024-01-03 02:43:00+00:00,107.40875690054045,107.41722578667449,107.34571033851786,107.37415460671015,0.0
2024-01-03 02:44:00+00:00,107.37415460671015,107.40290236936974,107.21244259788332,107.25168397783403,0.0
2024-01-03 02:45:00+00:00,107.25168397783403,107.33507756110102,107.23138464749529,107.26449053275402,0.0
2024-01-03 02:46:00+00:00,107.26449053275402,107.33870429274435,107.22610188369691,107.33153653509716,0.0
2024-01-03 02:47:00+00:00,107.33153653509716,107.33153653509716,107.17979491129324,107.19396851619098,0.0
2024-01-03 02:48:00+00:00,107.19396851619098,107.27299542860574,107.19396851619098,107.253215624901,0.0
2024-01-03 02:49:00+00:00,107.253215624901,107.31938620716025,107.17029867447978,107.20459028501325,0.0
2024-01-03 02:50:00+00:00,107.20459028501325,107.20459028501325,107.07083680695762,107.08548512216639,0.0
2024-01-03 02:51:00+00:00,107.08548512216639,107.17647866695083,107.0467993089302,107.17647866695083,0.0
2024-01-03 02:52:00+00:00,107.17647866695083,107.23995239239456,107.16371037170993,107.21961850919271,0.0
2024-01-03 02:53:00+00:00,107.21961850919271,107.21961850919271,107.08217363288708,107.08217363288708,0.0
2024-01-03 02:54:00+00:00,107.08217363288708,107.15157275663348,107.07073355363956,107.09051105670942,0.0
2024-01-03 02:55:00+00:00,107.09051105670942,107.12807604238093,106.85499033206513,106.85499033206513,0.0
2024-01-03 02:56:00+00:00,106.85499033206513,106.85910121910678,106.75334270807028,106.85910121910678,0.0
2024-01-03 02:57:00+00:00,106.85910121910678,106.968447241945,106.85910121910678,106.92043374372084,0.0
2024-01-03 02:58:00+00:00,106.92043374372084,106.92043374372084,106.58792451521528,106.64645857631574,0.0
2024-01-03 02:59:00+00:00,106.64645857631574,106.76777559169368,106.6066216229425,106.76777559169368,0.0
2024-01-03 03:00:00+00:00,106.76777559169368,106.86637342519596,106.74321633997681,106.78779420651895,0.0
2024-01-03 03:01:00+00:00,106.78779420651895,106.79261480835072,106.66516101088662,106.69247930616076,0.0
2024-01-03 03:02:00+00:00,106.69247930616076,106.80184968963788,106.69247930616076,106.80184968963788,0.0
2024-01-03 03:03:00+00:00,106.80184968963788,106.80184968963788,106.6268258123364,106.63618991703322,0.0
2024-01-03 03:04:00+00:00,106.63618991703322,106.76871059853764,106.62729097389825,106.76197208041967,0.0
2024-01-03 03:05:00+00:00,106.76197208041967,106.82038031387577,106.6415308642105,106.82038031387577,0.0
2024-01-03 03:06:00+00:00,106.82038031387577,106.93913439384667,106.77303126390987,106.92833680507462,0.0
2024-01-03 03:07:00+00:00,106.92833680507462,107.05704413886369,106.92833680507462,107.03002973200647,0.0
2024-01-03 03:08:00+00:00,107.03002973200647,107.03002973200647,106.91177020031012,107.02507597959311,0.0
2024-01-03 03:09:00+00:00,107.02507597959311,107.28680775111663,107.01223656450776,107.27033428507553,0.0
2024-01-03 03:10:00+00:00,107.27033428507553,107.2888301792895,107.11908869786703,107.11908869786703,0.0
2024-01-03 03:11:00+00:00,107.11908869786703,107.11908869786703,107.02822339546793,107.09152681267717,0.0
2024-01-03 03:12:00+00:00,107.09152681267717,107.10514825665416,106.99830330157909,107.03153107429667,0.0
2024-01-03 03:13:00+00:00,107.03153107429667,107.11746803296843,107.02823283991657,107.02823283991657,0.0
2024-01-03 03:14:00+00:00,107.02823283991657,107.06642546326849,106.93806758851944,106.96333700954001,0.0
2024-01-03 03:15:00+00:00,106.96333700954001,107.07564706991967,106.96333700954001,107.01780691231635,0.0
2024-01-03 03:16:00+00:00,107.01780691231635,107.20128377194041,107.01780691231635,107.20128377194041,0.0
2024-01-03 03:17:00+00:00,107.20128377194041,107.20128377194041,107.07688617224001,107.07688617224001,0.0
2024-01-03 03:18:00+00:00,107.07688617224001,107.0812128498942,106.98565928787184,107.00445043938149,0.0
2024-01-03 03:19:00+00:00,107.00445043938149,107.12133093766663,106.9921074903675,107.12133093766663,0.0
2024-01-03 03:20:00+00:00,107.12133093766663,107.27758649759001,107.12133093766663,107.27496070403943,0.0
2024-01-03 03:21:00+00:00,107.27496070403943,107.27496070403943,107.09897741029368,107.11963891924236,0.0
2024-01-03 03:22:00+00:00,107.11963891924236,107.11963891924236,106.92465646079609,106.96635960043868,0.0
2024-01-03 03:23:00+00:00,106.96635960043868,107.03506096311719,106.89868440589444,107.03506096311719,0.0
2024-01-03 03:24:00+00:00,107.03506096311719,107.03506096311719,106.88276252144678,106.9015480719722,0.0
2024-01-03 03:25:00+00:00,106.9015480719722,107.01545686281516,106.9015480719722,106.95476800922843,0.0
2024-01-03 03:26:00+00:00,106.95476800922843,107.08050159155496,106.936521632039,107.05333772257512,0.0
2024-01-03 03:27:00+00:00,107.05333772257512,107.2115741686677,107.05333772257512,107.16440682698955,0.0
2024-01-03 03:28:00+00:00,107.16440682698955,107.21290134432054,107.10761581685824,107.17107569162368,0.0
2024-01-03 03:29:00+00:00,107.17107569162368,107.17107569162368,107.04895110699964,107.16410719733221,0.0
2024-01-03 03:30:00+00:00,107.16410719733221,107.26492922521356,107.13751000237986,107.16599398003355,0.0
2024-01-03 03:31:00+00:00,107.16599398003355,107.33312408589414,107.16230579236321,107.28006678909357,0.0
2024-01-03 03:32:00+00:00,107.28006678909357,107.29863748742957,107.18058301276875,107.18058301276875,0.0
2024-01-03 03:33:00+00:00,107.18058301276875,107.22503025099174,107.14246479860982,107.2202536133292,0.0
2024-01-03 03:34:00+00:00,107.2202536133292,107.2202536133292,106.77605177781133,106.77605177781133,0.0
2024-01-03 03:35:00+00:00,106.77605177781133,106.84787948718265,106.66629459563315,106.68927394631282,0.0
2024-01-03 03:36:00+00:00,106.68927394631282,106.79289681705386,106.62975773532506,106.74443173555831,0.0
2024-01-03 03:37:00+00:00,106.74443173555831,106.87433368904745,106.74443173555831,106.83537185673738,0.0
2024-01-03 03:38:00+00:00,106.83537185673738,106.88496678294824,106.78885065244384,106.82724815916352,0.0
2024-01-03 03:39:00+00:00,106.82724815916352,106.9273719144029,106.82724815916352,106.9273719144029,0.0
2024-01-03 03:40:00+00:00,106.9273719144029,106.98230731112614,106.90740326087382,106.91527081910405,0.0
2024-01-03 03:41:00+00:00,106.91527081910405,106.9804096258685,106.89023844758698,106.89023844758698,0.0
2024-01-03 03:42:00+00:00,106.89023844758698,106.89023844758698,106.58295923600481,106.73949584924291,0.0
2024-01-03 03:43:00+00:00,106.73949584924291,106.88930280444777,106.73933925751167,106.85302799653817,0.0
2024-01-03 03:44:00+00:00,106.85302799653817,106.87298571300242,106.7584075120209,106.7584075120209,0.0
2024-01-03 03:45:00+00:00,106.7584075120209,106.94590010160648,106.73528717390774,106.94590010160648,0.0
2024-01-03 03:46:00+00:00,106.94590010160648,106.94590010160648,106.83577322870165,106.89199408470171,0.0
2024-01-03 03:47:00+00:00,106.89199408470171,107.04896715818877,106.89199408470171,107.04896715818877,0.0
2024-01-03 03:48:00+00:00,107.04896715818877,107.1758751665706,107.0478267048219,107.05763530301905,0.0
2024-01-03 03:49:00+00:00,107.05763530301905,107.23430589027546,107.03279992001362,107.23430589027546,0.0
2024-01-03 03:50:00+00:00,107.23430589027546,107.2908959339563,107.2036530777092,107.21831692070022,0.0
2024-01-03 03:51:00+00:00,107.21831692070022,107.28251920879869,107.14383440053967,107.14383440053967,0.0
2024-01-03 03:52:00+00:00,107.14383440053967,107.18471710967765,107.10589200951269,107.10819958672482,0.0
2024-01-03 03:53:00+00:00,107.10819958672482,107.16524887802095,107.07186889992487,107.12855798413227,0.0
2024-01-03 03:54:00+00:00,107.12855798413227,107.13953937126693,107.09036585919999,107.1252437178642,0.0
2024-01-03 03:55:00+00:00,107.1252437178642,107.13037888984796,107.06019937303245,107.11687262008195,0.0
2024-01-03 03:56:00+00:00,107.11687262008195,107.11687262008195,106.98473814187216,106.99037565459795,0.0
2024-01-03 03:57:00+00:00,106.99037565459795,107.05023387530649,106.91993161448777,106.91993161448777,0.0
2024-01-03 03:58:00+00:00,106.91993161448777,107.0929524212547,106.9031962608454,107.0885813919254,0.0
2024-01-03 03:59:00+00:00,107.0885813919254,107.23711151763003,107.0885813919254,107.21775950606845,0.0
2024-01-03 04:00:00+00:00,107.21775950606845,107.39987064719986,107.21775950606845,107.35007904436003,0.0
2024-01-03 04:01:00+00:00,107.35007904436003,107.44368188143682,107.35007904436003,107.44177111329505,0.0
2024-01-03 04:02:00+00:00,107.44177111329505,107.44177111329505,107.23789165725866,107.31112657985115,0.0
2024-01-03 04:03:00+00:00,107.31112657985115,107.46497780622663,107.30000822350833,107.37679575267744,0.0
2024-01-03 04:04:00+00:00,107.37679575267744,107.42204448839892,107.30447646060674,107.30447646060674,0.0
2024-01-03 04:05:00+00:00,107.30447646060674,107.30582058580174,107.18390000523794,107.22388190284897,0.0
2024-01-03 04:06:00+00:00,107.22388190284897,107.3060521658915,107.21788677078561,107.28765431563214,0.0
2024-01-03 04:07:00+00:00,107.28765431563214,107.31707166558974,107.16322961641386,107.16810702678794,0.0
2024-01-03 04:08:00+00:00,107.16810702678794,107.26884820688919,107.1102451652008,107.1102451652008,0.0
2024-01-03 04:09:00+00:00,107.1102451652008,107.24244570898531,107.1102451652008,107.17821936094957,0.0
2024-01-03 04:10:00+00:00,107.17821936094957,107.17821936094957,106.93536223754661,107.03769498010683,0.0
2024-01-03 04:11:00+00:00,107.03769498010683,107.03769498010683,106.93839391463878,106.96227635541311,0.0
2024-01-03 04:12:00+00:00,106.96227635541311,107.03100613025619,106.92770644389567,106.92770644389567,0.0
2024-01-03 04:13:00+00:00,106.92770644389567,106.95497232645634,106.79610057751853,106.82446117481639,0.0
2024-01-03 04:14:00+00:00,106.82446117481639,106.89002705711064,106.7792110354463,106.7792110354463,0.0
2024-01-03 04:15:00+00:00,106.7792110354463,106.7792110354463,106.4330870280621,106.4330870280621,0.0
2024-01-03 04:16:00+00:00,106.4330870280621,106.45649548443697,106.3774352885597,106.43314620087482,0.0
2024-01-03 04:17:00+00:00,106.43314620087482,106.48049505232638,106.39696112703767,106.42575278849144,0.0
2024-01-03 04:18:00+00:00,106.42575278849144,106.57253519241011,106.34279517522798,106.57253519241011,0.0
2024-01-03 04:19:00+00:00,106.57253519241011,106.69380490514374,106.57253519241011,106.66365792749059,0.0
2024-01-03 04:20:00+00:00,106.66365792749059,106.79724392906738,106.66365792749059,106.69565503510994,0.0
2024-01-03 04:21:00+00:00,106.69565503510994,106.69565503510994,106.4590072458564,106.4590072458564,0.0
2024-01-03 04:22:00+00:00,106.4590072458564,106.62848169966118,106.4382093955718,106.62758254618387,0.0
2024-01-03 04:23:00+00:00,106.62758254618387,106.69904756315532,106.58230588204599,106.58230588204599,0.0
2024-01-03 04:24:00+00:00,106.58230588204599,106.64787022727963,106.54631328994415,106.5979980258012,0.0
2024-01-03 04:25:00+00:00,106.5979980258012,106.68418568044255,106.56807513420635,106.66465644481663,0.0
2024-01-03 04:26:00+00:00,106.66465644481663,106.66465644481663,106.50613412546457,106.54421031442304,0.0
2024-01-03 04:27:00+00:00,106.54421031442304,106.5567393336947,106.47092339335207,106.5497493025267,0.0
2024-01-03 04:28:00+00:00,106.5497493025267,106.5500618212839,106.38519059568955,106.38519059568955,0.0
2024-01-03 04:29:00+00:00,106.38519059568955,106.38519059568955,106.22714889430841,106.3191016397851,0.0
2024-01-03 04:30:00+00:00,106.3191016397851,106.3191016397851,106.23949973226831,106.26704923240202,0.0
2024-01-03 04:31:00+00:00,106.26704923240202,106.39173276929095,106.26704923240202,106.33692327168478,0.0
2024-01-03 04:32:00+00:00,106.33692327168478,106.33692327168478,106.16345228292765,106.24303022269606,0.0
2024-01-03 04:33:00+00:00,106.24303022269606,106.3624317960401,106.23474031151552,106.30358698980909,0.0
2024-01-03 04:34:00+00:00,106.30358698980909,106.33863740163522,106.22365759640759,106.23207912922616,0.0
2024-01-03 04:35:00+00:00,106.23207912922616,106.31513772372978,106.21183563674141,106.31461488681335,0.0
2024-01-03 04:36:00+00:00,106.31461488681335,106.40449213440513,106.27890711861832,106.34578732087223,0.0
2024-01-03 04:37:00+00:00,106.34578732087223,106.35665171102345,106.26486610853587,106.31794668940042,0.0
2024-01-03 04:38:00+00:00,106.31794668940042,106.31794668940042,106.18319350468853,106.18319350468853,0.0
2024-01-03 04:39:00+00:00,106.18319350468853,106.18319350468853,106.11708433361252,106.164204942475,0.0
2024-01-03 04:40:00+00:00,106.164204942475,106.29982953220166,106.15216314594922,106.29982953220166,0.0
2024-01-03 04:41:00+00:00,106.29982953220166,106.47074430125673,106.29982953220166,106.41754577456275,0.0
2024-01-03 04:42:00+00:00,106.41754577456275,106.46739570843535,106.41280920339211,106.44721689862527,0.0
2024-01-03 04:43:00+00:00,106.44721689862527,106.47963482352682,106.28292632482064,106.28292632482064,0.0
2024-01-03 04:44:00+00:00,106.28292632482064,106.28292632482064,106.16383228331863,106.26920728907025,0.0
2024-01-03 04:45:00+00:00,106.26920728907025,106.28100141119376,106.19862895000948,106.19997691146918,0.0
2024-01-03 04:46:00+00:00,106.19997691146918,106.47364981960038,106.19997691146918,106.45849510681265,0.0
2024-01-03 04:47:00+00:00,106.45849510681265,106.45849510681265,106.20839528193667,106.20839528193667,0.0
2024-01-03 04:48:00+00:00,106.20839528193667,106.32464048976136,106.20839528193667,106.31214395198758,0.0
2024-01-03 04:49:00+00:00,106.31214395198758,106.34477015957441,106.2698273842715,106.28238768839367,0.0
2024-01-03 04:50:00+00:00,106.28238768839367,106.3547616496215,106.26528698041024,106.3547616496215,0.0
2024-01-03 04:51:00+00:00,106.3547616496215,106.3547616496215,106.17836281099405,106.28542004458255,0.0
2024-01-03 04:52:00+00:00,106.28542004458255,106.43978876359829,106.28542004458255,106.34042924015098,0.0
2024-01-03 04:53:00+00:00,106.34042924015098,106.39035552824922,106.30617659162503,106.39035552824922,0.0
2024-01-03 04:54:00+00:00,106.39035552824922,106.45797047306277,106.36568845139568,106.45137440670193,0.0
2024-01-03 04:55:00+00:00,106.45137440670193,106.68425583151354,106.45137440670193,106.68425583151354,0.0
2024-01-03 04:56:00+00:00,106.68425583151354,106.6866917470397,106.58717294795218,106.66750757705904,0.0
2024-01-03 04:57:00+00:00,106.66750757705904,106.75308654566584,106.57915800923722,106.75308654566584,0.0
2024-01-03 04:58:00+00:00,106.75308654566584,106.80384660979226,106.68526201278878,106.77896337663917,0.0
2024-01-03 04:59:00+00:00,106.77896337663917,106.82376989863371,106.63533362702047,106.81234546343516,0.0
2024-01-03 05:00:00+00:00,106.81234546343516,106.84335657545698,106.74557459869243,106.84335657545698,0.0
2024-01-03 05:01:00+00:00,106.84335657545698,106.91692133752795,106.81177056335054,106.82319882341162,0.0
2024-01-03 05:02:00+00:00,106.82319882341162,106.93932831274002,106.79781985133266,106.90826193541886,0.0
2024-01-03 05:03:00+00:00,106.90826193541886,106.98702109575031,106.87637612059915,106.92114992010858,0.0
2024-01-03 05:04:00+00:00,106.92114992010858,106.92114992010858,106.84355700055224,106.87329442965253,0.0
2024-01-03 05:05:00+00:00,106.87329442965253,107.06886801231344,106.85451637143329,107.06886801231344,0.0
2024-01-03 05:06:00+00:00,107.06886801231344,107.24137533197842,107.06886801231344,107.19833295341101,0.0
2024-01-03 05:07:00+00:00,107.19833295341101,107.25509492899366,107.10580535017667,107.25509492899366,0.0
2024-01-03 05:08:00+00:00,107.25509492899366,107.29384998657791,107.15750939635117,107.1998247204332,0.0
2024-01-03 05:09:00+00:00,107.1998247204332,107.27798526027003,107.1567928783542,107.20238739455631,0.0
2024-01-03 05:10:00+00:00,107.20238739455631,107.23061974137883,107.08877793813717,107.08877793813717,0.0
2024-01-03 05:11:00+00:00,107.08877793813717,107.18665183141408,107.04634875649042,107.04634875649042,0.0
2024-01-03 05:12:00+00:00,107.04634875649042,107.13201674900489,107.04634875649042,107.07920173982318,0.0
2024-01-03 05:13:00+00:00,107.07920173982318,107.1164299084568,106.96632371124495,106.97368412610278,0.0
2024-01-03 05:14:00+00:00,106.97368412610278,107.12305167809404,106.97368412610278,107.1074439668682,0.0
2024-01-03 05:15:00+00:00,107.1074439668682,107.1152889694836,106.94973330987746,107.02285292339606,0.0
2024-01-03 05:16:00+00:00,107.02285292339606,107.02285292339606,106.95892839231126,107.00630261108485,0.0
2024-01-03 05:17:00+00:00,107.00630261108485,107.01447986146277,106.89582068384249,106.95492093757149,0.0
2024-01-03 05:18:00+00:00,106.95492093757149,106.97258097525888,106.74911864048372,106.79502134631177,0.0
2024-01-03 05:19:00+00:00,106.79502134631177,106.8408177500158,106.7240064357326,106.8408177500158,0.0
2024-01-03 05:20:00+00:00,106.8408177500158,106.84901422143123,106.61554461151407,106.61554461151407,0.0
2024-01-03 05:21:00+00:00,106.61554461151407,106.77927124086146,106.58859548290033,106.77927124086146,0.0
2024-01-03 05:22:00+00:00,106.77927124086146,106.92799253392074,106.77927124086146,106.92799253392074,0.0
2024-01-03 05:23:00+00:00,106.92799253392074,106.98446258053096,106.86578530646436,106.86980347282963,0.0
2024-01-03 05:24:00+00:00,106.86980347282963,106.90264985797751,106.84954475168176,106.90264985797751,0.0
2024-01-03 05:25:00+00:00,106.90264985797751,107.02161328143524,106.89042113660673,106.94419154756474,0.0
2024-01-03 05:26:00+00:00,106.94419154756474,106.99562735782432,106.90371455363393,106.96563632161079,0.0
2024-01-03 05:27:00+00:00,106.96563632161079,107.08788426157145,106.90584575888191,107.0635015524277,0.0
2024-01-03 05:28:00+00:00,107.0635015524277,107.13097358844392,107.0635015524277,107.09771878614445,0.0
2024-01-03 05:29:00+00:00,107.09771878614445,107.23623485731291,107.09771878614445,107.22503452821006,0.0
2024-01-03 05:30:00+00:00,107.22503452821006,107.3059068335698,107.22503452821006,107.3059068335698,0.0
2024-01-03 05:31:00+00:00,107.3059068335698,107.39381352895886,107.30021503672104,107.30021503672104,0.0
2024-01-03 05:32:00+00:00,107.30021503672104,107.49524340012245,107.25354289892572,107.49524340012245,0.0
2024-01-03 05:33:00+00:00,107.49524340012245,107.52376182693013,107.39882566449086,107.52376182693013,0.0
2024-01-03 05:34:00+00:00,107.52376182693013,107.74392550675876,107.47003807467729,107.74392550675876,0.0
2024-01-03 05:35:00+00:00,107.74392550675876,107.74392550675876,107.63823273462195,107.70072075160684,0.0
2024-01-03 05:36:00+00:00,107.70072075160684,107.75353618784213,107.63445974327865,107.65458883833321,0.0
2024-01-03 05:37:00+00:00,107.65458883833321,107.72844562029819,107.58319700107938,107.70547359169773,0.0
2024-01-03 05:38:00+00:00,107.70547359169773,107.70547359169773,107.51532028295841,107.51532028295841,0.0
2024-01-03 05:39:00+00:00,107.51532028295841,107.55202067286386,107.46155945683661,107.53773604429739,0.0
2024-01-03 05:40:00+00:00,107.53773604429739,107.56447538790289,107.46597820847421,107.53394740485979,0.0
2024-01-03 05:41:00+00:00,107.53394740485979,107.54889654770902,107.43627722848362,107.52393802660725,0.0
2024-01-03 05:42:00+00:00,107.52393802660725,107.52393802660725,107.41434541667924,107.43366960167008,0.0
2024-01-03 05:43:00+00:00,107.43366960167008,107.56595424617939,107.41499577788744,107.56595424617939,0.0
2024-01-03 05:44:00+00:00,107.56595424617939,107.67535426342053,107.56106975540249,107.56106975540249,0.0
2024-01-03 05:45:00+00:00,107.56106975540249,107.60334264735847,107.48494052729825,107.48890002673437,0.0
2024-01-03 05:46:00+00:00,107.48890002673437,107.60806281715082,107.48890002673437,107.55184623446733,0.0
2024-01-03 05:47:00+00:00,107.55184623446733,107.55600943254112,107.49481079099343,107.49481079099343,0.0
2024-01-03 05:48:00+00:00,107.49481079099343,107.5253440598234,107.40335389180062,107.4934874796976,0.0
2024-01-03 05:49:00+00:00,107.4934874796976,107.50864610926655,107.3920167529699,107.45716226916122,0.0
2024-01-03 05:50:00+00:00,107.45716226916122,107.50495176670292,107.32536252647634,107.36687474636483,0.0
2024-01-03 05:51:00+00:00,107.36687474636483,107.3945421460975,107.25288255108782,107.27304084086899,0.0
2024-01-03 05:52:00+00:00,107.27304084086899,107.35652547110368,107.24535223194731,107.35652547110368,0.0
2024-01-03 05:53:00+00:00,107.35652547110368,107.36719424424153,107.18373951850216,107.24193607483816,0.0
2024-01-03 05:54:00+00:00,107.24193607483816,107.27942901287302,107.13062122978324,107.13062122978324,0.0
2024-01-03 05:55:00+00:00,107.13062122978324,107.16207375738644,107.10691798407792,107.14579389343803,0.0
2024-01-03 05:56:00+00:00,107.14579389343803,107.33575399553912,107.14579389343803,107.17530981791992,0.0
2024-01-03 05:57:00+00:00,107.17530981791992,107.17530981791992,106.92772791630429,106.92772791630429,0.0
2024-01-03 05:58:00+00:00,106.92772791630429,106.92772791630429,106.78631031121712,106.78631031121712,0.0
2024-01-03 05:59:00+00:00,106.78631031121712,106.86253673885042,106.78631031121712,106.8040562893999,0.0
2024-01-03 06:00:00+00:00,106.8040562893999,106.99580728747566,106.8040562893999,106.93887153385724,0.0
2024-01-03 06:01:00+00:00,106.93887153385724,107.07287007657503,106.92603478774676,107.07287007657503,0.0
2024-01-03 06:02:00+00:00,107.07287007657503,107.08790430682512,107.0003002058196,107.08790430682512,0.0
2024-01-03 06:03:00+00:00,107.08790430682512,107.28868839465515,107.0813231638754,107.28868839465515,0.0
2024-01-03 06:04:00+00:00,107.28868839465515,107.50464900733371,107.28868839465515,107.50464900733371,0.0
2024-01-03 06:05:00+00:00,107.50464900733371,107.58289988004907,107.50464900733371,107.57584463439264,0.0
2024-01-03 06:06:00+00:00,107.57584463439264,107.64081544741767,107.54786412141478,107.60344290090278,0.0
2024-01-03 06:07:00+00:00,107.60344290090278,107.63553448979381,107.59216926725617,107.62557207748085,0.0
2024-01-03 06:08:00+00:00,107.62557207748085,107.71577191534809,107.62557207748085,107.66623354026049,0.0
2024-01-03 06:09:00+00:00,107.66623354026049,107.66623354026049,107.46129269202513,107.54286280947176,0.0
2024-01-03 06:10:00+00:00,107.54286280947176,107.60961856027411,107.5159341191379,107.59652859788562,0.0
2024-01-03 06:11:00+00:00,107.59652859788562,107.72596765491562,107.58429684087977,107.65869729217893,0.0
2024-01-03 06:12:00+00:00,107.65869729217893,107.67989556648372,107.51535330960499,107.51535330960499,0.0
2024-01-03 06:13:00+00:00,107.51535330960499,107.51535330960499,107.4048621284154,107.4048621284154,0.0
2024-01-03 06:14:00+00:00,107.4048621284154,107.48551416618118,107.40268346751019,107.41015786286118,0.0
2024-01-03 06:15:00+00:00,107.41015786286118,107.41015786286118,107.24268700001305,107.24268700001305,0.0
2024-01-03 06:16:00+00:00,107.24268700001305,107.29700250954663,107.13227390118895,107.13227390118895,0.0
2024-01-03 06:17:00+00:00,107.13227390118895,107.16390395090278,107.0747706661025,107.16170657881193,0.0
2024-01-03 06:18:00+00:00,107.16170657881193,107.2251621102088,107.15897572472255,107.18971896718345,0.0
2024-01-03 06:19:00+00:00,107.18971896718345,107.22115022791655,107.1365960476941,107.20382236936086,0.0
2024-01-03 06:20:00+00:00,107.20382236936086,107.28584542893006,107.18144938799377,107.21438832292009,0.0
2024-01-03 06:21:00+00:00,107.21438832292009,107.36435053701763,107.21438832292009,107.24978318581012,0.0
2024-01-03 06:22:00+00:00,107.24978318581012,107.24978318581012,107.11190223178687,107.14552579960785,0.0
2024-01-03 06:23:00+00:00,107.14552579960785,107.16950622465085,107.07430075370061,107.08730949333533,0.0
2024-01-03 06:24:00+00:00,107.08730949333533,107.08730949333533,106.89918162347543,106.93619176108618,0.0
2024-01-03 06:25:00+00:00,106.93619176108618,107.10726033886765,106.93619176108618,107.00228712297074,0.0
2024-01-03 06:26:00+00:00,107.00228712297074,107.0714178286676,107.00228712297074,107.06208508241062,0.0
2024-01-03 06:27:00+00:00,107.06208508241062,107.15438852860456,107.0538270189075,107.15438852860456,0.0
2024-01-03 06:28:00+00:00,107.15438852860456,107.15438852860456,107.00964853630731,107.00964853630731,0.0
2024-01-03 06:29:00+00:00,107.00964853630731,107.05242976834477,106.99537480501286,107.04559529861501,0.0
2024-01-03 06:30:00+00:00,107.04559529861501,107.07261946347349,106.94823268780183,106.95658998188183,0.0
2024-01-03 06:31:00+00:00,106.95658998188183,107.15421901138915,106.95658998188183,107.15421901138915,0.0
2024-01-03 06:32:00+00:00,107.15421901138915,107.22861792873968,107.1305072331784,107.149735850555,0.0
2024-01-03 06:33:00+00:00,107.149735850555,107.18907789991371,107.09531052481856,107.09531052481856,0.0
2024-01-03 06:34:00+00:00,107.09531052481856,107.11403937915583,106.97019863760913,106.97663324809552,0.0
2024-01-03 06:35:00+00:00,106.97663324809552,106.97729437442227,106.93696661240298,106.95954190771594,0.0
2024-01-03 06:36:00+00:00,106.95954190771594,106.95954190771594,106.84188254020522,106.8483370157499,0.0
2024-01-03 06:37:00+00:00,106.8483370157499,106.87986072855306,106.7358950347077,106.7742750293037,0.0
2024-01-03 06:38:00+00:00,106.7742750293037,106.95965694289292,106.74893758150647,106.95965694289292,0.0
2024-01-03 06:39:00+00:00,106.95965694289292,107.09663855818253,106.92897532866937,107.0795504014503,0.0
2024-01-03 06:40:00+00:00,107.0795504014503,107.14671996468357,106.95924458628001,106.99246076304463,0.0
2024-01-03 06:41:00+00:00,106.99246076304463,107.08189793062682,106.99246076304463,107.08189793062682,0.0
2024-01-03 06:42:00+00:00,107.08189793062682,107.17810215322456,107.07744631196083,107.07744631196083,0.0
2024-01-03 06:43:00+00:00,107.07744631196083,107.11196879027578,106.98364340223563,107.10383438470102,0.0
2024-01-03 06:44:00+00:00,107.10383438470102,107.18808233224077,107.08539345633132,107.08539345633132,0.0
2024-01-03 06:45:00+00:00,107.08539345633132,107.11115735585085,107.03925448888775,107.09296349295201,0.0
2024-01-03 06:46:00+00:00,107.09296349295201,107.13353848685158,106.96641122522881,106.96641122522881,0.0
2024-01-03 06:47:00+00:00,106.96641122522881,106.96641122522881,106.79599368760857,106.79599368760857,0.0
2024-01-03 06:48:00+00:00,106.79599368760857,106.79599368760857,106.5900238348668,106.74838368417855,0.0
2024-01-03 06:49:00+00:00,106.74838368417855,106.75261124292349,106.6364651963641,106.63659743145386,0.0
2024-01-03 06:50:00+00:00,106.63659743145386,106.73810673067267,106.60131788701067,106.68565962056182,0.0
2024-01-03 06:51:00+00:00,106.68565962056182,106.68565962056182,106.53204129421547,106.54010656179678,0.0
2024-01-03 06:52:00+00:00,106.54010656179678,106.59985170661675,106.52375545877614,106.59985170661675,0.0
2024-01-03 06:53:00+00:00,106.59985170661675,106.7520892117742,106.59985170661675,106.75074703974695,0.0
2024-01-03 06:54:00+00:00,106.75074703974695,106.87750339344645,106.7434072330857,106.7434072330857,0.0
2024-01-03 06:55:00+00:00,106.7434072330857,106.8414013871062,106.73550234869222,106.76767371677435,0.0
2024-01-03 06:56:00+00:00,106.76767371677435,106.7970433005282,106.60479138362277,106.67347544284249,0.0
2024-01-03 06:57:00+00:00,106.67347544284249,106.71482820993835,106.65379998168648,106.65379998168648,0.0
2024-01-03 06:58:00+00:00,106.65379998168648,106.68529190528449,106.58432445009929,106.64257294778541,0.0
2024-01-03 06:59:00+00:00,106.64257294778541,106.64257294778541,106.59121768554921,106.59121768554921,0.0
2024-01-03 07:00:00+00:00,106.59121768554921,106.7002112396018,106.59121768554921,106.7002112396018,0.0
2024-01-03 07:01:00+00:00,106.7002112396018,106.74282077585362,106.66054655490461,106.70168017069756,0.0
2024-01-03 07:02:00+00:00,106.70168017069756,106.86393240476386,106.70168017069756,106.83853946213785,0.0
2024-01-03 07:03:00+00:00,106.83853946213785,106.9574751024887,106.73166748379039,106.73166748379039,0.0
2024-01-03 07:04:00+00:00,106.73166748379039,106.79900584316347,106.71369891496771,106.74777555606518,0.0
2024-01-03 07:05:00+00:00,106.74777555606518,106.74797110075853,106.5899475370902,106.5899475370902,0.0
2024-01-03 07:06:00+00:00,106.5899475370902,106.63982410861179,106.49830147193086,106.51606228931453,0.0
2024-01-03 07:07:00+00:00,106.51606228931453,106.69493274592833,106.43628164702423,106.69493274592833,0.0
2024-01-03 07:08:00+00:00,106.69493274592833,106.71203255414035,106.5250779376233,106.53178977372022,0.0
2024-01-03 07:09:00+00:00,106.53178977372022,106.63169738584371,106.53018008402637,106.5884470352074,0.0
2024-01-03 07:10:00+00:00,106.5884470352074,106.63707488764916,106.52904858085648,106.63707488764916,0.0
2024-01-03 07:11:00+00:00,106.63707488764916,106.75932249791026,106.56399027200962,106.65114884969397,0.0
2024-01-03 07:12:00+00:00,106.65114884969397,106.72453705141213,106.63121252330905,106.72453705141213,0.0
2024-01-03 07:13:00+00:00,106.72453705141213,106.80687070455569,106.67837036473699,106.68731150018317,0.0
2024-01-03 07:14:00+00:00,106.68731150018317,106.8199423786156,106.68731150018317,106.78161545393314,0.0
2024-01-03 07:15:00+00:00,106.78161545393314,106.92391685170594,106.74385817121673,106.92391685170594,0.0
2024-01-03 07:16:00+00:00,106.92391685170594,106.92391685170594,106.74471894325684,106.74471894325684,0.0
2024-01-03 07:17:00+00:00,106.74471894325684,106.7807465378136,106.72139739888915,106.72510252746724,0.0
2024-01-03 07:18:00+00:00,106.72510252746724,106.77935528045666,106.65495158058168,106.74662802051168,0.0
2024-01-03 07:19:00+00:00,106.74662802051168,106.7836480720818,106.68707504870939,106.71792342823143,0.0
2024-01-03 07:20:00+00:00,106.71792342823143,106.75319143095547,106.64419921302984,106.71645942186014,0.0
2024-01-03 07:21:00+00:00,106.71645942186014,106.90568722897024,106.71645942186014,106.8526658480629,0.0
2024-01-03 07:22:00+00:00,106.8526658480629,106.85831666072359,106.81422728517029,106.81422728517029,0.0
2024-01-03 07:23:00+00:00,106.81422728517029,106.83741410204617,106.73814625821416,106.77097224934282,0.0
2024-01-03 07:24:00+00:00,106.77097224934282,106.85594647655716,106.70932590462364,106.74425473871236,0.0
2024-01-03 07:25:00+00:00,106.74425473871236,106.91070651516576,106.72492313522733,106.78733543707261,0.0
2024-01-03 07:26:00+00:00,106.78733543707261,106.81270039582017,106.64016126274399,106.64310238638627,0.0
2024-01-03 07:27:00+00:00,106.64310238638627,106.64310238638627,106.49557052207963,106.49557052207963,0.0
2024-01-03 07:28:00+00:00,106.49557052207963,106.61723169240578,106.41173541332562,106.61723169240578,0.0
2024-01-03 07:29:00+00:00,106.61723169240578,106.64806748467863,106.53642405514043,106.53984175329803,0.0
2024-01-03 07:30:00+00:00,106.53984175329803,106.68339851243164,106.53984175329803,106.62583197106595,0.0
2024-01-03 07:31:00+00:00,106.62583197106595,106.67024929577215,106.51921348793891,106.67024929577215,0.0
2024-01-03 07:32:00+00:00,106.67024929577215,106.71767682952056,106.61991568535827,106.71767682952056,0.0
2024-01-03 07:33:00+00:00,106.71767682952056,106.89401596623482,106.71392155518643,106.81316466371047,0.0
2024-01-03 07:34:00+00:00,106.81316466371047,106.87743957634724,106.73181112951,106.8337416517236,0.0
2024-01-03 07:35:00+00:00,106.8337416517236,106.87930072577035,106.79709242943552,106.82460886435997,0.0
2024-01-03 07:36:00+00:00,106.82460886435997,106.97712046662825,106.80132800125189,106.97712046662825,0.0
2024-01-03 07:37:00+00:00,106.97712046662825,107.02860317100465,106.97483330914804,107.0208059316949,0.0
2024-01-03 07:38:00+00:00,107.0208059316949,107.09811823830651,107.0208059316949,107.05536476957948,0.0
2024-01-03 07:39:00+00:00,107.05536476957948,107.14341920897489,107.04148062231994,107.06602519959694,0.0
2024-01-03 07:40:00+00:00,107.06602519959694,107.20390800342632,107.04917229932269,107.12927440619019,0.0
2024-01-03 07:41:00+00:00,107.12927440619019,107.14337194038983,107.03616516287481,107.11495738783258,0.0
2024-01-03 07:42:00+00:00,107.11495738783258,107.22686554478379,107.11495738783258,107.16710362419269,0.0
2024-01-03 07:43:00+00:00,107.16710362419269,107.30688083718366,107.16377486292761,107.23506905562589,0.0
2024-01-03 07:44:00+00:00,107.23506905562589,107.51441307560589,107.23506905562589,107.51441307560589,0.0
2024-01-03 07:45:00+00:00,107.51441307560589,107.53554267093403,107.47015763210396,107.53025135019536,0.0
2024-01-03 07:46:00+00:00,107.53025135019536,107.61788044374372,107.53025135019536,107.56928026263672,0.0
2024-01-03 07:47:00+00:00,107.56928026263672,107.57663246117369,107.42485603786618,107.42485603786618,0.0
2024-01-03 07:48:00+00:00,107.42485603786618,107.5809602825,107.42485603786618,107.51578302462867,0.0
2024-01-03 07:49:00+00:00,107.51578302462867,107.69642240691987,107.51578302462867,107.58101150470233,0.0
2024-01-03 07:50:00+00:00,107.58101150470233,107.73099855225034,107.58101150470233,107.73099855225034,0.0
2024-01-03 07:51:00+00:00,107.73099855225034,107.73099855225034,107.58342556801996,107.65900624129591,0.0
2024-01-03 07:52:00+00:00,107.65900624129591,107.8738327251084,107.63613577556501,107.84752152155158,0.0
2024-01-03 07:53:00+00:00,107.84752152155158,107.92697311961136,107.78062200491927,107.8721054834889,0.0
2024-01-03 07:54:00+00:00,107.8721054834889,107.8721054834889,107.69505538244566,107.69505538244566,0.0
2024-01-03 07:55:00+00:00,107.69505538244566,107.70753833089054,107.55478959503681,107.55478959503681,0.0
2024-01-03 07:56:00+00:00,107.55478959503681,107.70955267919555,107.5494917937578,107.70955267919555,0.0
2024-01-03 07:57:00+00:00,107.70955267919555,107.76158918960961,107.67984762042397,107.72345575980881,0.0
2024-01-03 07:58:00+00:00,107.72345575980881,107.72882944830612,107.61535127577889,107.61535127577889,0.0
2024-01-03 07:59:00+00:00,107.61535127577889,107.72431610702603,107.53748284392071,107.72431610702603,0.0
2024-01-03 08:00:00+00:00,107.72431610702603,107.7559362145242,107.68960354588339,107.68960354588339,0.0
2024-01-03 08:01:00+00:00,107.68960354588339,107.71458116685521,107.64433467756231,107.67194576510938,0.0
2024-01-03 08:02:00+00:00,107.67194576510938,107.75955312430997,107.65656869966087,107.73674503198059,0.0
2024-01-03 08:03:00+00:00,107.73674503198059,107.80380609682717,107.73190049161792,107.75974356746424,0.0
2024-01-03 08:04:00+00:00,107.75974356746424,107.85030264686175,107.75974356746424,107.78590643778772,0.0
2024-01-03 08:05:00+00:00,107.78590643778772,107.81328791092383,107.74400288700079,107.79734594004985,0.0
2024-01-03 08:06:00+00:00,107.79734594004985,107.8604703558004,107.57220169120835,107.64262158624442,0.0
2024-01-03 08:07:00+00:00,107.64262158624442,107.68029315088032,107.6289728369947,107.63175534545552,0.0
2024-01-03 08:08:00+00:00,107.63175534545552,107.70525038909634,107.59107850015634,107.62676428210095,0.0
2024-01-03 08:09:00+00:00,107.62676428210095,107.65173950982805,107.48075476100936,107.48075476100936,0.0
2024-01-03 08:10:00+00:00,107.48075476100936,107.51163951426709,107.37991202883373,107.39147184334027,0.0
2024-01-03 08:11:00+00:00,107.39147184334027,107.52706438355021,107.37439573116478,107.52680995721207,0.0
2024-01-03 08:12:00+00:00,107.52680995721207,107.6683812444727,107.51592702343855,107.6683812444727,0.0
2024-01-03 08:13:00+00:00,107.6683812444727,107.72156439461845,107.66490452572036,107.68686692297386,0.0
2024-01-03 08:14:00+00:00,107.68686692297386,107.71002352868288,107.49180378461783,107.49180378461783,0.0
2024-01-03 08:15:00+00:00,107.49180378461783,107.51776532962552,107.35811424242135,107.36246446168077,0.0
2024-01-03 08:16:00+00:00,107.36246446168077,107.44652094354433,107.26566095847483,107.26566095847483,0.0
2024-01-03 08:17:00+00:00,107.26566095847483,107.38754813338335,107.25030123457087,107.30108174882022,0.0
2024-01-03 08:18:00+00:00,107.30108174882022,107.47088036925186,107.30108174882022,107.39281233545523,0.0
2024-01-03 08:19:00+00:00,107.39281233545523,107.44313366550273,107.35977941921438,107.39358589308026,0.0
2024-01-03 08:20:00+00:00,107.39358589308026,107.5251089106665,107.3521153871382,107.5251089106665,0.0
2024-01-03 08:21:00+00:00,107.5251089106665,107.53072751368413,107.40285912305097,107.4174099801674,0.0
2024-01-03 08:22:00+00:00,107.4174099801674,107.4174099801674,107.23497104961052,107.31431679714392,0.0
2024-01-03 08:23:00+00:00,107.31431679714392,107.32407529315715,107.15293384263997,107.15293384263997,0.0
2024-01-03 08:24:00+00:00,107.15293384263997,107.24178735521302,107.08025576270215,107.24178735521302,0.0
2024-01-03 08:25:00+00:00,107.24178735521302,107.26580849949755,107.19472889416599,107.23821675320035,0.0
2024-01-03 08:26:00+00:00,107.23821675320035,107.2388070344022,107.17535508770092,107.21670441845309,0.0
2024-01-03 08:27:00+00:00,107.21670441845309,107.26141259501709,107.1528106220397,107.22897640437925,0.0
2024-01-03 08:28:00+00:00,107.22897640437925,107.22897640437925,107.0516600277573,107.06719738615837,0.0
2024-01-03 08:29:00+00:00,107.06719738615837,107.25529896602009,107.06719738615837,107.1814485015752,0.0
2024-01-03 08:30:00+00:00,107.1814485015752,107.23535727527732,106.97936126317538,106.97936126317538,0.0
2024-01-03 08:31:00+00:00,106.97936126317538,107.09318747129761,106.93686393852775,107.09318747129761,0.0
2024-01-03 08:32:00+00:00,107.09318747129761,107.1987938174678,107.09318747129761,107.1987938174678,0.0
2024-01-03 08:33:00+00:00,107.1987938174678,107.20838877238604,107.04214582038242,107.04518522756698,0.0
2024-01-03 08:34:00+00:00,107.04518522756698,107.22363102579355,107.00737177288406,107.22363102579355,0.0
2024-01-03 08:35:00+00:00,107.22363102579355,107.36089654924389,107.22363102579355,107.36089654924389,0.0
2024-01-03 08:36:00+00:00,107.36089654924389,107.36089654924389,107.2229224075103,107.2229224075103,0.0
2024-01-03 08:37:00+00:00,107.2229224075103,107.41264363051557,107.2229224075103,107.37855598558669,0.0
2024-01-03 08:38:00+00:00,107.37855598558669,107.38648707326651,107.21673779003416,107.21673779003416,0.0
2024-01-03 08:39:00+00:00,107.21673779003416,107.28508400596711,107.19453453537267,107.26518387633048,0.0
2024-01-03 08:40:00+00:00,107.26518387633048,107.26518387633048,107.17551969297185,107.22570963965329,0.0
2024-01-03 08:41:00+00:00,107.22570963965329,107.33068920474342,107.21752783597262,107.27789207030105,0.0
2024-01-03 08:42:00+00:00,107.27789207030105,107.29954279597568,107.15364065002333,107.15364065002333,0.0
2024-01-03 08:43:00+00:00,107.15364065002333,107.2307040670206,107.11450710717489,107.20700485625295,0.0
2024-01-03 08:44:00+00:00,107.20700485625295,107.2555973029537,107.13832808409877,107.24944428710275,0.0
2024-01-03 08:45:00+00:00,107.24944428710275,107.26302479281344,107.15355064849487,107.15355064849487,0.0
2024-01-03 08:46:00+00:00,107.15355064849487,107.15748882707092,107.02759533506287,107.02759533506287,0.0
2024-01-03 08:47:00+00:00,107.02759533506287,107.09272323769409,106.96796783993439,107.06943172347047,0.0
2024-01-03 08:48:00+00:00,107.06943172347047,107.06943172347047,106.94743859059554,107.0526952032834,0.0
2024-01-03 08:49:00+00:00,107.0526952032834,107.10425775841979,107.00596116771226,107.06433958507439,0.0
2024-01-03 08:50:00+00:00,107.06433958507439,107.06433958507439,106.77579598272932,106.90381752575327,0.0
2024-01-03 08:51:00+00:00,106.90381752575327,106.93982509500691,106.8018385219828,106.83917317651685,0.0
2024-01-03 08:52:00+00:00,106.83917317651685,106.83917317651685,106.53308677042065,106.53308677042065,0.0
2024-01-03 08:53:00+00:00,106.53308677042065,106.53308677042065,106.38764117777139,106.45503567874299,0.0
2024-01-03 08:54:00+00:00,106.45503567874299,106.52900125271236,106.45095594548923,106.52900125271236,0.0
2024-01-03 08:55:00+00:00,106.52900125271236,106.63246005078358,106.4910076482931,106.4910076482931,0.0
2024-01-03 08:56:00+00:00,106.4910076482931,106.62842299917746,106.47209401868733,106.62842299917746,0.0
2024-01-03 08:57:00+00:00,106.62842299917746,106.67977761336701,106.43479804746137,106.43479804746137,0.0
2024-01-03 08:58:00+00:00,106.43479804746137,106.52639459369817,106.41661583465157,106.42889235288885,0.0
2024-01-03 08:59:00+00:00,106.42889235288885,106.46116457155614,106.36286223773689,106.37869160623143,0.0
2024-01-03 09:00:00+00:00,106.37869160623143,106.44882577299532,106.33365405622713,106.34252532735611,0.0
2024-01-03 09:01:00+00:00,106.34252532735611,106.3544034775747,106.2179261456339,106.25283870912531,0.0
2024-01-03 09:02:00+00:00,106.25283870912531,106.27057721125152,106.14815833087866,106.27057721125152,0.0
2024-01-03 09:03:00+00:00,106.27057721125152,106.29161291387543,106.17521514257572,106.28439589667573,0.0
2024-01-03 09:04:00+00:00,106.28439589667573,106.34289170368922,106.08651839212473,106.08651839212473,0.0
2024-01-03 09:05:00+00:00,106.08651839212473,106.08651839212473,105.9826612169249,105.98673826773931,0.0
2024-01-03 09:06:00+00:00,105.98673826773931,106.0098392466355,105.83736902799268,105.85481550018302,0.0
2024-01-03 09:07:00+00:00,105.85481550018302,105.85481550018302,105.72848516568284,105.8207841421194,0.0
2024-01-03 09:08:00+00:00,105.8207841421194,105.87548890945018,105.8104806880319,105.85543101953282,0.0
2024-01-03 09:09:00+00:00,105.85543101953282,105.9516040023413,105.81107145691495,105.9516040023413,0.0
2024-01-03 09:10:00+00:00,105.9516040023413,105.9516040023413,105.77599363442786,105.77599363442786,0.0
2024-01-03 09:11:00+00:00,105.77599363442786,105.82277856031608,105.74055230363427,105.79210337513183,0.0
2024-01-03 09:12:00+00:00,105.79210337513183,105.79210337513183,105.64467811366175,105.69392472918922,0.0
2024-01-03 09:13:00+00:00,105.69392472918922,105.8317033142802,105.68470157560948,105.79182488867015,0.0
2024-01-03 09:14:00+00:00,105.79182488867015,105.91247512039088,105.74984543712291,105.91247512039088,0.0
2024-01-03 09:15:00+00:00,105.91247512039088,106.0677894491245,105.91247512039088,106.00502289561967,0.0
2024-01-03 09:16:00+00:00,106.00502289561967,106.13244357716334,106.00502289561967,106.12991884341578,0.0
2024-01-03 09:17:00+00:00,106.12991884341578,106.19572579384015,106.00400663690928,106.00400663690928,0.0
2024-01-03 09:18:00+00:00,106.00400663690928,106.08992136329854,105.93836173620082,106.06063493670523,0.0
2024-01-03 09:19:00+00:00,106.06063493670523,106.1244566920313,106.01880191074099,106.05200340335693,0.0
2024-01-03 09:20:00+00:00,106.05200340335693,106.20592316647769,106.03033073528881,106.17770136253844,0.0
2024-01-03 09:21:00+00:00,106.17770136253844,106.17770136253844,105.97895466848865,105.98247344050927,0.0
2024-01-03 09:22:00+00:00,105.98247344050927,106.21730192857035,105.95982298627538,106.21730192857035,0.0
2024-01-03 09:23:00+00:00,106.21730192857035,106.24851010283315,106.09496975027368,106.09496975027368,0.0
2024-01-03 09:24:00+00:00,106.09496975027368,106.1469895553756,106.07266667817323,106.1469895553756,0.0
2024-01-03 09:25:00+00:00,106.1469895553756,106.18012990106111,106.06904046761014,106.18012990106111,0.0
2024-01-03 09:26:00+00:00,106.18012990106111,106.18012990106111,106.10539417208963,106.16432543211867,0.0
2024-01-03 09:27:00+00:00,106.16432543211867,106.16432543211867,106.00622418100464,106.08849178640617,0.0
2024-01-03 09:28:00+00:00,106.08849178640617,106.14338756141036,106.0819434742317,106.13114193999594,0.0
2024-01-03 09:29:00+00:00,106.13114193999594,106.27284305340315,106.10517893804662,106.15905200546705,0.0
2024-01-03 09:30:00+00:00,106.15905200546705,106.15905200546705,106.06712939429659,106.06712939429659,0.0
2024-01-03 09:31:00+00:00,106.06712939429659,106.110757645841,106.01040459971826,106.07914494053051,0.0
2024-01-03 09:32:00+00:00,106.07914494053051,106.16245141477297,106.07914494053051,106.12226698902869,0.0
2024-01-03 09:33:00+00:00,106.12226698902869,106.33358674913545,106.08108959012495,106.33358674913545,0.0
2024-01-03 09:34:00+00:00,106.33358674913545,106.4518664693885,106.32865514495853,106.39390123312806,0.0
2024-01-03 09:35:00+00:00,106.39390123312806,106.43614250776098,106.3021723233699,106.3021723233699,0.0
2024-01-03 09:36:00+00:00,106.3021723233699,106.34214112388509,106.21689904176006,106.34214112388509,0.0
2024-01-03 09:37:00+00:00,106.34214112388509,106.48600661956252,106.34214112388509,106.48600661956252,0.0
2024-01-03 09:38:00+00:00,106.48600661956252,106.50033370125117,106.37820827532165,106.38479612494153,0.0
2024-01-03 09:39:00+00:00,106.38479612494153,106.38479612494153,106.28241032529208,106.29214640364229,0.0
2024-01-03 09:40:00+00:00,106.29214640364229,106.33035815918139,106.21875095078046,106.28859160757425,0.0
2024-01-03 09:41:00+00:00,106.28859160757425,106.52689106365663,106.28859160757425,106.47189803322831,0.0
2024-01-03 09:42:00+00:00,106.47189803322831,106.5344015757792,106.43336979373916,106.47677260398233,0.0
2024-01-03 09:43:00+00:00,106.47677260398233,106.47943633587526,106.37531796383068,106.44708324926158,0.0
2024-01-03 09:44:00+00:00,106.44708324926158,106.45495023159255,106.34259134252653,106.38083615174322,0.0
2024-01-03 09:45:00+00:00,106.38083615174322,106.3955307511828,106.25469455900323,106.3955307511828,0.0
2024-01-03 09:46:00+00:00,106.3955307511828,106.39987817984569,106.26186935078144,106.27752417646072,0.0
2024-01-03 09:47:00+00:00,106.27752417646072,106.35278844779965,106.27006220022639,106.29531893411162,0.0
2024-01-03 09:48:00+00:00,106.29531893411162,106.40724697552578,106.25652809109633,106.25652809109633,0.0
2024-01-03 09:49:00+00:00,106.25652809109633,106.33312357856474,106.25652809109633,106.29585180241229,0.0
2024-01-03 09:50:00+00:00,106.29585180241229,106.30218084148684,106.23645460743664,106.276724642381,0.0
2024-01-03 09:51:00+00:00,106.276724642381,106.276724642381,106.16739648230705,106.24602301841432,0.0
2024-01-03 09:52:00+00:00,106.24602301841432,106.29352502064364,106.16992952236669,106.16992952236669,0.0
2024-01-03 09:53:00+00:00,106.16992952236669,106.16992952236669,106.04506776057627,106.06650712390271,0.0
2024-01-03 09:54:00+00:00,106.06650712390271,106.14429429131108,106.06650712390271,106.07114472797856,0.0
2024-01-03 09:55:00+00:00,106.07114472797856,106.10016532026933,106.02636409409094,106.03077082514437,0.0
2024-01-03 09:56:00+00:00,106.03077082514437,106.12217036922225,106.03077082514437,106.12217036922225,0.0
2024-01-03 09:57:00+00:00,106.12217036922225,106.44721208215333,106.12217036922225,106.396225881052,0.0
2024-01-03 09:58:00+00:00,106.396225881052,106.60901190035986,106.396225881052,106.60790267890062,0.0
2024-01-03 09:59:00+00:00,106.60790267890062,106.76910437345994,106.57559277935931,106.76910437345994,0.0
2024-01-03 10:00:00+00:00,106.76910437345994,106.86088788748572,106.68503780060433,106.82079923390927,0.0
2024-01-03 10:01:00+00:00,106.82079923390927,107.08486775103744,106.78039381771876,107.08486775103744,0.0
2024-01-03 10:02:00+00:00,107.08486775103744,107.11753517472586,107.02254663604242,107.02315353482719,0.0
2024-01-03 10:03:00+00:00,107.02315353482719,107.08035482175266,106.96289876361121,106.96289876361121,0.0
2024-01-03 10:04:00+00:00,106.96289876361121,107.00927074402158,106.92920830353584,107.00927074402158,0.0
2024-01-03 10:05:00+00:00,107.00927074402158,107.096260755702,106.97122790370868,106.98471758421023,0.0
2024-01-03 10:06:00+00:00,106.98471758421023,107.10673503917556,106.97013376607035,107.10673503917556,0.0
2024-01-03 10:07:00+00:00,107.10673503917556,107.26637869020067,107.10673503917556,107.22626178711394,0.0
2024-01-03 10:08:00+00:00,107.22626178711394,107.24218666361531,107.12600252716355,107.12600252716355,0.0
2024-01-03 10:09:00+00:00,107.12600252716355,107.18291598060829,107.06408286912342,107.11067141134154,0.0
2024-01-03 10:10:00+00:00,107.11067141134154,107.20128879616395,107.11067141134154,107.16985147173634,0.0
2024-01-03 10:11:00+00:00,107.16985147173634,107.16985147173634,106.95041724979835,107.02123520197753,0.0
2024-01-03 10:12:00+00:00,107.02123520197753,107.10437342009011,106.97824349411732,107.10437342009011,0.0
2024-01-03 10:13:00+00:00,107.10437342009011,107.24395639552984,107.10337475850046,107.10337475850046,0.0
2024-01-03 10:14:00+00:00,107.10337475850046,107.10337475850046,106.96226651573909,107.0047302265636,0.0
2024-01-03 10:15:00+00:00,107.0047302265636,107.0047302265636,106.72226716655808,106.75351391813955,0.0
2024-01-03 10:16:00+00:00,106.75351391813955,106.89025347559465,106.73290079729203,106.83125104212432,0.0
2024-01-03 10:17:00+00:00,106.83125104212432,106.83125104212432,106.71532153666519,106.77893965014013,0.0
2024-01-03 10:18:00+00:00,106.77893965014013,106.8116525591599,106.70308692859764,106.78501683531609,0.0
2024-01-03 10:19:00+00:00,106.78501683531609,106.88037050781756,106.71982481355515,106.74752365731908,0.0
2024-01-03 10:20:00+00:00,106.74752365731908,106.74752365731908,106.62545797955768,106.67573034355082,0.0
2024-01-03 10:21:00+00:00,106.67573034355082,106.67576851282035,106.52924162253642,106.52924162253642,0.0
2024-01-03 10:22:00+00:00,106.52924162253642,106.5853612592713,106.43963054683088,106.43963054683088,0.0
2024-01-03 10:23:00+00:00,106.43963054683088,106.49448604059751,106.40674271387563,106.44899207979452,0.0
2024-01-03 10:24:00+00:00,106.44899207979452,106.64302749730926,106.44899207979452,106.52917860054518,0.0
2024-01-03 10:25:00+00:00,106.52917860054518,106.68252519720902,106.48715852515016,106.67300227170246,0.0
2024-01-03 10:26:00+00:00,106.67300227170246,106.72379381530604,106.50479634987505,106.50479634987505,0.0
2024-01-03 10:27:00+00:00,106.50479634987505,106.54677564177094,106.49258923339892,106.54677564177094,0.0
2024-01-03 10:28:00+00:00,106.54677564177094,106.58270652153692,106.52484607484047,106.56850260072284,0.0
2024-01-03 10:29:00+00:00,106.56850260072284,106.60485083405389,106.49915998889378,106.55682316193761,0.0
2024-01-03 10:30:00+00:00,106.55682316193761,106.6268347977127,106.51075130174729,106.52747139052839,0.0
2024-01-03 10:31:00+00:00,106.52747139052839,106.58795561570403,106.50565294045504,106.53711827440507,0.0
2024-01-03 10:32:00+00:00,106.53711827440507,106.53711827440507,106.40784472426722,106.41823004994744,0.0
2024-01-03 10:33:00+00:00,106.41823004994744,106.41823004994744,106.31055468509126,106.34654663503575,0.0
2024-01-03 10:34:00+00:00,106.34654663503575,106.53972771132604,106.29986515451205,106.53972771132604,0.0
2024-01-03 10:35:00+00:00,106.53972771132604,106.72851788697413,106.50074740763728,106.60917639076563,0.0
2024-01-03 10:36:00+00:00,106.60917639076563,106.78434665343855,106.60917639076563,106.76708877625933,0.0
2024-01-03 10:37:00+00:00,106.76708877625933,106.90166356260768,106.71270828980406,106.90166356260768,0.0
2024-01-03 10:38:00+00:00,106.90166356260768,106.95029000416378,106.85957180294189,106.87437642274733,0.0
2024-01-03 10:39:00+00:00,106.87437642274733,107.01539042994587,106.87437642274733,106.89342994330366,0.0
2024-01-03 10:40:00+00:00,106.89342994330366,107.00181938036246,106.89342994330366,106.98215789094375,0.0
2024-01-03 10:41:00+00:00,106.98215789094375,106.99095772089942,106.84491147196074,106.89330822486424,0.0
2024-01-03 10:42:00+00:00,106.89330822486424,107.0366555602277,106.89330822486424,106.98177039854399,0.0
2024-01-03 10:43:00+00:00,106.98177039854399,106.98773075930866,106.88860374095353,106.88864533263137,0.0
2024-01-03 10:44:00+00:00,106.88864533263137,106.91812374763309,106.75780708155406,106.75780708155406,0.0
2024-01-03 10:45:00+00:00,106.75780708155406,106.7818453906754,106.68248577742142,106.7623828849593,0.0
2024-01-03 10:46:00+00:00,106.7623828849593,106.95947949671022,106.72381319904571,106.90371337429502,0.0
2024-01-03 10:47:00+00:00,106.90371337429502,106.97911816215291,106.88008848589993,106.94007543881811,0.0
2024-01-03 10:48:00+00:00,106.94007543881811,106.94007543881811,106.82414802128581,106.82414802128581,0.0
2024-01-03 10:49:00+00:00,106.82414802128581,106.82414802128581,106.70486745862807,106.70486745862807,0.0
2024-01-03 10:50:00+00:00,106.70486745862807,106.70486745862807,106.45980059165207,106.45980059165207,0.0
2024-01-03 10:51:00+00:00,106.45980059165207,106.48617258631272,106.38017144316449,106.38017144316449,0.0
2024-01-03 10:52:00+00:00,106.38017144316449,106.40742034708852,106.32594578124282,106.33911521011588,0.0
2024-01-03 10:53:00+00:00,106.33911521011588,106.36234310747068,106.24091483377893,106.24091483377893,0.0
2024-01-03 10:54:00+00:00,106.24091483377893,106.44239865868555,106.24091483377893,106.40772752645613,0.0
2024-01-03 10:55:00+00:00,106.40772752645613,106.60766591564925,106.3707721213139,106.3707721213139,0.0
2024-01-03 10:56:00+00:00,106.3707721213139,106.51187544515221,106.3707721213139,106.3854105645347,0.0
2024-01-03 10:57:00+00:00,106.3854105645347,106.42844555641742,106.37409444743214,106.42394588005384,0.0
2024-01-03 10:58:00+00:00,106.42394588005384,106.42394588005384,106.33512929447546,106.34717833345684,0.0
2024-01-03 10:59:00+00:00,106.34717833345684,106.38156128277868,106.2697995616806,106.34357874750943,0.0
2024-01-03 11:00:00+00:00,106.34357874750943,106.37369623152952,106.28380162288272,106.32967458687911,0.0
2024-01-03 11:01:00+00:00,106.32967458687911,106.43554638056884,106.32967458687911,106.35723324387415,0.0
2024-01-03 11:02:00+00:00,106.35723324387415,106.42024736183669,106.31547662198275,106.3480897761308,0.0
2024-01-03 11:03:00+00:00,106.3480897761308,106.37267573020559,106.33652805345513,106.36218668213976,0.0
2024-01-03 11:04:00+00:00,106.36218668213976,106.48775793835074,106.34621683542814,106.48775793835074,0.0
2024-01-03 11:05:00+00:00,106.48775793835074,106.5140657518251,106.44423651813142,106.44952990804315,0.0
2024-01-03 11:06:00+00:00,106.44952990804315,106.49763514946115,106.35266947848054,106.49763514946115,0.0
2024-01-03 11:07:00+00:00,106.49763514946115,106.49763514946115,106.3302514412422,106.34328588017152,0.0
2024-01-03 11:08:00+00:00,106.34328588017152,106.39634044416505,106.30932229260688,106.39634044416505,0.0
2024-01-03 11:09:00+00:00,106.39634044416505,106.41527930383852,106.31254575016857,106.40789226695485,0.0
2024-01-03 11:10:00+00:00,106.40789226695485,106.40789226695485,106.29330920520667,106.33821697802829,0.0
2024-01-03 11:11:00+00:00,106.33821697802829,106.3736659655578,106.27225836275638,106.29510024368976,0.0
2024-01-03 11:12:00+00:00,106.29510024368976,106.37374675488631,106.25627143647915,106.25627143647915,0.0
2024-01-03 11:13:00+00:00,106.25627143647915,106.2979080939418,106.18168861693995,106.22775780552234,0.0
2024-01-03 11:14:00+00:00,106.22775780552234,106.22775780552234,106.0689678799662,106.13025655662025,0.0
2024-01-03 11:15:00+00:00,106.13025655662025,106.21691226290383,106.05709567664782,106.21691226290383,0.0
2024-01-03 11:16:00+00:00,106.21691226290383,106.23003676428925,106.09779039759187,106.10820567326223,0.0
2024-01-03 11:17:00+00:00,106.10820567326223,106.24266578090686,106.01468742345396,106.01468742345396,0.0
2024-01-03 11:18:00+00:00,106.01468742345396,106.05305726117494,105.92754596791373,105.92754596791373,0.0
2024-01-03 11:19:00+00:00,105.92754596791373,105.92754596791373,105.73778075307489,105.77204490869856,0.0
2024-01-03 11:20:00+00:00,105.77204490869856,105.80677990105559,105.62261998318166,105.72895891168073,0.0
2024-01-03 11:21:00+00:00,105.72895891168073,105.77229494948688,105.71270048048301,105.72547105992606,0.0
2024-01-03 11:22:00+00:00,105.72547105992606,105.75111655038664,105.54990959443582,105.54990959443582,0.0
2024-01-03 11:23:00+00:00,105.54990959443582,105.54990959443582,105.4057068816841,105.51930112586554,0.0
2024-01-03 11:24:00+00:00,105.51930112586554,105.55896957009001,105.4626448412093,105.55896957009001,0.0
2024-01-03 11:25:00+00:00,105.55896957009001,105.58690005717145,105.50258849589102,105.51938238015394,0.0
2024-01-03 11:26:00+00:00,105.51938238015394,105.614485871654,105.46908522830236,105.59606783645555,0.0
2024-01-03 11:27:00+00:00,105.59606783645555,105.6619589678561,105.54562022953326,105.62184115483839,0.0
2024-01-03 11:28:00+00:00,105.62184115483839,105.66706740539074,105.53001576667094,105.53001576667094,0.0
2024-01-03 11:29:00+00:00,105.53001576667094,105.56771021504896,105.51893112876016,105.55007987824797,0.0
2024-01-03 11:30:00+00:00,105.55007987824797,105.72937736359125,105.51182108776698,105.72937736359125,0.0
2024-01-03 11:31:00+00:00,105.72937736359125,105.77935149505187,105.62831481072077,105.76495256741462,0.0
2024-01-03 11:32:00+00:00,105.76495256741462,105.8573267944559,105.76495256741462,105.84581752871108,0.0
2024-01-03 11:33:00+00:00,105.84581752871108,105.94184344348021,105.84228040757354,105.94184344348021,0.0
2024-01-03 11:34:00+00:00,105.94184344348021,106.02665277898258,105.87501036765404,105.9413361871485,0.0
2024-01-03 11:35:00+00:00,105.9413361871485,106.09492678328486,105.92259002217247,106.04832276810448,0.0
2024-01-03 11:36:00+00:00,106.04832276810448,106.11123033766118,106.01779590681654,106.02503622533239,0.0
2024-01-03 11:37:00+00:00,106.02503622533239,106.15752961220919,106.02503622533239,106.06997964354386,0.0
2024-01-03 11:38:00+00:00,106.06997964354386,106.11401163506899,106.01344181469452,106.06724535189758,0.0
2024-01-03 11:39:00+00:00,106.06724535189758,106.06724535189758,105.96872823473372,105.99409353512624,0.0
2024-01-03 11:40:00+00:00,105.99409353512624,106.00595913190872,105.93618743844078,105.96994495439851,0.0
2024-01-03 11:41:00+00:00,105.96994495439851,106.06697090280998,105.92842204043349,105.97214040941769,0.0
2024-01-03 11:42:00+00:00,105.97214040941769,106.15197895374702,105.95304126377661,106.15197895374702,0.0
2024-01-03 11:43:00+00:00,106.15197895374702,106.31426231858711,106.15197895374702,106.2204889378341,0.0
2024-01-03 11:44:00+00:00,106.2204889378341,106.2204889378341,105.96209440139094,105.96209440139094,0.0
2024-01-03 11:45:00+00:00,105.96209440139094,106.0417174978045,105.93710799399959,105.97230951145873,0.0
2024-01-03 11:46:00+00:00,105.97230951145873,106.05808286610524,105.95825060593067,105.95825060593067,0.0
2024-01-03 11:47:00+00:00,105.95825060593067,106.0513037425099,105.93121990983067,105.94304231562137,0.0
2024-01-03 11:48:00+00:00,105.94304231562137,106.05811636778743,105.88944076680944,106.02623189722497,0.0
2024-01-03 11:49:00+00:00,106.02623189722497,106.02623189722497,105.95097623195436,105.95304779026665,0.0
2024-01-03 11:50:00+00:00,105.95304779026665,105.96151258154141,105.86650427292292,105.93496220170356,0.0
2024-01-03 11:51:00+00:00,105.93496220170356,105.96761896692604,105.80013662265958,105.93966098329093,0.0
2024-01-03 11:52:00+00:00,105.93966098329093,105.9668466800682,105.89393288357051,105.94060935428342,0.0
2024-01-03 11:53:00+00:00,105.94060935428342,105.94060935428342,105.7114241909518,105.7114241909518,0.0
2024-01-03 11:54:00+00:00,105.7114241909518,105.7114241909518,105.52936236679095,105.52936236679095,0.0
2024-01-03 11:55:00+00:00,105.52936236679095,105.52936236679095,105.4584282527844,105.52540882463441,0.0
2024-01-03 11:56:00+00:00,105.52540882463441,105.6696321910291,105.501962300958,105.62118492929817,0.0
2024-01-03 11:57:00+00:00,105.62118492929817,105.65858191020027,105.49306064163682,105.50741926414287,0.0
2024-01-03 11:58:00+00:00,105.50741926414287,105.56359012268767,105.45701288471349,105.45701288471349,0.0
2024-01-03 11:59:00+00:00,105.45701288471349,105.47826486103129,105.25968715924841,105.25968715924841,0.0
2024-01-03 12:00:00+00:00,105.25968715924841,105.34012674611333,105.20364969954774,105.2123688867344,0.0
2024-01-03 12:01:00+00:00,105.2123688867344,105.31114195717554,105.13435289108996,105.31114195717554,0.0
2024-01-03 12:02:00+00:00,105.31114195717554,105.32609249353553,105.19269220491893,105.26784706264596,0.0
2024-01-03 12:03:00+00:00,105.26784706264596,105.29852203187136,105.2343370676617,105.27513566168813,0.0
2024-01-03 12:04:00+00:00,105.27513566168813,105.27513566168813,105.15247895576549,105.20334750588233,0.0
2024-01-03 12:05:00+00:00,105.20334750588233,105.33695047085885,105.16179851060771,105.33695047085885,0.0
2024-01-03 12:06:00+00:00,105.33695047085885,105.33695047085885,105.25327247119897,105.26016112272916,0.0
2024-01-03 12:07:00+00:00,105.26016112272916,105.40149071617292,105.26016112272916,105.3934443220749,0.0
2024-01-03 12:08:00+00:00,105.3934443220749,105.41953848139609,105.25064201611235,105.25064201611235,0.0
2024-01-03 12:09:00+00:00,105.25064201611235,105.25064201611235,105.11769698384572,105.13559528776793,0.0
2024-01-03 12:10:00+00:00,105.13559528776793,105.34271183061819,105.13559528776793,105.29963150896945,0.0
2024-01-03 12:11:00+00:00,105.29963150896945,105.29963150896945,105.15971659708667,105.16194438233963,0.0
2024-01-03 12:12:00+00:00,105.16194438233963,105.16194438233963,105.00884400947663,105.11882118032274,0.0
2024-01-03 12:13:00+00:00,105.11882118032274,105.12005320226515,105.03057842653506,105.08722444788283,0.0
2024-01-03 12:14:00+00:00,105.08722444788283,105.15985365408542,105.08722444788283,105.15985365408542,0.0
2024-01-03 12:15:00+00:00,105.15985365408542,105.36049351700164,105.15985365408542,105.35266371294594,0.0
2024-01-03 12:16:00+00:00,105.35266371294594,105.3997274752676,105.3117820362159,105.39421257553845,0.0
2024-01-03 12:17:00+00:00,105.39421257553845,105.50862517654883,105.39421257553845,105.50862517654883,0.0
2024-01-03 12:18:00+00:00,105.50862517654883,105.51479482943358,105.36229952989534,105.37325625177137,0.0
2024-01-03 12:19:00+00:00,105.37325625177137,105.41302859829861,105.13592234258424,105.16254886887981,0.0
2024-01-03 12:20:00+00:00,105.16254886887981,105.17565428623467,105.12027862861196,105.17565428623467,0.0
2024-01-03 12:21:00+00:00,105.17565428623467,105.33000770640409,105.16648136695144,105.33000770640409,0.0
2024-01-03 12:22:00+00:00,105.33000770640409,105.3698291845988,105.21023085376683,105.21023085376683,0.0
2024-01-03 12:23:00+00:00,105.21023085376683,105.30133564233432,105.19927147274213,105.19927147274213,0.0
2024-01-03 12:24:00+00:00,105.19927147274213,105.34620700994854,105.15025387541851,105.29990485564097,0.0
2024-01-03 12:25:00+00:00,105.29990485564097,105.29990485564097,105.18018729148181,105.19912733788864,0.0
2024-01-03 12:26:00+00:00,105.19912733788864,105.24970314048419,105.12823371362984,105.19400282566595,0.0
2024-01-03 12:27:00+00:00,105.19400282566595,105.25285728422895,105.14847331518052,105.200303313045,0.0
2024-01-03 12:28:00+00:00,105.200303313045,105.21944338533879,105.13507494714639,105.13507494714639,0.0
2024-01-03 12:29:00+00:00,105.13507494714639,105.21923060340939,105.11770432278803,105.21923060340939,0.0
2024-01-03 12:30:00+00:00,105.21923060340939,105.2910589268774,105.20479188480157,105.2765922019787,0.0
2024-01-03 12:31:00+00:00,105.2765922019787,105.2857241893182,105.15756098829308,105.25099919682663,0.0
2024-01-03 12:32:00+00:00,105.25099919682663,105.25099919682663,105.14760868807893,105.20124504271507,0.0
2024-01-03 12:33:00+00:00,105.20124504271507,105.23666984414204,105.11068956340358,105.199545392413,0.0
2024-01-03 12:34:00+00:00,105.199545392413,105.238359943813,105.13723594269892,105.21133246306847,0.0
2024-01-03 12:35:00+00:00,105.21133246306847,105.29797320873787,105.1431359862824,105.1431359862824,0.0
2024-01-03 12:36:00+00:00,105.1431359862824,105.3629788496726,105.1431359862824,105.33391287031088,0.0
2024-01-03 12:37:00+00:00,105.33391287031088,105.51139978820835,105.29851338276347,105.42163779949998,0.0
2024-01-03 12:38:00+00:00,105.42163779949998,105.44552493251098,105.35719343964219,105.38800185289398,0.0
2024-01-03 12:39:00+00:00,105.38800185289398,105.42760549736623,105.30254698081812,105.38878542514335,0.0
2024-01-03 12:40:00+00:00,105.38878542514335,105.56145902397753,105.38878542514335,105.56145902397753,0.0
2024-01-03 12:41:00+00:00,105.56145902397753,105.6775797879144,105.55278046728633,105.59116971325098,0.0
2024-01-03 12:42:00+00:00,105.59116971325098,105.59116971325098,105.31784513789945,105.31784513789945,0.0
2024-01-03 12:43:00+00:00,105.31784513789945,105.43500876749647,105.27784538759485,105.28583638979725,0.0
2024-01-03 12:44:00+00:00,105.28583638979725,105.35895239614199,105.24169907742103,105.33295857207966,0.0
2024-01-03 12:45:00+00:00,105.33295857207966,105.34299269788447,105.20728138313667,105.27082752651505,0.0
2024-01-03 12:46:00+00:00,105.27082752651505,105.34036050976268,105.22544189683121,105.28265617053725,0.0
2024-01-03 12:47:00+00:00,105.28265617053725,105.4276533623389,105.28265617053725,105.38237630985856,0.0
2024-01-03 12:48:00+00:00,105.38237630985856,105.38237630985856,105.24939015655399,105.27542121180936,0.0
2024-01-03 12:49:00+00:00,105.27542121180936,105.33212760050638,105.25094647414075,105.3168842449406,0.0
2024-01-03 12:50:00+00:00,105.3168842449406,105.42603824643797,105.27188288909375,105.42603824643797,0.0
2024-01-03 12:51:00+00:00,105.42603824643797,105.48668619663044,105.37557203417626,105.37557203417626,0.0
2024-01-03 12:52:00+00:00,105.37557203417626,105.38934886041075,105.2772452228529,105.349899330867,0.0
2024-01-03 12:53:00+00:00,105.349899330867,105.37362404355953,105.29788876383044,105.34928379888672,0.0
2024-01-03 12:54:00+00:00,105.34928379888672,105.34928379888672,105.1901478562608,105.1901478562608,0.0
2024-01-03 12:55:00+00:00,105.1901478562608,105.2173886309278,105.12626286014067,105.19173427887029,0.0
2024-01-03 12:56:00+00:00,105.19173427887029,105.21433552693912,105.16271911246922,105.18890320637917,0.0
2024-01-03 12:57:00+00:00,105.18890320637917,105.24131315136061,105.13183543113152,105.24131315136061,0.0
2024-01-03 12:58:00+00:00,105.24131315136061,105.26305397688509,105.1592871531207,105.2304052206023,0.0
2024-01-03 12:59:00+00:00,105.2304052206023,105.32785167685414,105.2304052206023,105.30172971655674,0.0
2024-01-03 13:00:00+00:00,105.30172971655674,105.41250654880142,105.27944500713807,105.31397337800938,0.0
2024-01-03 13:01:00+00:00,105.31397337800938,105.40152661066143,105.31368120150655,105.34694510420381,0.0
2024-01-03 13:02:00+00:00,105.34694510420381,105.54165530677942,105.34694510420381,105.54165530677942,0.0
2024-01-03 13:03:00+00:00,105.54165530677942,105.62285572208883,105.51762931049579,105.57860608917544,0.0
2024-01-03 13:04:00+00:00,105.57860608917544,105.66960283523855,105.46445564971198,105.46445564971198,0.0
2024-01-03 13:05:00+00:00,105.46445564971198,105.49393230437622,105.40580691189254,105.43010644962686,0.0
2024-01-03 13:06:00+00:00,105.43010644962686,105.43010644962686,105.29605439943957,105.3725098356359,0.0
2024-01-03 13:07:00+00:00,105.3725098356359,105.39216632653846,105.19755191140763,105.21597788422618,0.0
2024-01-03 13:08:00+00:00,105.21597788422618,105.46089988610495,105.20980990734368,105.46089988610495,0.0
2024-01-03 13:09:00+00:00,105.46089988610495,105.46089988610495,105.33987073796594,105.36571503207603,0.0
2024-01-03 13:10:00+00:00,105.36571503207603,105.41124769230457,105.29721269913053,105.41124769230457,0.0
2024-01-03 13:11:00+00:00,105.41124769230457,105.63779434092021,105.41124769230457,105.56757700274365,0.0
2024-01-03 13:12:00+00:00,105.56757700274365,105.79134056822085,105.56757700274365,105.79134056822085,0.0
2024-01-03 13:13:00+00:00,105.79134056822085,105.98888357262376,105.79134056822085,105.98888357262376,0.0
2024-01-03 13:14:00+00:00,105.98888357262376,105.99447684222181,105.82568905340909,105.82568905340909,0.0
2024-01-03 13:15:00+00:00,105.82568905340909,105.82656170848485,105.75968451957961,105.80525758192711,0.0
2024-01-03 13:16:00+00:00,105.80525758192711,106.01045969862807,105.80525758192711,105.99172835849157,0.0
2024-01-03 13:17:00+00:00,105.99172835849157,105.99172835849157,105.83119275673847,105.94203779426309,0.0
2024-01-03 13:18:00+00:00,105.94203779426309,105.9947434419636,105.9107342289768,105.93081851976903,0.0
2024-01-03 13:19:00+00:00,105.93081851976903,105.93081851976903,105.79432968244608,105.80942649441333,0.0
2024-01-03 13:20:00+00:00,105.80942649441333,105.90395188883826,105.76418549546234,105.76418549546234,0.0
2024-01-03 13:21:00+00:00,105.76418549546234,105.9654579277462,105.76418549546234,105.96381025951192,0.0
2024-01-03 13:22:00+00:00,105.96381025951192,106.17653653635456,105.95119022877431,106.1589186363073,0.0
2024-01-03 13:23:00+00:00,106.1589186363073,106.17513853586209,105.94641292266596,105.98673561102333,0.0
2024-01-03 13:24:00+00:00,105.98673561102333,105.99342843500106,105.89307682744942,105.98061911096381,0.0
2024-01-03 13:25:00+00:00,105.98061911096381,106.03496268032704,105.93987260365411,105.98672706760881,0.0
2024-01-03 13:26:00+00:00,105.98672706760881,106.00292357511186,105.84293308501414,105.96317726128025,0.0
2024-01-03 13:27:00+00:00,105.96317726128025,105.96317726128025,105.84608517729562,105.84608517729562,0.0
2024-01-03 13:28:00+00:00,105.84608517729562,105.89540042462397,105.72047708226174,105.72240835823467,0.0
2024-01-03 13:29:00+00:00,105.72240835823467,105.81133043560438,105.71742814487057,105.81133043560438,0.0
2024-01-03 13:30:00+00:00,105.81133043560438,106.02740340949829,105.81133043560438,105.94789360189547,0.0
2024-01-03 13:31:00+00:00,105.94789360189547,106.15218535721003,105.94789360189547,106.14522205498294,0.0
2024-01-03 13:32:00+00:00,106.14522205498294,106.33102341209391,106.14522205498294,106.33102341209391,0.0
2024-01-03 13:33:00+00:00,106.33102341209391,106.460340904064,106.30412266239678,106.3300800916143,0.0
2024-01-03 13:34:00+00:00,106.3300800916143,106.4222581953929,106.26918510902757,106.38105171374949,0.0
2024-01-03 13:35:00+00:00,106.38105171374949,106.39581139506726,106.30101007417056,106.34342067840966,0.0
2024-01-03 13:36:00+00:00,106.34342067840966,106.5884648560741,106.34342067840966,106.54325877423133,0.0
2024-01-03 13:37:00+00:00,106.54325877423133,106.54462768593037,106.42054219295991,106.42054219295991,0.0
2024-01-03 13:38:00+00:00,106.42054219295991,106.4681837474179,106.29834173368606,106.4681837474179,0.0
2024-01-03 13:39:00+00:00,106.4681837474179,106.50876493538905,106.37603693691216,106.39272299078279,0.0
2024-01-03 13:40:00+00:00,106.39272299078279,106.51851064017376,106.39272299078279,106.41826353826038,0.0
2024-01-03 13:41:00+00:00,106.41826353826038,106.41826353826038,106.1601243981107,106.20866735020124,0.0
2024-01-03 13:42:00+00:00,106.20866735020124,106.25695222676515,106.11173781097526,106.22488245858347,0.0
2024-01-03 13:43:00+00:00,106.22488245858347,106.26866978210533,106.15587920770301,106.25455068940445,0.0
2024-01-03 13:44:00+00:00,106.25455068940445,106.25756760641966,106.17606152555186,106.19805446561146,0.0
2024-01-03 13:45:00+00:00,106.19805446561146,106.19805446561146,106.07036568028339,106.14028759700926,0.0
2024-01-03 13:46:00+00:00,106.14028759700926,106.3671695344586,106.14028759700926,106.3671695344586,0.0
2024-01-03 13:47:00+00:00,106.3671695344586,106.49988250196235,106.3671695344586,106.43849650810235,0.0
2024-01-03 13:48:00+00:00,106.43849650810235,106.48576849896263,106.43506228174276,106.4745825747538,0.0
2024-01-03 13:49:00+00:00,106.4745825747538,106.49469864848795,106.37792386666062,106.44999941292886,0.0
2024-01-03 13:50:00+00:00,106.44999941292886,106.44999941292886,106.29289110820578,106.33338281703519,0.0
2024-01-03 13:51:00+00:00,106.33338281703519,106.4023660183188,106.30783064086042,106.3532892630727,0.0
2024-01-03 13:52:00+00:00,106.3532892630727,106.3532892630727,106.2124432879597,106.22722009674233,0.0
2024-01-03 13:53:00+00:00,106.22722009674233,106.2513271780687,106.03654949530387,106.03654949530387,0.0
2024-01-03 13:54:00+00:00,106.03654949530387,106.05671304612521,105.96254886266219,106.0394811147163,0.0
2024-01-03 13:55:00+00:00,106.0394811147163,106.0394811147163,105.97485650886283,105.98723144875478,0.0
2024-01-03 13:56:00+00:00,105.98723144875478,106.07049196749325,105.98723144875478,106.05162598104765,0.0
2024-01-03 13:57:00+00:00,106.05162598104765,106.20829073963762,106.05162598104765,106.15905101725461,0.0
2024-01-03 13:58:00+00:00,106.15905101725461,106.15905101725461,106.00796427848218,106.07511656440124,0.0
2024-01-03 13:59:00+00:00,106.07511656440124,106.18480560892634,106.07511656440124,106.10751418886238,0.0
2024-01-03 14:00:00+00:00,106.10751418886238,106.20707666025744,106.10751418886238,106.15692069860386,0.0
2024-01-03 14:01:00+00:00,106.15692069860386,106.40670181045333,106.15692069860386,106.40670181045333,0.0
2024-01-03 14:02:00+00:00,106.40670181045333,106.48244935495929,106.39332378723891,106.45942053338452,0.0
2024-01-03 14:03:00+00:00,106.45942053338452,106.59785506729399,106.45942053338452,106.59785506729399,0.0
2024-01-03 14:04:00+00:00,106.59785506729399,106.59785506729399,106.45995418136931,106.45995418136931,0.0
2024-01-03 14:05:00+00:00,106.45995418136931,106.51632099562522,106.38633130710382,106.40897388871427,0.0
2024-01-03 14:06:00+00:00,106.40897388871427,106.53808817283964,106.40897388871427,106.53808817283964,0.0
2024-01-03 14:07:00+00:00,106.53808817283964,106.64573012484996,106.5347614855876,106.62883091707972,0.0
2024-01-03 14:08:00+00:00,106.62883091707972,106.66511622736047,106.55047914993249,106.65419436909787,0.0
2024-01-03 14:09:00+00:00,106.65419436909787,106.67181705009307,106.43982594060837,106.43982594060837,0.0
2024-01-03 14:10:00+00:00,106.43982594060837,106.43982594060837,106.32157307235502,106.39151418576334,0.0
2024-01-03 14:11:00+00:00,106.39151418576334,106.40174429487773,106.31317040776669,106.31317040776669,0.0
2024-01-03 14:12:00+00:00,106.31317040776669,106.36314190391592,106.17810508362429,106.22059189992245,0.0
2024-01-03 14:13:00+00:00,106.22059189992245,106.32678017700772,106.21659270174304,106.22203901756237,0.0
2024-01-03 14:14:00+00:00,106.22203901756237,106.2405981997289,106.10429316992139,106.10429316992139,0.0
2024-01-03 14:15:00+00:00,106.10429316992139,106.13975032021489,106.03041119738091,106.09271246395379,0.0
2024-01-03 14:16:00+00:00,106.09271246395379,106.09271246395379,105.95979690173546,106.0527082237492,0.0
2024-01-03 14:17:00+00:00,106.0527082237492,106.15953706641947,106.0527082237492,106.11278577616167,0.0
2024-01-03 14:18:00+00:00,106.11278577616167,106.15030223953104,106.07304788455129,106.07304788455129,0.0
2024-01-03 14:19:00+00:00,106.07304788455129,106.34517856909828,106.02323563908834,106.34517856909828,0.0
2024-01-03 14:20:00+00:00,106.34517856909828,106.51720646776988,106.34517856909828,106.46801490413297,0.0
2024-01-03 14:21:00+00:00,106.46801490413297,106.47900940916708,106.35752200521306,106.35752200521306,0.0
2024-01-03 14:22:00+00:00,106.35752200521306,106.39452550442292,106.26540713485639,106.26540713485639,0.0
2024-01-03 14:23:00+00:00,106.26540713485639,106.39134478222944,106.20752116153857,106.3652136574249,0.0
2024-01-03 14:24:00+00:00,106.3652136574249,106.52018732982988,106.32731757057797,106.52018732982988,0.0
2024-01-03 14:25:00+00:00,106.52018732982988,106.60463092616297,106.49088829126474,106.517858174984,0.0
2024-01-03 14:26:00+00:00,106.517858174984,106.61666470586796,106.49612268691126,106.51068748151651,0.0
2024-01-03 14:27:00+00:00,106.51068748151651,106.52428496502861,106.27509153618135,106.27509153618135,0.0
2024-01-03 14:28:00+00:00,106.27509153618135,106.3116526960658,106.21517106010661,106.21517106010661,0.0
2024-01-03 14:29:00+00:00,106.21517106010661,106.26766550387883,106.189521115858,106.23764717653188,0.0
2024-01-03 14:30:00+00:00,106.23764717653188,106.37037525652507,106.14898659947521,106.14898659947521,0.0
2024-01-03 14:31:00+00:00,106.14898659947521,106.14898659947521,106.01955336862792,106.11303030541168,0.0
2024-01-03 14:32:00+00:00,106.11303030541168,106.1310739219739,105.99945065704306,106.005161107291,0.0
2024-01-03 14:33:00+00:00,106.005161107291,106.22405287993769,106.005161107291,106.12985533994312,0.0
2024-01-03 14:34:00+00:00,106.12985533994312,106.12985533994312,106.03367753607473,106.06417828255114,0.0
2024-01-03 14:35:00+00:00,106.06417828255114,106.09412420742211,106.04309431835031,106.06838423376209,0.0
2024-01-03 14:36:00+00:00,106.06838423376209,106.06838423376209,105.96584516261673,105.98299231631282,0.0
2024-01-03 14:37:00+00:00,105.98299231631282,106.08232619425934,105.92678309163634,105.92678309163634,0.0
2024-01-03 14:38:00+00:00,105.92678309163634,106.02799251876431,105.92678309163634,106.0104789638086,0.0
2024-01-03 14:39:00+00:00,106.0104789638086,106.12955676577347,106.0104789638086,106.12955676577347,0.0
2024-01-03 14:40:00+00:00,106.12955676577347,106.15790634650904,106.03695264984603,106.04784542025995,0.0
2024-01-03 14:41:00+00:00,106.04784542025995,106.17339820224805,106.04784542025995,106.17339820224805,0.0
2024-01-03 14:42:00+00:00,106.17339820224805,106.31816656341803,106.17339820224805,106.2488019928865,0.0
2024-01-03 14:43:00+00:00,106.2488019928865,106.27971028594341,106.17553179027185,106.27971028594341,0.0
2024-01-03 14:44:00+00:00,106.27971028594341,106.33353977283498,106.11972560754639,106.16197472327057,0.0
2024-01-03 14:45:00+00:00,106.16197472327057,106.3416385021896,106.16197472327057,106.2526656748869,0.0
2024-01-03 14:46:00+00:00,106.2526656748869,106.2534957899793,106.0366098407209,106.0366098407209,0.0
2024-01-03 14:47:00+00:00,106.0366098407209,106.06425423137462,105.8849315616194,105.90399728262378,0.0
2024-01-03 14:48:00+00:00,105.90399728262378,105.92525267477684,105.81869177942848,105.81869177942848,0.0
2024-01-03 14:49:00+00:00,105.81869177942848,105.86026975239334,105.7203840484003,105.72280206236361,0.0
2024-01-03 14:50:00+00:00,105.72280206236361,105.72280206236361,105.48307644397957,105.54008212277881,0.0
2024-01-03 14:51:00+00:00,105.54008212277881,105.57452106838664,105.48400542778106,105.48400542778106,0.0
2024-01-03 14:52:00+00:00,105.48400542778106,105.48400542778106,105.26781682474828,105.26781682474828,0.0
2024-01-03 14:53:00+00:00,105.26781682474828,105.30730052859153,105.16139304268069,105.24550226663837,0.0
2024-01-03 14:54:00+00:00,105.24550226663837,105.2750569399625,105.14507062463686,105.15066012889555,0.0
2024-01-03 14:55:00+00:00,105.15066012889555,105.18685398837022,105.05112722792649,105.09427689667307,0.0
2024-01-03 14:56:00+00:00,105.09427689667307,105.10827230604008,105.02940772024431,105.03515751752008,0.0
2024-01-03 14:57:00+00:00,105.03515751752008,105.05899740649686,104.97064768596518,104.97163919108324,0.0
2024-01-03 14:58:00+00:00,104.97163919108324,105.03186412719276,104.84278090221372,104.84278090221372,0.0
2024-01-03 14:59:00+00:00,104.84278090221372,104.84454636150468,104.74097226840267,104.84454636150468,0.0
2024-01-03 15:00:00+00:00,104.84454636150468,104.97398761575741,104.80855690511379,104.97398761575741,0.0
2024-01-03 15:01:00+00:00,104.97398761575741,104.97398761575741,104.86550418707247,104.88438240418061,0.0
2024-01-03 15:02:00+00:00,104.88438240418061,104.95323215497943,104.8788831022826,104.95323215497943,0.0
2024-01-03 15:03:00+00:00,104.95323215497943,104.95323215497943,104.82483757768566,104.90457020774197,0.0
2024-01-03 15:04:00+00:00,104.90457020774197,105.10407595795135,104.90457020774197,105.06285881422959,0.0
2024-01-03 15:05:00+00:00,105.06285881422959,105.16394063995229,104.94546140485673,104.96713113996294,0.0
2024-01-03 15:06:00+00:00,104.96713113996294,104.98988999574723,104.93097478021043,104.98104162988649,0.0
2024-01-03 15:07:00+00:00,104.98104162988649,104.99344349242033,104.83303874636806,104.83303874636806,0.0
2024-01-03 15:08:00+00:00,104.83303874636806,105.01684667585994,104.79112789118199,105.01684667585994,0.0
2024-01-03 15:09:00+00:00,105.01684667585994,105.08192702029507,104.96995948814114,104.96995948814114,0.0
2024-01-03 15:10:00+00:00,104.96995948814114,105.06623045051913,104.95524597066729,105.01322508140836,0.0
2024-01-03 15:11:00+00:00,105.01322508140836,105.0371410031381,104.97689328069883,105.0357435444118,0.0
2024-01-03 15:12:00+00:00,105.0357435444118,105.14552341837984,105.0357435444118,105.12198934026392,0.0
2024-01-03 15:13:00+00:00,105.12198934026392,105.12198934026392,104.99874601544687,105.07480057712677,0.0
2024-01-03 15:14:00+00:00,105.07480057712677,105.13113728177117,105.0066780055816,105.13113728177117,0.0
2024-01-03 15:15:00+00:00,105.13113728177117,105.23730156431597,105.07324661598788,105.23730156431597,0.0
2024-01-03 15:16:00+00:00,105.23730156431597,105.28464446930788,105.20397253942936,105.27130498653524,0.0
2024-01-03 15:17:00+00:00,105.27130498653524,105.47996838198274,105.26434555002773,105.47996838198274,0.0
2024-01-03 15:18:00+00:00,105.47996838198274,105.5759950710575,105.45474944906572,105.5759950710575,0.0
2024-01-03 15:19:00+00:00,105.5759950710575,105.71484225898914,105.53820913961732,105.71484225898914,0.0
2024-01-03 15:20:00+00:00,105.71484225898914,105.84784762040317,105.71484225898914,105.84784762040317,0.0
2024-01-03 15:21:00+00:00,105.84784762040317,106.01455499064352,105.84784762040317,105.90280673245168,0.0
2024-01-03 15:22:00+00:00,105.90280673245168,105.98480974031668,105.90158152138179,105.90158152138179,0.0
2024-01-03 15:23:00+00:00,105.90158152138179,106.04890332816763,105.90158152138179,106.04890332816763,0.0
2024-01-03 15:24:00+00:00,106.04890332816763,106.06571460054231,105.9532547774774,105.98876687549537,0.0
2024-01-03 15:25:00+00:00,105.98876687549537,106.0359302193794,105.96581967745612,106.02992734728343,0.0
2024-01-03 15:26:00+00:00,106.02992734728343,106.05062942593177,105.93572094952263,105.97827463896455,0.0
2024-01-03 15:27:00+00:00,105.97827463896455,106.18680016044733,105.97827463896455,106.18520252816533,0.0
2024-01-03 15:28:00+00:00,106.18520252816533,106.1934586451518,106.06201142457768,106.06201142457768,0.0
2024-01-03 15:29:00+00:00,106.06201142457768,106.17563052912874,106.04529713371666,106.1297919852821,0.0
2024-01-03 15:30:00+00:00,106.1297919852821,106.1297919852821,105.93174129260476,106.03040642246799,0.0
2024-01-03 15:31:00+00:00,106.03040642246799,106.03040642246799,105.78600866688285,105.89092981274499,0.0
2024-01-03 15:32:00+00:00,105.89092981274499,105.96559166421349,105.86882913147495,105.90406370382445,0.0
2024-01-03 15:33:00+00:00,105.90406370382445,106.03169226678227,105.87980537751618,105.91563777317646,0.0
2024-01-03 15:34:00+00:00,105.91563777317646,105.91563777317646,105.81899054456817,105.90251517143055,0.0
2024-01-03 15:35:00+00:00,105.90251517143055,106.02041816997348,105.85855956497034,105.9492167220593,0.0
2024-01-03 15:36:00+00:00,105.9492167220593,106.00717685852945,105.88728694942226,105.88728694942226,0.0
2024-01-03 15:37:00+00:00,105.88728694942226,105.88728694942226,105.52587392792661,105.52587392792661,0.0
2024-01-03 15:38:00+00:00,105.52587392792661,105.52587392792661,105.39532825505611,105.50669661408632,0.0
2024-01-03 15:39:00+00:00,105.50669661408632,105.58173947326966,105.50007666752045,105.50973805785682,0.0
2024-01-03 15:40:00+00:00,105.50973805785682,105.6128267849436,105.44582667094248,105.61119722531026,0.0
2024-01-03 15:41:00+00:00,105.61119722531026,105.6858437379671,105.57119863849739,105.62189211534903,0.0
2024-01-03 15:42:00+00:00,105.62189211534903,105.69479200409297,105.56023973111648,105.62450770969018,0.0
2024-01-03 15:43:00+00:00,105.62450770969018,105.69832453815096,105.62166771716059,105.62659434052416,0.0
2024-01-03 15:44:00+00:00,105.62659434052416,105.73871665695368,105.62366580169459,105.72880059821796,0.0
2024-01-03 15:45:00+00:00,105.72880059821796,105.72880059821796,105.62825655364342,105.62825655364342,0.0
2024-01-03 15:46:00+00:00,105.62825655364342,105.70911393487337,105.53328813082808,105.53328813082808,0.0
2024-01-03 15:47:00+00:00,105.53328813082808,105.53799389485405,105.43840632527419,105.47154747613229,0.0
2024-01-03 15:48:00+00:00,105.47154747613229,105.59811282651418,105.47154747613229,105.56979974227062,0.0
2024-01-03 15:49:00+00:00,105.56979974227062,105.6371872070268,105.52951363731174,105.6371872070268,0.0
2024-01-03 15:50:00+00:00,105.6371872070268,105.87072419596373,105.6371872070268,105.87072419596373,0.0
2024-01-03 15:51:00+00:00,105.87072419596373,105.90173776130369,105.8081806877665,105.87644760206076,0.0
2024-01-03 15:52:00+00:00,105.87644760206076,106.03764786113277,105.81693825294435,106.03764786113277,0.0
2024-01-03 15:53:00+00:00,106.03764786113277,106.12955470096496,106.01807362541987,106.01807362541987,0.0
2024-01-03 15:54:00+00:00,106.01807362541987,106.06141562817852,105.97325327430204,106.04288221640834,0.0
2024-01-03 15:55:00+00:00,106.04288221640834,106.04288221640834,105.92356813070215,105.92356813070215,0.0
2024-01-03 15:56:00+00:00,105.92356813070215,106.00179477140152,105.92356813070215,105.96362968421522,0.0
2024-01-03 15:57:00+00:00,105.96362968421522,105.96532523165484,105.84189390008761,105.9248923876072,0.0
2024-01-03 15:58:00+00:00,105.9248923876072,105.95189846742977,105.7724176273036,105.88704996927318,0.0
2024-01-03 15:59:00+00:00,105.88704996927318,105.90141074059237,105.7954076972821,105.7954076972821,0.0
2024-01-03 16:00:00+00:00,105.7954076972821,105.85382999143077,105.721945261598,105.721945261598,0.0
2024-01-03 16:01:00+00:00,105.721945261598,105.94169946950232,105.71452114858458,105.94169946950232,0.0
2024-01-03 16:02:00+00:00,105.94169946950232,106.01901584323774,105.92054174520999,105.92054174520999,0.0
2024-01-03 16:03:00+00:00,105.92054174520999,105.96251489446587,105.89119482472842,105.96251489446587,0.0
2024-01-03 16:04:00+00:00,105.96251489446587,105.99040202374889,105.8756219959726,105.8756219959726,0.0
2024-01-03 16:05:00+00:00,105.8756219959726,106.04426454827541,105.8756219959726,106.01108736934249,0.0
2024-01-03 16:06:00+00:00,106.01108736934249,106.18679279611274,106.01108736934249,106.12519316882857,0.0
2024-01-03 16:07:00+00:00,106.12519316882857,106.13624591526194,106.02272818747946,106.02272818747946,0.0
2024-01-03 16:08:00+00:00,106.02272818747946,106.06282036990203,105.90313825015788,105.94586609461165,0.0
2024-01-03 16:09:00+00:00,105.94586609461165,105.98608887852095,105.87687249243206,105.89220897101997,0.0
2024-01-03 16:10:00+00:00,105.89220897101997,105.89220897101997,105.80472585216656,105.83706777887053,0.0
2024-01-03 16:11:00+00:00,105.83706777887053,105.94955039744931,105.83416301949886,105.94955039744931,0.0
2024-01-03 16:12:00+00:00,105.94955039744931,106.01643034370987,105.93885297491993,105.976795203261,0.0
2024-01-03 16:13:00+00:00,105.976795203261,106.00912093300386,105.65760074279511,105.65760074279511,0.0
2024-01-03 16:14:00+00:00,105.65760074279511,105.75547452115056,105.63224264960357,105.6609865300541,0.0
2024-01-03 16:15:00+00:00,105.6609865300541,105.8622187253428,105.6609865300541,105.80735907550408,0.0
2024-01-03 16:16:00+00:00,105.80735907550408,105.80735907550408,105.66254447705171,105.71117114419698,0.0
2024-01-03 16:17:00+00:00,105.71117114419698,105.81011073106922,105.66777388238908,105.75617969882356,0.0
2024-01-03 16:18:00+00:00,105.75617969882356,105.97904196754644,105.75617969882356,105.94035827212424,0.0
2024-01-03 16:19:00+00:00,105.94035827212424,106.13013023975702,105.92001091945438,106.1158586440178,0.0
2024-01-03 16:20:00+00:00,106.1158586440178,106.17417168882659,106.0624709104606,106.08795782681958,0.0
2024-01-03 16:21:00+00:00,106.08795782681958,106.147504322305,106.07630563830699,106.147504322305,0.0
2024-01-03 16:22:00+00:00,106.147504322305,106.147504322305,106.04228851640185,106.04239388634961,0.0
2024-01-03 16:23:00+00:00,106.04239388634961,106.04239388634961,105.8103778973842,105.86159342639766,0.0
2024-01-03 16:24:00+00:00,105.86159342639766,105.86159342639766,105.694453984139,105.73363488193553,0.0
2024-01-03 16:25:00+00:00,105.73363488193553,105.80532841503118,105.68423910275368,105.80532841503118,0.0
2024-01-03 16:26:00+00:00,105.80532841503118,105.81672503737802,105.65199360101296,105.65433339675901,0.0
2024-01-03 16:27:00+00:00,105.65433339675901,105.76985981973489,105.64484039372363,105.64484039372363,0.0
2024-01-03 16:28:00+00:00,105.64484039372363,105.73075423721075,105.62205665931137,105.62273079448657,0.0
2024-01-03 16:29:00+00:00,105.62273079448657,105.62273079448657,105.52418764019896,105.56390397920731,0.0
2024-01-03 16:30:00+00:00,105.56390397920731,105.74082977877343,105.56059446302628,105.72188337441848,0.0
2024-01-03 16:31:00+00:00,105.72188337441848,105.74303222030498,105.70097135239068,105.74303222030498,0.0
2024-01-03 16:32:00+00:00,105.74303222030498,105.74303222030498,105.5560580630506,105.55995536159766,0.0
2024-01-03 16:33:00+00:00,105.55995536159766,105.59767046685934,105.54351352861396,105.5541361954079,0.0
2024-01-03 16:34:00+00:00,105.5541361954079,105.64361492136594,105.5541361954079,105.64361492136594,0.0
2024-01-03 16:35:00+00:00,105.64361492136594,105.66933299857192,105.49002504356453,105.57002519108188,0.0
2024-01-03 16:36:00+00:00,105.57002519108188,105.81926949077652,105.57002519108188,105.74790421708204,0.0
2024-01-03 16:37:00+00:00,105.74790421708204,105.75968832915551,105.6750630420318,105.73629936804993,0.0
2024-01-03 16:38:00+00:00,105.73629936804993,105.82630517125924,105.73629936804993,105.78436405522922,0.0
2024-01-03 16:39:00+00:00,105.78436405522922,105.81987082221558,105.6489344959618,105.66436200756385,0.0
2024-01-03 16:40:00+00:00,105.66436200756385,105.71571597739974,105.63710370582415,105.66877659229212,0.0
2024-01-03 16:41:00+00:00,105.66877659229212,105.66877659229212,105.55275155457223,105.55275155457223,0.0
2024-01-03 16:42:00+00:00,105.55275155457223,105.63377400950822,105.55275155457223,105.58928898132083,0.0
2024-01-03 16:43:00+00:00,105.58928898132083,105.60057547062503,105.50371080059266,105.53101112639864,0.0
2024-01-03 16:44:00+00:00,105.53101112639864,105.53101112639864,105.46660949367957,105.52347855120838,0.0
2024-01-03 16:45:00+00:00,105.52347855120838,105.57032146281692,105.4107241508003,105.41540313010131,0.0
2024-01-03 16:46:00+00:00,105.41540313010131,105.4432379897619,105.34156745127511,105.34156745127511,0.0
2024-01-03 16:47:00+00:00,105.34156745127511,105.54227031102872,105.34156745127511,105.54227031102872,0.0
2024-01-03 16:48:00+00:00,105.54227031102872,105.62723592939699,105.48795724145879,105.62723592939699,0.0
2024-01-03 16:49:00+00:00,105.62723592939699,105.75210094188904,105.5779952589257,105.5779952589257,0.0
2024-01-03 16:50:00+00:00,105.5779952589257,105.70475844686129,105.54066865898409,105.57683712776213,0.0
2024-01-03 16:51:00+00:00,105.57683712776213,105.68390871866632,105.55572625983054,105.57451425569941,0.0
2024-01-03 16:52:00+00:00,105.57451425569941,105.70192795322566,105.57451425569941,105.63643434649012,0.0
2024-01-03 16:53:00+00:00,105.63643434649012,105.63643434649012,105.54736229151113,105.62735310162141,0.0
2024-01-03 16:54:00+00:00,105.62735310162141,105.79959418106485,105.62735310162141,105.73873927103143,0.0
2024-01-03 16:55:00+00:00,105.73873927103143,105.74642182961193,105.57051285143882,105.6161425221599,0.0
2024-01-03 16:56:00+00:00,105.6161425221599,105.80497026788971,105.60254274636861,105.80497026788971,0.0
2024-01-03 16:57:00+00:00,105.80497026788971,105.89200664273699,105.65886969069612,105.65886969069612,0.0
2024-01-03 16:58:00+00:00,105.65886969069612,105.73486089337216,105.583339984451,105.583339984451,0.0
2024-01-03 16:59:00+00:00,105.583339984451,105.583339984451,105.4844438961408,105.5828666742589,0.0
2024-01-03 17:00:00+00:00,105.5828666742589,105.67815119843506,105.52167987809942,105.67815119843506,0.0
2024-01-03 17:01:00+00:00,105.67815119843506,105.86174092071349,105.63529277822859,105.85531029305493,0.0
2024-01-03 17:02:00+00:00,105.85531029305493,105.9870095118512,105.85531029305493,105.90801819994385,0.0
2024-01-03 17:03:00+00:00,105.90801819994385,105.90801819994385,105.75958236662413,105.75958236662413,0.0
2024-01-03 17:04:00+00:00,105.75958236662413,105.7683344669326,105.69061843441844,105.69061843441844,0.0
2024-01-03 17:05:00+00:00,105.69061843441844,105.87207490830566,105.65240934845114,105.7969186672135,0.0
2024-01-03 17:06:00+00:00,105.7969186672135,105.7969186672135,105.69574257951457,105.73732419481905,0.0
2024-01-03 17:07:00+00:00,105.73732419481905,105.7497360608581,105.58637801639387,105.59069783106665,0.0
2024-01-03 17:08:00+00:00,105.59069783106665,105.68141289525285,105.59069783106665,105.63653906529461,0.0
2024-01-03 17:09:00+00:00,105.63653906529461,105.85191712859118,105.63653906529461,105.72704270482708,0.0
2024-01-03 17:10:00+00:00,105.72704270482708,105.88543039347736,105.72704270482708,105.88543039347736,0.0
2024-01-03 17:11:00+00:00,105.88543039347736,105.93855306579603,105.87027657607074,105.93136605283003,0.0
2024-01-03 17:12:00+00:00,105.93136605283003,105.9698277856985,105.78334721946345,105.9698277856985,0.0
2024-01-03 17:13:00+00:00,105.9698277856985,106.04136778220477,105.95158735787537,106.01159267636305,0.0
2024-01-03 17:14:00+00:00,106.01159267636305,106.12978753864168,106.00613363533793,106.05136290975791,0.0
2024-01-03 17:15:00+00:00,106.05136290975791,106.28843300744019,106.05136290975791,106.2655693132715,0.0
2024-01-03 17:16:00+00:00,106.2655693132715,106.51928719969615,106.2655693132715,106.46389314282956,0.0
2024-01-03 17:17:00+00:00,106.46389314282956,106.48011930105321,106.2399553596164,106.2399553596164,0.0
2024-01-03 17:18:00+00:00,106.2399553596164,106.26990608708202,106.13690391699436,106.26990608708202,0.0
2024-01-03 17:19:00+00:00,106.26990608708202,106.26990608708202,106.16331411662387,106.19376448214665,0.0
2024-01-03 17:20:00+00:00,106.19376448214665,106.24476585680796,106.16998787979071,106.24476585680796,0.0
2024-01-03 17:21:00+00:00,106.24476585680796,106.25527305978288,106.18838073198268,106.2309248912534,0.0
2024-01-03 17:22:00+00:00,106.2309248912534,106.23655155229248,106.13023569843527,106.17232956264509,0.0
2024-01-03 17:23:00+00:00,106.17232956264509,106.17232956264509,105.98561882873403,105.98561882873403,0.0
2024-01-03 17:24:00+00:00,105.98561882873403,105.9920933134589,105.91394710229518,105.94349962343514,0.0
2024-01-03 17:25:00+00:00,105.94349962343514,106.0175633038862,105.9005614808231,106.0175633038862,0.0
2024-01-03 17:26:00+00:00,106.0175633038862,106.21002331241569,106.0175633038862,106.19942843464203,0.0
2024-01-03 17:27:00+00:00,106.19942843464203,106.28599577164904,106.19770308556974,106.19770308556974,0.0
2024-01-03 17:28:00+00:00,106.19770308556974,106.19770308556974,105.995256834118,105.995256834118,0.0
2024-01-03 17:29:00+00:00,105.995256834118,106.06372161310244,105.94942894432126,106.04531128426524,0.0
2024-01-03 17:30:00+00:00,106.04531128426524,106.09896362574912,105.97464426849402,105.99082484630605,0.0
2024-01-03 17:31:00+00:00,105.99082484630605,106.02867677051051,105.88993674944341,106.0043548260463,0.0
2024-01-03 17:32:00+00:00,106.0043548260463,106.02966400567375,105.96403010771677,105.97120859080376,0.0
2024-01-03 17:33:00+00:00,105.97120859080376,106.00682048280841,105.92897881466511,105.97304511996849,0.0
2024-01-03 17:34:00+00:00,105.97304511996849,106.07699389790837,105.97243483924147,106.07699389790837,0.0
2024-01-03 17:35:00+00:00,106.07699389790837,106.11139043986472,106.0049259694221,106.05572719199395,0.0
2024-01-03 17:36:00+00:00,106.05572719199395,106.07009708163658,106.00189374382494,106.03737224580816,0.0
2024-01-03 17:37:00+00:00,106.03737224580816,106.25806073101921,106.03737224580816,106.16181685109545,0.0
2024-01-03 17:38:00+00:00,106.16181685109545,106.32459707479525,106.16181685109545,106.30954355338672,0.0
2024-01-03 17:39:00+00:00,106.30954355338672,106.32143049269109,106.2160418197067,106.2160418197067,0.0
2024-01-03 17:40:00+00:00,106.2160418197067,106.27041153820588,106.1968072768235,106.24059160859676,0.0
2024-01-03 17:41:00+00:00,106.24059160859676,106.29351125767016,106.14471379956014,106.21056502048494,0.0
2024-01-03 17:42:00+00:00,106.21056502048494,106.41845251859772,106.20942851279072,106.41845251859772,0.0
2024-01-03 17:43:00+00:00,106.41845251859772,106.51394218062795,106.29767305037049,106.51059024329994,0.0
2024-01-03 17:44:00+00:00,106.51059024329994,106.53708639657175,106.46472988558796,106.50059781088066,0.0
2024-01-03 17:45:00+00:00,106.50059781088066,106.50059781088066,106.24829380952323,106.24829380952323,0.0
2024-01-03 17:46:00+00:00,106.24829380952323,106.4435909863819,106.24499181657607,106.42681124020125,0.0
2024-01-03 17:47:00+00:00,106.42681124020125,106.55701126935723,106.32085655717052,106.52773171315381,0.0
2024-01-03 17:48:00+00:00,106.52773171315381,106.67885994469627,106.52773171315381,106.61719514073825,0.0
2024-01-03 17:49:00+00:00,106.61719514073825,106.73764836195124,106.56847804438976,106.63061919272741,0.0
2024-01-03 17:50:00+00:00,106.63061919272741,106.6561937107242,106.58251875060408,106.6381539336392,0.0
2024-01-03 17:51:00+00:00,106.6381539336392,106.6381539336392,106.49281519912408,106.54759642658831,0.0
2024-01-03 17:52:00+00:00,106.54759642658831,106.57466003955817,106.44553083682042,106.4677381486706,0.0
2024-01-03 17:53:00+00:00,106.4677381486706,106.4677381486706,106.30436158629944,106.37576417012376,0.0
2024-01-03 17:54:00+00:00,106.37576417012376,106.37576417012376,106.23112140417527,106.2444573034362,0.0
2024-01-03 17:55:00+00:00,106.2444573034362,106.3036424204381,106.16354379816957,106.16354379816957,0.0
2024-01-03 17:56:00+00:00,106.16354379816957,106.17998949395543,106.09500717516842,106.17998949395543,0.0
2024-01-03 17:57:00+00:00,106.17998949395543,106.22482067278315,106.11367558490274,106.13756585691304,0.0
2024-01-03 17:58:00+00:00,106.13756585691304,106.16450617067554,106.08824532754316,106.12807748538783,0.0
2024-01-03 17:59:00+00:00,106.12807748538783,106.13538821000004,106.05707741774327,106.07792733846112,0.0
2024-01-03 18:00:00+00:00,106.07792733846112,106.07792733846112,105.98500154361886,106.06577384227991,0.0
2024-01-03 18:01:00+00:00,106.06577384227991,106.11633088008436,106.00058421713783,106.02939753290313,0.0
2024-01-03 18:02:00+00:00,106.02939753290313,106.10240912194608,105.95367412420583,105.95367412420583,0.0
2024-01-03 18:03:00+00:00,105.95367412420583,106.08375963167984,105.95367412420583,106.02403805972942,0.0
2024-01-03 18:04:00+00:00,106.02403805972942,106.0533570852835,105.98789341640129,105.98789341640129,0.0
2024-01-03 18:05:00+00:00,105.98789341640129,106.17232865380393,105.97764799821789,106.1523225977861,0.0
2024-01-03 18:06:00+00:00,106.1523225977861,106.22715890781176,106.1523225977861,106.21746251518456,0.0
2024-01-03 18:07:00+00:00,106.21746251518456,106.51400022171092,106.21746251518456,106.51400022171092,0.0
2024-01-03 18:08:00+00:00,106.51400022171092,106.59138026183146,106.42608729576477,106.59138026183146,0.0
2024-01-03 18:09:00+00:00,106.59138026183146,106.7637238892677,106.5839465720348,106.70488323840868,0.0
2024-01-03 18:10:00+00:00,106.70488323840868,106.95489227696225,106.70488323840868,106.95489227696225,0.0
2024-01-03 18:11:00+00:00,106.95489227696225,106.96261029222812,106.78904868823086,106.78904868823086,0.0
2024-01-03 18:12:00+00:00,106.78904868823086,106.85461971248981,106.77010186629174,106.81144822156769,0.0
2024-01-03 18:13:00+00:00,106.81144822156769,106.92255169437956,106.77089598903285,106.81407390641716,0.0
2024-01-03 18:14:00+00:00,106.81407390641716,106.84988770462684,106.73580355313145,106.84988770462684,0.0
2024-01-03 18:15:00+00:00,106.84988770462684,106.87177819037751,106.81135843383124,106.81135843383124,0.0
2024-01-03 18:16:00+00:00,106.81135843383124,106.8313015208479,106.68817956722015,106.81624161673005,0.0
2024-01-03 18:17:00+00:00,106.81624161673005,106.87482672745467,106.73832658017498,106.73832658017498,0.0
2024-01-03 18:18:00+00:00,106.73832658017498,106.73832658017498,106.61503953613614,106.61503953613614,0.0
2024-01-03 18:19:00+00:00,106.61503953613614,106.70005281661192,106.57402144932675,106.65513710720752,0.0
2024-01-03 18:20:00+00:00,106.65513710720752,106.79577410047565,106.64687486542672,106.79161644827447,0.0
2024-01-03 18:21:00+00:00,106.79161644827447,106.97434703037557,106.79161644827447,106.96819570118481,0.0
2024-01-03 18:22:00+00:00,106.96819570118481,107.01782117471657,106.906180702041,106.995783832133,0.0
2024-01-03 18:23:00+00:00,106.995783832133,107.05735100650477,106.9742468260581,106.97494485781498,0.0
2024-01-03 18:24:00+00:00,106.97494485781498,106.97494485781498,106.87895596442628,106.95106400116514,0.0
2024-01-03 18:25:00+00:00,106.95106400116514,106.97434266225812,106.8529756572451,106.90443189254546,0.0
2024-01-03 18:26:00+00:00,106.90443189254546,107.00927134840683,106.88004932930306,107.00927134840683,0.0
2024-01-03 18:27:00+00:00,107.00927134840683,107.2051955899193,107.00927134840683,107.1884993810992,0.0
2024-01-03 18:28:00+00:00,107.1884993810992,107.23042113336595,107.08936924310589,107.14240692740906,0.0
2024-01-03 18:29:00+00:00,107.14240692740906,107.16566560987486,107.10111535396364,107.10257154622177,0.0
2024-01-03 18:30:00+00:00,107.10257154622177,107.17451811803897,107.04552217723969,107.17451811803897,0.0
2024-01-03 18:31:00+00:00,107.17451811803897,107.25080520594416,107.0888601288064,107.21474407988893,0.0
2024-01-03 18:32:00+00:00,107.21474407988893,107.21474407988893,107.08929453989401,107.113962533194,0.0
2024-01-03 18:33:00+00:00,107.113962533194,107.15220814987403,107.03188228536109,107.04359002659663,0.0
2024-01-03 18:34:00+00:00,107.04359002659663,107.10634952837756,107.03743006237997,107.0697393315766,0.0
2024-01-03 18:35:00+00:00,107.0697393315766,107.0697393315766,106.8501836272768,106.8507755514582,0.0
2024-01-03 18:36:00+00:00,106.8507755514582,106.86577018822219,106.68965446044827,106.71743872303234,0.0
2024-01-03 18:37:00+00:00,106.71743872303234,106.72636899829764,106.49051864675369,106.49051864675369,0.0
2024-01-03 18:38:00+00:00,106.49051864675369,106.62901187199962,106.48937413487846,106.62901187199962,0.0
2024-01-03 18:39:00+00:00,106.62901187199962,106.83975555629442,106.62333587730818,106.62333587730818,0.0
2024-01-03 18:40:00+00:00,106.62333587730818,106.62333587730818,106.46127530752764,106.46127530752764,0.0
2024-01-03 18:41:00+00:00,106.46127530752764,106.61295967684023,106.46127530752764,106.56138179053859,0.0
2024-01-03 18:42:00+00:00,106.56138179053859,106.5804859872716,106.45160485820072,106.56013709595528,0.0
2024-01-03 18:43:00+00:00,106.56013709595528,106.6784370623852,106.53913015926081,106.67797110040182,0.0
2024-01-03 18:44:00+00:00,106.67797110040182,106.74207681625998,106.65202106594433,106.73498147974468,0.0
2024-01-03 18:45:00+00:00,106.73498147974468,106.81272195000606,106.73320775626014,106.81272195000606,0.0
2024-01-03 18:46:00+00:00,106.81272195000606,106.81272195000606,106.67603301965721,106.75041034078095,0.0
2024-01-03 18:47:00+00:00,106.75041034078095,106.75041034078095,106.59578957100389,106.59578957100389,0.0
2024-01-03 18:48:00+00:00,106.59578957100389,106.70997522381447,106.59578957100389,106.6604705989439,0.0
2024-01-03 18:49:00+00:00,106.6604705989439,106.70895492069963,106.52334011715239,106.54658380899006,0.0
2024-01-03 18:50:00+00:00,106.54658380899006,106.54658380899006,106.32183393279541,106.32183393279541,0.0
2024-01-03 18:51:00+00:00,106.32183393279541,106.39997616297755,106.28568039862698,106.3470397389779,0.0
2024-01-03 18:52:00+00:00,106.3470397389779,106.50614069491853,106.29796055182707,106.45192744116251,0.0
2024-01-03 18:53:00+00:00,106.45192744116251,106.45192744116251,106.31751795596381,106.43588944079846,0.0
2024-01-03 18:54:00+00:00,106.43588944079846,106.49494346103877,106.39442720769034,106.44070109128404,0.0
2024-01-03 18:55:00+00:00,106.44070109128404,106.5221139046821,106.4041563310594,106.49406504274711,0.0
2024-01-03 18:56:00+00:00,106.49406504274711,106.6572834942099,106.49406504274711,106.6572834942099,0.0
2024-01-03 18:57:00+00:00,106.6572834942099,106.69190060379266,106.59173172726594,106.59173172726594,0.0
2024-01-03 18:58:00+00:00,106.59173172726594,106.6553803540401,106.56644680311935,106.64192456636633,0.0
2024-01-03 18:59:00+00:00,106.64192456636633,106.67059854876355,106.5622204536907,106.67059854876355,0.0
2024-01-03 19:00:00+00:00,106.67059854876355,106.6996272845083,106.61321150285042,106.66891186697379,0.0
2024-01-03 19:01:00+00:00,106.66891186697379,106.78792321243216,106.64567146938724,106.64567146938724,0.0
2024-01-03 19:02:00+00:00,106.64567146938724,106.691548606741,106.58667335586391,106.65730782974497,0.0
2024-01-03 19:03:00+00:00,106.65730782974497,106.7361137299573,106.61612976225292,106.7361137299573,0.0
2024-01-03 19:04:00+00:00,106.7361137299573,106.80115869459921,106.7361137299573,106.76613820246719,0.0
2024-01-03 19:05:00+00:00,106.76613820246719,106.76613820246719,106.52609212177204,106.52609212177204,0.0
2024-01-03 19:06:00+00:00,106.52609212177204,106.67438364034778,106.52609212177204,106.67102826381242,0.0
2024-01-03 19:07:00+00:00,106.67102826381242,106.67655321971249,106.60341896733244,106.67655321971249,0.0
2024-01-03 19:08:00+00:00,106.67655321971249,106.67655321971249,106.5556234712509,106.64231729073919,0.0
2024-01-03 19:09:00+00:00,106.64231729073919,106.64231729073919,106.52450784357056,106.5989917999268,0.0
2024-01-03 19:10:00+00:00,106.5989917999268,106.7389587882899,106.51860816748815,106.7389587882899,0.0
2024-01-03 19:11:00+00:00,106.7389587882899,106.7389587882899,106.60805289225875,106.61425881276578,0.0
2024-01-03 19:12:00+00:00,106.61425881276578,106.77697087978693,106.61425881276578,106.7473596909182,0.0
2024-01-03 19:13:00+00:00,106.7473596909182,106.94043864902457,106.7473596909182,106.86534438543934,0.0
2024-01-03 19:14:00+00:00,106.86534438543934,106.87385353620694,106.78795363248577,106.82179610026307,0.0
2024-01-03 19:15:00+00:00,106.82179610026307,106.83301255514272,106.73965113680362,106.77643499131592,0.0
2024-01-03 19:16:00+00:00,106.77643499131592,106.78396357955494,106.52590176965683,106.52590176965683,0.0
2024-01-03 19:17:00+00:00,106.52590176965683,106.5711727996485,106.44576952650439,106.55569330157103,0.0
2024-01-03 19:18:00+00:00,106.55569330157103,106.61672686538492,106.51034558141691,106.52659234631645,0.0
2024-01-03 19:19:00+00:00,106.52659234631645,106.57508299703571,106.44832714061756,106.57508299703571,0.0
2024-01-03 19:20:00+00:00,106.57508299703571,106.60556406212537,106.51951932298736,106.51951932298736,0.0
2024-01-03 19:21:00+00:00,106.51951932298736,106.54908168230654,106.44299087412737,106.44299087412737,0.0
2024-01-03 19:22:00+00:00,106.44299087412737,106.45329553431779,106.32962762355898,106.43586388272601,0.0
2024-01-03 19:23:00+00:00,106.43586388272601,106.62730816590768,106.40585857109257,106.60782904987,0.0
2024-01-03 19:24:00+00:00,106.60782904987,106.60782904987,106.47013639134009,106.48094380991472,0.0
2024-01-03 19:25:00+00:00,106.48094380991472,106.5228811333894,106.41488278744396,106.42323026569997,0.0
2024-01-03 19:26:00+00:00,106.42323026569997,106.64974362432284,106.41348793310112,106.57939830436564,0.0
2024-01-03 19:27:00+00:00,106.57939830436564,106.57939830436564,106.45533721496616,106.53210086434362,0.0
2024-01-03 19:28:00+00:00,106.53210086434362,106.53210086434362,106.4133852060809,106.45194191878093,0.0
2024-01-03 19:29:00+00:00,106.45194191878093,106.45194191878093,106.2290418251779,106.2290418251779,0.0
2024-01-03 19:30:00+00:00,106.2290418251779,106.31758629156135,106.20982550926661,106.26253191346798,0.0
2024-01-03 19:31:00+00:00,106.26253191346798,106.26253191346798,106.06725351089311,106.06725351089311,0.0
2024-01-03 19:32:00+00:00,106.06725351089311,106.2311681559656,106.06114488285286,106.20583258947794,0.0
2024-01-03 19:33:00+00:00,106.20583258947794,106.27738575984256,106.15653351469373,106.27090165302762,0.0
2024-01-03 19:34:00+00:00,106.27090165302762,106.36556949964869,106.27090165302762,106.31787799632272,0.0
2024-01-03 19:35:00+00:00,106.31787799632272,106.49612126256255,106.31787799632272,106.49612126256255,0.0
2024-01-03 19:36:00+00:00,106.49612126256255,106.52240359722478,106.41424353666959,106.4687851323353,0.0
2024-01-03 19:37:00+00:00,106.4687851323353,106.56922559147576,106.46272177538584,106.55180714527617,0.0
2024-01-03 19:38:00+00:00,106.55180714527617,106.55180714527617,106.41648027487393,106.51640542759218,0.0
2024-01-03 19:39:00+00:00,106.51640542759218,106.74671358457229,106.51640542759218,106.66630952391608,0.0
2024-01-03 19:40:00+00:00,106.66630952391608,106.76149586833029,106.61276887437731,106.61276887437731,0.0
2024-01-03 19:41:00+00:00,106.61276887437731,106.6932027818027,106.60475360036533,106.60475360036533,0.0
2024-01-03 19:42:00+00:00,106.60475360036533,106.60535168936859,106.31952884535043,106.31952884535043,0.0
2024-01-03 19:43:00+00:00,106.31952884535043,106.39526452412743,106.28763290112418,106.35862577319833,0.0
2024-01-03 19:44:00+00:00,106.35862577319833,106.41604668459392,106.3465134926753,106.41604668459392,0.0
2024-01-03 19:45:00+00:00,106.41604668459392,106.48646717213909,106.35353075832779,106.38247057556728,0.0
2024-01-03 19:46:00+00:00,106.38247057556728,106.4823338799221,106.37575258772085,106.4043481719591,0.0
2024-01-03 19:47:00+00:00,106.4043481719591,106.48244824528363,106.32832101637256,106.37890135675967,0.0
2024-01-03 19:48:00+00:00,106.37890135675967,106.37890135675967,106.2954917119435,106.33904380111713,0.0
2024-01-03 19:49:00+00:00,106.33904380111713,106.45364056377387,106.2912676429264,106.45364056377387,0.0
2024-01-03 19:50:00+00:00,106.45364056377387,106.48316776801775,106.32119934549671,106.32119934549671,0.0
2024-01-03 19:51:00+00:00,106.32119934549671,106.3733062648741,106.32119934549671,106.36722684059902,0.0
2024-01-03 19:52:00+00:00,106.36722684059902,106.60479674575659,106.36722684059902,106.57728859765254,0.0
2024-01-03 19:53:00+00:00,106.57728859765254,106.6001522116133,106.38151372536788,106.41966992671068,0.0
2024-01-03 19:54:00+00:00,106.41966992671068,106.45065476742714,106.37387122412403,106.4047408940365,0.0
2024-01-03 19:55:00+00:00,106.4047408940365,106.60632683338247,106.4047408940365,106.60632683338247,0.0
2024-01-03 19:56:00+00:00,106.60632683338247,106.60826166697301,106.39968782373595,106.48231435121517,0.0
2024-01-03 19:57:00+00:00,106.48231435121517,106.63439351978174,106.48231435121517,106.52697374008608,0.0
2024-01-03 19:58:00+00:00,106.52697374008608,106.52697374008608,106.41246590215594,106.41246590215594,0.0
2024-01-03 19:59:00+00:00,106.41246590215594,106.4161791833917,106.29614575221943,106.29614575221943,0.0
2024-01-03 20:00:00+00:00,106.29614575221943,106.36437778327364,106.26811118764647,106.31061806519006,0.0
2024-01-03 20:01:00+00:00,106.31061806519006,106.31061806519006,106.20444270613329,106.20444270613329,0.0
2024-01-03 20:02:00+00:00,106.20444270613329,106.28896700459454,106.17868370517289,106.24406188504315,0.0
2024-01-03 20:03:00+00:00,106.24406188504315,106.40050114067164,106.24406188504315,106.29785051334146,0.0
2024-01-03 20:04:00+00:00,106.29785051334146,106.29785051334146,106.19589099083493,106.23117441548055,0.0
2024-01-03 20:05:00+00:00,106.23117441548055,106.23117441548055,106.04753702244881,106.12265793745696,0.0
2024-01-03 20:06:00+00:00,106.12265793745696,106.2169548005449,106.12265793745696,106.13423021443036,0.0
2024-01-03 20:07:00+00:00,106.13423021443036,106.2089374960382,106.11097861022472,106.14762685922938,0.0
2024-01-03 20:08:00+00:00,106.14762685922938,106.25098888156012,106.0998180990203,106.25098888156012,0.0
2024-01-03 20:09:00+00:00,106.25098888156012,106.39044318397987,106.22774766911027,106.2868078441903,0.0
2024-01-03 20:10:00+00:00,106.2868078441903,106.2868078441903,106.18307468144604,106.22006752645741,0.0
2024-01-03 20:11:00+00:00,106.22006752645741,106.22006752645741,106.1196050330665,106.13795400386728,0.0
2024-01-03 20:12:00+00:00,106.13795400386728,106.26484021014082,106.10498928628195,106.26484021014082,0.0
2024-01-03 20:13:00+00:00,106.26484021014082,106.36881483255003,106.23175797295552,106.32644890813114,0.0
2024-01-03 20:14:00+00:00,106.32644890813114,106.34633755220436,106.12622188314606,106.19945450679732,0.0
2024-01-03 20:15:00+00:00,106.19945450679732,106.28208257502932,106.11580664694854,106.28208257502932,0.0
2024-01-03 20:16:00+00:00,106.28208257502932,106.28208257502932,106.11192226689911,106.16149142754003,0.0
2024-01-03 20:17:00+00:00,106.16149142754003,106.16149142754003,106.08100602814972,106.08100602814972,0.0
2024-01-03 20:18:00+00:00,106.08100602814972,106.18801979580851,106.03203579320079,106.18801979580851,0.0
2024-01-03 20:19:00+00:00,106.18801979580851,106.18801979580851,105.93113099015932,106.03543488261771,0.0
2024-01-03 20:20:00+00:00,106.03543488261771,106.05592528558313,105.96321684550622,106.00494857669294,0.0
2024-01-03 20:21:00+00:00,106.00494857669294,106.0106982539038,105.94196586577978,105.97466257141821,0.0
2024-01-03 20:22:00+00:00,105.97466257141821,105.97466257141821,105.81889564713262,105.9102079342992,0.0
2024-01-03 20:23:00+00:00,105.9102079342992,105.9169824781662,105.88280741858256,105.89085541718555,0.0
2024-01-03 20:24:00+00:00,105.89085541718555,105.94982946252803,105.85990606925479,105.93836222833004,0.0
2024-01-03 20:25:00+00:00,105.93836222833004,105.93979657506834,105.76835985751512,105.76835985751512,0.0
2024-01-03 20:26:00+00:00,105.76835985751512,105.82246269999011,105.72110793098388,105.72110793098388,0.0
2024-01-03 20:27:00+00:00,105.72110793098388,105.79635156053682,105.72110793098388,105.74849536470417,0.0
2024-01-03 20:28:00+00:00,105.74849536470417,106.01129095081004,105.74849536470417,106.01129095081004,0.0
2024-01-03 20:29:00+00:00,106.01129095081004,106.18300475668784,106.01129095081004,106.13656179609644,0.0
2024-01-03 20:30:00+00:00,106.13656179609644,106.22579848327865,106.12636560763251,106.12636560763251,0.0
2024-01-03 20:31:00+00:00,106.12636560763251,106.1278940170392,106.00244556913613,106.00244556913613,0.0
2024-01-03 20:32:00+00:00,106.00244556913613,106.00809522856551,105.87323603819088,105.91120043566116,0.0
2024-01-03 20:33:00+00:00,105.91120043566116,105.91120043566116,105.80956877990941,105.85599749799852,0.0
2024-01-03 20:34:00+00:00,105.85599749799852,105.91306141793694,105.73221962565798,105.73221962565798,0.0
2024-01-03 20:35:00+00:00,105.73221962565798,105.88441862025546,105.73221962565798,105.86789536637548,0.0
2024-01-03 20:36:00+00:00,105.86789536637548,105.94137887746372,105.67908893773563,105.67908893773563,0.0
2024-01-03 20:37:00+00:00,105.67908893773563,105.73171726244672,105.59659189832854,105.60529574331501,0.0
2024-01-03 20:38:00+00:00,105.60529574331501,105.64325639276714,105.58445643476084,105.5931558170904,0.0
2024-01-03 20:39:00+00:00,105.5931558170904,105.61070422293831,105.50208175408929,105.50208175408929,0.0
2024-01-03 20:40:00+00:00,105.50208175408929,105.51547944467208,105.43774271338351,105.45797417029718,0.0
2024-01-03 20:41:00+00:00,105.45797417029718,105.57567415162664,105.45797417029718,105.56437525007647,0.0
2024-01-03 20:42:00+00:00,105.56437525007647,105.65832261364847,105.56437525007647,105.65832261364847,0.0
2024-01-03 20:43:00+00:00,105.65832261364847,105.72062391904491,105.63468714230225,105.68168771507783,0.0
2024-01-03 20:44:00+00:00,105.68168771507783,105.79830453871824,105.66568860108511,105.76614521894956,0.0
2024-01-03 20:45:00+00:00,105.76614521894956,105.8156516533857,105.74176391691928,105.8156516533857,0.0
2024-01-03 20:46:00+00:00,105.8156516533857,105.83335814812176,105.76729891846178,105.7833568690484,0.0
2024-01-03 20:47:00+00:00,105.7833568690484,105.8485542099815,105.75396858154193,105.75396858154193,0.0
2024-01-03 20:48:00+00:00,105.75396858154193,105.76027874732979,105.67524782521484,105.69240057108586,0.0
2024-01-03 20:49:00+00:00,105.69240057108586,105.76211003178045,105.6706601430755,105.67207888366595,0.0
2024-01-03 20:50:00+00:00,105.67207888366595,105.75877728748262,105.60298269747273,105.75877728748262,0.0
2024-01-03 20:51:00+00:00,105.75877728748262,105.87522497026367,105.68595955795666,105.87522497026367,0.0
2024-01-03 20:52:00+00:00,105.87522497026367,105.89334692971497,105.75014806487454,105.75014806487454,0.0
2024-01-03 20:53:00+00:00,105.75014806487454,105.75014806487454,105.58119524003149,105.66950956650001,0.0
2024-01-03 20:54:00+00:00,105.66950956650001,105.72933597006109,105.58722159019872,105.58722159019872,0.0
2024-01-03 20:55:00+00:00,105.58722159019872,105.65806154069065,105.56064207723242,105.6535226206831,0.0
2024-01-03 20:56:00+00:00,105.6535226206831,105.72396227857816,105.62283922938191,105.64737097368534,0.0
2024-01-03 20:57:00+00:00,105.64737097368534,105.64737097368534,105.44795459648255,105.44927285159011,0.0
2024-01-03 20:58:00+00:00,105.44927285159011,105.48076526646132,105.40775061207555,105.44089895742536,0.0
2024-01-03 20:59:00+00:00,105.44089895742536,105.53139345824546,105.418965919426,105.53139345824546,0.0
2024-01-03 21:00:00+00:00,105.53139345824546,105.57402805263993,105.44289144579217,105.57402805263993,0.0
2024-01-03 21:01:00+00:00,105.57402805263993,105.57402805263993,105.47149143659375,105.51946643409991,0.0
2024-01-03 21:02:00+00:00,105.51946643409991,105.56779008825443,105.39816681150863,105.39816681150863,0.0
2024-01-03 21:03:00+00:00,105.39816681150863,105.4915585320284,105.37557519593986,105.4915585320284,0.0
2024-01-03 21:04:00+00:00,105.4915585320284,105.4915585320284,105.36125606881937,105.38261057243537,0.0
2024-01-03 21:05:00+00:00,105.38261057243537,105.42566605675596,105.33794198166395,105.42566605675596,0.0
2024-01-03 21:06:00+00:00,105.42566605675596,105.45791150138962,105.37131632369517,105.45791150138962,0.0
2024-01-03 21:07:00+00:00,105.45791150138962,105.45791150138962,105.2678452588166,105.30246275616257,0.0
2024-01-03 21:08:00+00:00,105.30246275616257,105.30246275616257,105.19462864078865,105.21384697773037,0.0
2024-01-03 21:09:00+00:00,105.21384697773037,105.32016414323405,105.17982749564361,105.32016414323405,0.0
2024-01-03 21:10:00+00:00,105.32016414323405,105.35990060078365,105.23293753399244,105.28787162107598,0.0
2024-01-03 21:11:00+00:00,105.28787162107598,105.35645392712111,105.1534978090446,105.1534978090446,0.0
2024-01-03 21:12:00+00:00,105.1534978090446,105.24445973267969,105.1534978090446,105.22983415011532,0.0
2024-01-03 21:13:00+00:00,105.22983415011532,105.37032556989644,105.18844586030791,105.37032556989644,0.0
2024-01-03 21:14:00+00:00,105.37032556989644,105.37032556989644,105.28171648257299,105.32252336774175,0.0
2024-01-03 21:15:00+00:00,105.32252336774175,105.34828541919545,105.27413144908971,105.29691024756582,0.0
2024-01-03 21:16:00+00:00,105.29691024756582,105.39348868953032,105.27989817243936,105.39348868953032,0.0
2024-01-03 21:17:00+00:00,105.39348868953032,105.48438114544369,105.39348868953032,105.46926657536065,0.0
2024-01-03 21:18:00+00:00,105.46926657536065,105.54468597536903,105.41794897404826,105.45622462704043,0.0
2024-01-03 21:19:00+00:00,105.45622462704043,105.61869050256807,105.45622462704043,105.57411451161214,0.0
2024-01-03 21:20:00+00:00,105.57411451161214,105.62991376560743,105.5184579678495,105.5184579678495,0.0
2024-01-03 21:21:00+00:00,105.5184579678495,105.5765251754185,105.44588722031396,105.5765251754185,0.0
2024-01-03 21:22:00+00:00,105.5765251754185,105.5765251754185,105.36430150366334,105.46024034431665,0.0
2024-01-03 21:23:00+00:00,105.46024034431665,105.48231561018669,105.42128895608596,105.43731251185906,0.0
2024-01-03 21:24:00+00:00,105.43731251185906,105.67512292852258,105.43731251185906,105.67512292852258,0.0
2024-01-03 21:25:00+00:00,105.67512292852258,105.67512292852258,105.52525913662527,105.54412852059349,0.0
2024-01-03 21:26:00+00:00,105.54412852059349,105.55984711855174,105.50210022152305,105.50460767942236,0.0
2024-01-03 21:27:00+00:00,105.50460767942236,105.70127493094846,105.49736743412535,105.66812638782136,0.0
2024-01-03 21:28:00+00:00,105.66812638782136,105.69745615778854,105.6106430345037,105.66172952061909,0.0
2024-01-03 21:29:00+00:00,105.66172952061909,105.66172952061909,105.52478409898885,105.5253576894201,0.0
2024-01-03 21:30:00+00:00,105.5253576894201,105.59578158954643,105.48569644704854,105.59578158954643,0.0
2024-01-03 21:31:00+00:00,105.59578158954643,105.74603895340029,105.5956547471316,105.74603895340029,0.0
2024-01-03 21:32:00+00:00,105.74603895340029,105.79702891388905,105.71270786077358,105.7672659741142,0.0
2024-01-03 21:33:00+00:00,105.7672659741142,105.894471378992,105.75932644883187,105.79842110097846,0.0
2024-01-03 21:34:00+00:00,105.79842110097846,105.79842110097846,105.68941829944937,105.71497517612383,0.0
2024-01-03 21:35:00+00:00,105.71497517612383,105.79487449047653,105.66829746457856,105.7452706262854,0.0
2024-01-03 21:36:00+00:00,105.7452706262854,105.91683387909917,105.7452706262854,105.82326041599717,0.0
2024-01-03 21:37:00+00:00,105.82326041599717,105.82326041599717,105.57362024929687,105.57362024929687,0.0
2024-01-03 21:38:00+00:00,105.57362024929687,105.6160336368299,105.53204651018531,105.53901923919241,0.0
2024-01-03 21:39:00+00:00,105.53901923919241,105.65290586476843,105.49336912548162,105.65290586476843,0.0
2024-01-03 21:40:00+00:00,105.65290586476843,105.65958640055649,105.58617550614292,105.58700878190044,0.0
2024-01-03 21:41:00+00:00,105.58700878190044,105.6934116666607,105.44715610063605,105.60772300925743,0.0
2024-01-03 21:42:00+00:00,105.60772300925743,105.67762963535114,105.57176490023242,105.64830349299613,0.0
2024-01-03 21:43:00+00:00,105.64830349299613,105.64830349299613,105.51567423998604,105.5558789144329,0.0
2024-01-03 21:44:00+00:00,105.5558789144329,105.58676670354612,105.45854955196167,105.46762458084423,0.0
2024-01-03 21:45:00+00:00,105.46762458084423,105.56395310242814,105.43140153298027,105.56395310242814,0.0
2024-01-03 21:46:00+00:00,105.56395310242814,105.56395310242814,105.37027668021582,105.42269510563968,0.0
2024-01-03 21:47:00+00:00,105.42269510563968,105.42269510563968,105.25864077595944,105.26506611011557,0.0
2024-01-03 21:48:00+00:00,105.26506611011557,105.40011385867274,105.26506611011557,105.33525589515122,0.0
2024-01-03 21:49:00+00:00,105.33525589515122,105.5038001572686,105.33525589515122,105.50152594766006,0.0
2024-01-03 21:50:00+00:00,105.50152594766006,105.50152594766006,105.36929237487159,105.49591251500611,0.0
2024-01-03 21:51:00+00:00,105.49591251500611,105.57068822975207,105.46068540491223,105.55814679689406,0.0
2024-01-03 21:52:00+00:00,105.55814679689406,105.57788485934216,105.42821703787492,105.42821703787492,0.0
2024-01-03 21:53:00+00:00,105.42821703787492,105.54911374291045,105.40335488098259,105.51664173020617,0.0
2024-01-03 21:54:00+00:00,105.51664173020617,105.56330887040733,105.33224095589452,105.33224095589452,0.0
2024-01-03 21:55:00+00:00,105.33224095589452,105.33224095589452,105.09713355899542,105.13114590946572,0.0
2024-01-03 21:56:00+00:00,105.13114590946572,105.2450463661208,105.12368402330054,105.14976620195878,0.0
2024-01-03 21:57:00+00:00,105.14976620195878,105.15313646320858,104.98436032240215,104.98436032240215,0.0
2024-01-03 21:58:00+00:00,104.98436032240215,105.00335177899255,104.87661975271631,104.90902902321028,0.0
2024-01-03 21:59:00+00:00,104.90902902321028,105.10762070462388,104.90902902321028,105.06850703734656,0.0
2024-01-03 22:00:00+00:00,105.06850703734656,105.08170805093538,104.96243250818725,104.96243250818725,0.0
2024-01-03 22:01:00+00:00,104.96243250818725,105.0840067000215,104.9320811512896,105.0840067000215,0.0
2024-01-03 22:02:00+00:00,105.0840067000215,105.09363105974273,105.02897514415687,105.07042248234184,0.0
2024-01-03 22:03:00+00:00,105.07042248234184,105.30211559981434,105.07042248234184,105.20069596104585,0.0
2024-01-03 22:04:00+00:00,105.20069596104585,105.21426251407077,105.08065089268707,105.12981552035495,0.0
2024-01-03 22:05:00+00:00,105.12981552035495,105.12981552035495,105.0197342244561,105.0197342244561,0.0
2024-01-03 22:06:00+00:00,105.0197342244561,105.02016639044835,104.91615036486729,104.94041494278602,0.0
2024-01-03 22:07:00+00:00,104.94041494278602,104.98198239772353,104.89756427627451,104.98198239772353,0.0
2024-01-03 22:08:00+00:00,104.98198239772353,104.98198239772353,104.78780674905971,104.911508482558,0.0
2024-01-03 22:09:00+00:00,104.911508482558,104.95231731368601,104.8638872652281,104.8638872652281,0.0
2024-01-03 22:10:00+00:00,104.8638872652281,104.96442635079106,104.80247715769599,104.8885727965195,0.0
2024-01-03 22:11:00+00:00,104.8885727965195,104.90487136411227,104.74785740474714,104.90487136411227,0.0
2024-01-03 22:12:00+00:00,104.90487136411227,104.96608372933763,104.85425798361727,104.85425798361727,0.0
2024-01-03 22:13:00+00:00,104.85425798361727,104.89961260986915,104.68298913166103,104.68298913166103,0.0
2024-01-03 22:14:00+00:00,104.68298913166103,104.73045998726779,104.63281977414042,104.72851887794751,0.0
2024-01-03 22:15:00+00:00,104.72851887794751,104.87967184022891,104.72851887794751,104.85711897167285,0.0
2024-01-03 22:16:00+00:00,104.85711897167285,104.8953238790175,104.69500354039069,104.77295497733827,0.0
2024-01-03 22:17:00+00:00,104.77295497733827,104.87736231936192,104.77295497733827,104.87736231936192,0.0
2024-01-03 22:18:00+00:00,104.87736231936192,104.89011456892428,104.8029313915868,104.81374745352515,0.0
2024-01-03 22:19:00+00:00,104.81374745352515,104.86649625743942,104.81374745352515,104.81536860114375,0.0
2024-01-03 22:20:00+00:00,104.81536860114375,104.85266549930434,104.77552562998716,104.83669604634616,0.0
2024-01-03 22:21:00+00:00,104.83669604634616,104.978870768856,104.7609566785051,104.96066035522955,0.0
2024-01-03 22:22:00+00:00,104.96066035522955,105.07918212263384,104.95507576525195,105.06524012798927,0.0
2024-01-03 22:23:00+00:00,105.06524012798927,105.1513272871299,105.02278733091026,105.02278733091026,0.0
2024-01-03 22:24:00+00:00,105.02278733091026,105.09695365368617,104.99257839110193,105.03307026797597,0.0
2024-01-03 22:25:00+00:00,105.03307026797597,105.03307026797597,104.908987868786,104.908987868786,0.0
2024-01-03 22:26:00+00:00,104.908987868786,104.93226865233179,104.84399968203174,104.8634089685752,0.0
2024-01-03 22:27:00+00:00,104.8634089685752,104.8634089685752,104.73217015276849,104.73217015276849,0.0
2024-01-03 22:28:00+00:00,104.73217015276849,104.73217015276849,104.63084690981368,104.63084690981368,0.0
2024-01-03 22:29:00+00:00,104.63084690981368,104.76698540640061,104.63084690981368,104.72901279992871,0.0
2024-01-03 22:30:00+00:00,104.72901279992871,104.78170873386763,104.6853437725639,104.78170873386763,0.0
2024-01-03 22:31:00+00:00,104.78170873386763,104.78170873386763,104.64891300313121,104.65021354488661,0.0
2024-01-03 22:32:00+00:00,104.65021354488661,104.71385141888437,104.64801959313469,104.67678474056217,0.0
2024-01-03 22:33:00+00:00,104.67678474056217,104.80038564287034,104.67678474056217,104.72612582282783,0.0
2024-01-03 22:34:00+00:00,104.72612582282783,104.72612582282783,104.60613485712167,104.63679186175382,0.0
2024-01-03 22:35:00+00:00,104.63679186175382,104.70394237797463,104.62381536255401,104.65395275684331,0.0
2024-01-03 22:36:00+00:00,104.65395275684331,104.72742312353904,104.58915246300104,104.72742312353904,0.0
2024-01-03 22:37:00+00:00,104.72742312353904,104.89195883826936,104.68997571713278,104.89195883826936,0.0
2024-01-03 22:38:00+00:00,104.89195883826936,105.00265532871454,104.88962140369262,105.00265532871454,0.0
2024-01-03 22:39:00+00:00,105.00265532871454,105.0630217617988,104.91609319515162,104.91609319515162,0.0
2024-01-03 22:40:00+00:00,104.91609319515162,104.95044999481613,104.80916024570362,104.86933311202883,0.0
2024-01-03 22:41:00+00:00,104.86933311202883,104.89251021097841,104.82261625215631,104.86184734166343,0.0
2024-01-03 22:42:00+00:00,104.86184734166343,104.97968090104753,104.86184734166343,104.97968090104753,0.0
2024-01-03 22:43:00+00:00,104.97968090104753,105.19893711256157,104.97441894582538,105.18141080432655,0.0
2024-01-03 22:44:00+00:00,105.18141080432655,105.20299855930827,105.10564530013794,105.154468692383,0.0
2024-01-03 22:45:00+00:00,105.154468692383,105.21108717819874,105.0035466200943,105.0035466200943,0.0
2024-01-03 22:46:00+00:00,105.0035466200943,105.097703829247,104.99355582575208,105.01486975390685,0.0
2024-01-03 22:47:00+00:00,105.01486975390685,105.19887693055843,105.01486975390685,105.09301743245943,0.0
2024-01-03 22:48:00+00:00,105.09301743245943,105.11604057856798,104.92664197951646,105.06349444981767,0.0
2024-01-03 22:49:00+00:00,105.06349444981767,105.06349444981767,104.97061656205625,105.01176229363756,0.0
2024-01-03 22:50:00+00:00,105.01176229363756,105.01176229363756,104.88755470106501,105.00209458442492,0.0
2024-01-03 22:51:00+00:00,105.00209458442492,105.03638400775581,104.94706427302852,105.02843884408871,0.0
2024-01-03 22:52:00+00:00,105.02843884408871,105.02843884408871,104.89160660843557,104.89160660843557,0.0
2024-01-03 22:53:00+00:00,104.89160660843557,104.90933178983099,104.86685783314849,104.892916490636,0.0
2024-01-03 22:54:00+00:00,104.892916490636,104.92788626009371,104.82827726721074,104.86827028465562,0.0
2024-01-03 22:55:00+00:00,104.86827028465562,104.88718229074277,104.78862976268242,104.8627755076547,0.0
2024-01-03 22:56:00+00:00,104.8627755076547,104.92031942250824,104.85542086713627,104.85542086713627,0.0
2024-01-03 22:57:00+00:00,104.85542086713627,104.91847090379025,104.7222356092226,104.73492152436508,0.0
2024-01-03 22:58:00+00:00,104.73492152436508,104.73492152436508,104.5570978433367,104.6105117169025,0.0
2024-01-03 22:59:00+00:00,104.6105117169025,104.72850409214296,104.6105117169025,104.61267096270564,0.0
2024-01-03 23:00:00+00:00,104.61267096270564,104.69227443884486,104.53882838746011,104.69227443884486,0.0
2024-01-03 23:01:00+00:00,104.69227443884486,104.69227443884486,104.5229831374762,104.66277165840825,0.0
2024-01-03 23:02:00+00:00,104.66277165840825,104.68945511762654,104.59823515780003,104.6310359312922,0.0
2024-01-03 23:03:00+00:00,104.6310359312922,104.68898534558872,104.50225857685575,104.50225857685575,0.0
2024-01-03 23:04:00+00:00,104.50225857685575,104.5807283498857,104.50225857685575,104.51240899259174,0.0
2024-01-03 23:05:00+00:00,104.51240899259174,104.5244179950138,104.36260715852453,104.37564204728453,0.0
2024-01-03 23:06:00+00:00,104.37564204728453,104.45353463625702,104.37564204728453,104.44167858861525,0.0
2024-01-03 23:07:00+00:00,104.44167858861525,104.63804032177376,104.44167858861525,104.63804032177376,0.0
2024-01-03 23:08:00+00:00,104.63804032177376,104.79211861272366,104.63690200500699,104.75001213431115,0.0
2024-01-03 23:09:00+00:00,104.75001213431115,104.86923000362484,104.72953676182283,104.73356647315481,0.0
2024-01-03 23:10:00+00:00,104.73356647315481,104.8378770377797,104.73356647315481,104.83651697614728,0.0
2024-01-03 23:11:00+00:00,104.83651697614728,104.90353539390088,104.81261213595799,104.89292893024705,0.0
2024-01-03 23:12:00+00:00,104.89292893024705,104.99135870054118,104.85015621173395,104.85015621173395,0.0
2024-01-03 23:13:00+00:00,104.85015621173395,104.85015621173395,104.71451378179427,104.71451378179427,0.0
2024-01-03 23:14:00+00:00,104.71451378179427,104.78202787298454,104.67651287902869,104.77194639205517,0.0
2024-01-03 23:15:00+00:00,104.77194639205517,104.77194639205517,104.65516900248225,104.65516900248225,0.0
2024-01-03 23:16:00+00:00,104.65516900248225,104.70209538391249,104.54518271497584,104.54518271497584,0.0
2024-01-03 23:17:00+00:00,104.54518271497584,104.59408103077517,104.4817045491855,104.51615817909006,0.0
2024-01-03 23:18:00+00:00,104.51615817909006,104.51615817909006,104.43651881452527,104.51574330671818,0.0
2024-01-03 23:19:00+00:00,104.51574330671818,104.5208000661183,104.39097879994343,104.39097879994343,0.0
2024-01-03 23:20:00+00:00,104.39097879994343,104.45797912405338,104.3442431899065,104.3842700051612,0.0
2024-01-03 23:21:00+00:00,104.3842700051612,104.47285691394238,104.34797057052685,104.47285691394238,0.0
2024-01-03 23:22:00+00:00,104.47285691394238,104.56641515495019,104.46826649536709,104.51951237437338,0.0
2024-01-03 23:23:00+00:00,104.51951237437338,104.51951237437338,104.42533726060371,104.42533726060371,0.0
2024-01-03 23:24:00+00:00,104.42533726060371,104.56826094723077,104.42533726060371,104.4665637394875,0.0
2024-01-03 23:25:00+00:00,104.4665637394875,104.4665637394875,104.30661001958961,104.30661001958961,0.0
2024-01-03 23:26:00+00:00,104.30661001958961,104.30661001958961,104.19518362780691,104.24582755080192,0.0
2024-01-03 23:27:00+00:00,104.24582755080192,104.35989774038947,104.23414818280669,104.35989774038947,0.0
2024-01-03 23:28:00+00:00,104.35989774038947,104.37611751471101,104.24456052499244,104.29691798726057,0.0
2024-01-03 23:29:00+00:00,104.29691798726057,104.39727225439216,104.29691798726057,104.31873395436268,0.0
2024-01-03 23:30:00+00:00,104.31873395436268,104.3735570391235,104.26646588586097,104.36207520027489,0.0
2024-01-03 23:31:00+00:00,104.36207520027489,104.4048339185622,104.22614861402536,104.24288023361979,0.0
2024-01-03 23:32:00+00:00,104.24288023361979,104.46921941067609,104.2302517362073,104.46599176759658,0.0
2024-01-03 23:33:00+00:00,104.46599176759658,104.61972141973932,104.42215691151802,104.61972141973932,0.0
2024-01-03 23:34:00+00:00,104.61972141973932,104.61972141973932,104.48830234847625,104.573858445115,0.0
2024-01-03 23:35:00+00:00,104.573858445115,104.58435637915488,104.50162775427289,104.5759560614507,0.0
2024-01-03 23:36:00+00:00,104.5759560614507,104.5759560614507,104.52557905927216,104.5307434956497,0.0
2024-01-03 23:37:00+00:00,104.5307434956497,104.63964455872839,104.48062223550215,104.55403788791398,0.0
2024-01-03 23:38:00+00:00,104.55403788791398,104.81627077711538,104.55403788791398,104.81627077711538,0.0
2024-01-03 23:39:00+00:00,104.81627077711538,104.8294651940113,104.75220545425,104.7731727035228,0.0
2024-01-03 23:40:00+00:00,104.7731727035228,104.92034926278987,104.7731727035228,104.8375812473709,0.0
2024-01-03 23:41:00+00:00,104.8375812473709,104.91493123757103,104.8375812473709,104.88424639426258,0.0
2024-01-03 23:42:00+00:00,104.88424639426258,104.88600518379832,104.73117105979694,104.73117105979694,0.0
2024-01-03 23:43:00+00:00,104.73117105979694,104.74303740199116,104.53689190995745,104.55924105448106,0.0
2024-01-03 23:44:00+00:00,104.55924105448106,104.61731513351101,104.44069295298274,104.48194878465536,0.0
2024-01-03 23:45:00+00:00,104.48194878465536,104.49349380579838,104.36687975896886,104.36692106999485,0.0
2024-01-03 23:46:00+00:00,104.36692106999485,104.36692106999485,104.23314852950625,104.29611962209846,0.0
2024-01-03 23:47:00+00:00,104.29611962209846,104.29611962209846,104.19329333130632,104.2084029418805,0.0
2024-01-03 23:48:00+00:00,104.2084029418805,104.23751950190076,104.16723364883838,104.20840273191364,0.0
2024-01-03 23:49:00+00:00,104.20840273191364,104.25581724665784,104.16691862326407,104.24446358629054,0.0
2024-01-03 23:50:00+00:00,104.24446358629054,104.24446358629054,104.11877301980603,104.17059754717333,0.0
2024-01-03 23:51:00+00:00,104.17059754717333,104.2375305636096,104.14889181848142,104.2375305636096,0.0
2024-01-03 23:52:00+00:00,104.2375305636096,104.40006966819531,104.23288035019286,104.40006966819531,0.0
2024-01-03 23:53:00+00:00,104.40006966819531,104.5422345837084,104.36513742783244,104.47357597406852,0.0
2024-01-03 23:54:00+00:00,104.47357597406852,104.51240503291615,104.44857611920219,104.44857611920219,0.0
2024-01-03 23:55:00+00:00,104.44857611920219,104.44857611920219,104.31137493660313,104.40307045763865,0.0
2024-01-03 23:56:00+00:00,104.40307045763865,104.40307045763865,104.14975103626799,104.14975103626799,0.0
2024-01-03 23:57:00+00:00,104.14975103626799,104.15675383355875,104.04759685968553,104.15675383355875,0.0
2024-01-03 23:58:00+00:00,104.15675383355875,104.19562460680169,104.05414841557239,104.05414841557239,0.0
2024-01-03 23:59:00+00:00,104.05414841557239,104.2036902119783,104.05414841557239,104.08841389195987,0.0
