strategy_id,entry_time,exit_time,direction,entry_price,exit_price,size,pnl,return_pct,exit_reason
A,2023-07-20T12:00:00+00:00,2023-07-20T14:00:00+00:00,short,1.1199482316970826,1.1175018239021304,1.0,0.002446407794952199,0.0021843936404498825,take_profit
A,2023-07-21T13:00:00+00:00,2023-07-21T20:00:00+00:00,short,1.1120946044921876,1.1129660606384277,1.0,-0.0008714561462401793,-0.0007836169177694282,end_of_day
A,2023-07-24T10:00:00+00:00,2023-07-24T18:00:00+00:00,long,1.1093933944702148,1.1071745157241821,1.0,-0.0022188787460326598,-0.002000082889525653,stop_loss
A,2023-07-24T19:00:00+00:00,2023-07-24T20:00:00+00:00,short,1.1066745157241822,1.1068068742752075,1.0,-0.00013235855102533556,-0.00011960025205669726,end_of_day
A,2023-07-25T09:00:00+00:00,2023-07-25T20:00:00+00:00,short,1.1050831909179688,1.1058276891708374,1.0,-0.0007444982528685973,-0.0006737033546317528,end_of_day
A,2023-07-27T10:00:00+00:00,2023-07-27T12:00:00+00:00,long,1.1147061948776245,1.1128422021865845,1.0,-0.001863992691039984,-0.0016721829479422767,stop_loss
A,2023-07-28T09:00:00+00:00,2023-07-28T11:00:00+00:00,long,1.0975927476882934,1.1012264800071714,1.0,0.00363373231887798,0.0033106380545345295,take_profit
A,2023-07-31T13:00:00+00:00,2023-07-31T16:00:00+00:00,long,1.1043745641708373,1.1014429330825806,1.0,-0.002931631088256781,-0.0026545623046451135,stop_loss
A,2023-07-31T17:00:00+00:00,2023-07-31T20:00:00+00:00,short,1.1009429330825806,1.1001100540161133,1.0,0.0008328790664673402,0.0007565142946467933,end_of_day
A,2023-08-01T12:00:00+00:00,2023-08-01T20:00:00+00:00,short,1.0969539518356324,1.098659634590149,1.0,-0.0017056827545165465,-0.001554926486806737,end_of_day
A,2023-08-03T09:00:00+00:00,2023-08-03T12:00:00+00:00,long,1.0931573276519775,1.0955175471305845,1.0,0.002360219478606984,0.002159084899221747,take_profit
A,2023-08-03T13:00:00+00:00,2023-08-03T15:00:00+00:00,long,1.0931573276519775,1.0955175471305845,1.0,0.002360219478606984,0.002159084899221747,take_profit
A,2023-08-04T12:00:00+00:00,2023-08-04T13:00:00+00:00,long,1.0960302715301513,1.0987583112716672,1.0,0.0027280397415159197,0.0024890186086807117,take_profit
A,2023-08-07T09:00:00+00:00,2023-08-07T12:00:00+00:00,short,1.0971948738098145,1.0992635488510132,1.0,-0.0020686750411986754,-0.0018854217154839308,stop_loss
A,2023-08-07T13:00:00+00:00,2023-08-07T20:00:00+00:00,long,1.0997635488510131,1.100594401359558,1.0,0.0008308525085449769,0.0007554828575769918,end_of_day
A,2023-08-08T09:00:00+00:00,2023-08-08T11:00:00+00:00,short,1.0973153944015503,1.0947556185722354,1.0,0.002559775829314992,0.002332762159698883,take_profit
A,2023-08-10T12:00:00+00:00,2023-08-10T13:00:00+00:00,long,1.1032790307998657,1.1012003421783447,1.0,-0.002078688621520941,-0.0018841005434626214,stop_loss
A,2023-08-10T14:00:00+00:00,2023-08-10T17:00:00+00:00,long,1.1032790307998657,1.1012003421783447,1.0,-0.002078688621520941,-0.0018841005434626214,stop_loss
A,2023-08-11T09:00:00+00:00,2023-08-11T11:00:00+00:00,short,1.0988843078613282,1.100473165512085,1.0,-0.0015888576507567809,-0.0014458825550517226,stop_loss
A,2023-08-11T12:00:00+00:00,2023-08-11T13:00:00+00:00,short,1.0988843078613282,1.0965010213851931,1.0,0.0023832864761350603,0.002168823832577483,take_profit
A,2023-08-14T11:00:00+00:00,2023-08-14T12:00:00+00:00,short,1.0943106050491334,1.0914001750946047,1.0,0.002910429954528615,0.002659601342708307,take_profit
A,2023-08-15T09:00:00+00:00,2023-08-15T12:00:00+00:00,long,1.0942328338623046,1.0921800136566162,1.0,-0.0020528202056884215,-0.0018760360155183782,stop_loss
A,2023-08-15T13:00:00+00:00,2023-08-15T16:00:00+00:00,long,1.0942328338623046,1.0921800136566162,1.0,-0.0020528202056884215,-0.0018760360155183782,stop_loss
A,2023-08-15T18:00:00+00:00,2023-08-15T20:00:00+00:00,short,1.0916800136566163,1.0907504558563232,1.0,0.0009295578002930238,0.0008514929179471198,end_of_day
A,2023-08-17T11:00:00+00:00,2023-08-17T12:00:00+00:00,long,1.0891130332946777,1.091816039085388,1.0,0.0027030057907102556,0.002481841377412763,take_profit
A,2023-08-17T14:00:00+00:00,2023-08-17T15:00:00+00:00,long,1.0891130332946777,1.087311029434204,1.0,-0.0018020038604735777,-0.0016545609182752434,stop_loss
A,2023-08-17T16:00:00+00:00,2023-08-17T17:00:00+00:00,long,1.0891130332946777,1.087311029434204,1.0,-0.0018020038604735777,-0.0016545609182752434,stop_loss
A,2023-08-17T19:00:00+00:00,2023-08-17T20:00:00+00:00,short,1.0868110294342042,1.0875475406646729,1.0,-0.0007365112304686949,-0.0006776810416178092,end_of_day
A,2023-08-18T12:00:00+00:00,2023-08-18T14:00:00+00:00,short,1.08622034740448,1.088020920753479,1.0,-0.0018005733489989684,-0.0016576501750325636,stop_loss
A,2023-08-21T09:00:00+00:00,2023-08-21T11:00:00+00:00,long,1.0897059803009033,1.0913454008102415,1.0,0.0016394205093381853,0.0015044613308311733,take_profit
A,2023-08-21T13:00:00+00:00,2023-08-21T14:00:00+00:00,long,1.0897059803009033,1.0886130332946777,1.0,-0.0010929470062255309,-0.0010029742205541834,stop_loss
A,2023-08-21T16:00:00+00:00,2023-08-21T20:00:00+00:00,long,1.0897059803009033,1.0899182558059692,1.0,0.00021227550506597304,0.00019480071588425795,end_of_day
A,2023-08-22T09:00:00+00:00,2023-08-22T13:00:00+00:00,short,1.0906074876785279,1.0868160414695742,1.0,0.003791446208953664,0.0034764534920112768,take_profit
A,2023-08-24T09:00:00+00:00,2023-08-24T12:00:00+00:00,short,1.0853942270278931,1.083405046463013,1.0,0.0019891805648801775,0.0018326802514208123,take_profit
A,2023-08-25T09:00:00+00:00,2023-08-25T14:00:00+00:00,long,1.0795978670120239,1.0771219730377197,1.0,-0.002475893974304144,-0.002293348338262852,stop_loss_intrabar_conflict
A,2023-08-25T16:00:00+00:00,2023-08-25T20:00:00+00:00,long,1.0795978670120239,1.0800302028656006,1.0,0.0004323358535767152,0.00040046008498820067,end_of_day
A,2023-08-28T10:00:00+00:00,2023-08-28T13:00:00+00:00,long,1.0818149213790893,1.080263614654541,1.0,-0.0015513067245482848,-0.0014339853277034588,stop_loss
A,2023-08-28T19:00:00+00:00,2023-08-28T20:00:00+00:00,long,1.0818149213790893,1.0822510719299316,1.0,0.0004361505508423402,0.0004031655898093353,end_of_day
A,2023-08-29T12:00:00+00:00,2023-08-29T14:00:00+00:00,short,1.08069797706604,1.0824854373931885,1.0,-0.0017874603271483824,-0.0016539869279677138,stop_loss
A,2023-08-29T15:00:00+00:00,2023-08-29T16:00:00+00:00,long,1.0829854373931884,1.0856666278839109,1.0,0.0026811904907224626,0.0024757401144527395,take_profit
A,2023-08-31T09:00:00+00:00,2023-08-31T15:00:00+00:00,short,1.087520920753479,1.0844593930244448,1.0,0.00306152772903423,0.0028151437554995063,take_profit
A,2023-09-01T11:00:00+00:00,2023-09-01T12:00:00+00:00,short,1.0844517583847046,1.085894227027893,1.0,-0.0014424686431884215,-0.0013301362942478737,stop_loss
A,2023-09-01T13:00:00+00:00,2023-09-01T14:00:00+00:00,long,1.086394227027893,1.0849517583847046,1.0,-0.0014424686431884215,-0.0013277580157385965,stop_loss
A,2023-09-04T11:00:00+00:00,2023-09-04T14:00:00+00:00,long,1.0808803205490112,1.0794472694396973,1.0,-0.0014330511093139098,-0.0013258184852380517,stop_loss
A,2023-09-04T15:00:00+00:00,2023-09-04T20:00:00+00:00,short,1.0789472694396973,1.0800302028656006,1.0,-0.0010829334259032652,-0.0010036944868173567,end_of_day
A,2023-09-05T11:00:00+00:00,2023-09-05T20:00:00+00:00,short,1.0740755434036255,1.0725010633468628,1.0,0.0015744800567627504,0.0014658932199251077,end_of_day
A,2023-09-07T12:00:00+00:00,2023-09-07T20:00:00+00:00,short,1.0706225271224976,1.0698620080947876,1.0,0.000760519027710016,0.0007103521628244234,end_of_day
A,2023-09-08T09:00:00+00:00,2023-09-08T13:00:00+00:00,short,1.0706225271224976,1.071926236152649,1.0,-0.0013037090301513121,-0.001217711188699979,stop_loss
A,2023-09-08T14:00:00+00:00,2023-09-08T15:00:00+00:00,long,1.0724262361526489,1.0711225271224976,1.0,-0.0013037090301513121,-0.0012156631255389602,stop_loss
A,2023-09-08T16:00:00+00:00,2023-09-08T20:00:00+00:00,short,1.0706225271224976,1.0702054500579834,1.0,0.0004170770645142152,0.0003895649997531711,end_of_day
A,2023-09-11T12:00:00+00:00,2023-09-11T13:00:00+00:00,short,1.0721161003112794,1.0735372304916382,1.0,-0.0014211301803588317,-0.0013255375793220707,stop_loss
A,2023-09-11T14:00:00+00:00,2023-09-11T20:00:00+00:00,long,1.0740372304916381,1.0751532316207886,1.0,0.0011160011291504457,0.001039071176927078,end_of_day
A,2023-09-12T12:00:00+00:00,2023-09-12T15:00:00+00:00,short,1.0710816020965577,1.0725010633468628,1.0,-0.0014194612503051207,-0.0013252596697829906,stop_loss
A,2023-09-12T16:00:00+00:00,2023-09-12T20:00:00+00:00,long,1.0730010633468627,1.0751302552223203,1.0,0.00212919187545757,0.0019843334253707807,take_profit
A,2023-09-14T09:00:00+00:00,2023-09-14T12:00:00+00:00,short,1.0730372304916382,1.0742292404174805,1.0,-0.00119200992584223,-0.0011108747133555484,stop_loss_intrabar_conflict
A,2023-09-15T10:00:00+00:00,2023-09-15T13:00:00+00:00,short,1.0660528774261475,1.067121982574463,1.0,-0.0010691051483153746,-0.0010028631514945078,stop_loss
A,2023-09-15T14:00:00+00:00,2023-09-15T15:00:00+00:00,long,1.0676219825744628,1.0665528774261475,1.0,-0.0010691051483153746,-0.0010013892236813403,stop_loss
A,2023-09-15T16:00:00+00:00,2023-09-15T18:00:00+00:00,long,1.0676219825744628,1.0665528774261475,1.0,-0.0010691051483153746,-0.0010013892236813403,stop_loss
A,2023-09-15T20:00:00+00:00,2023-09-15T20:00:00+00:00,short,1.0660528774261475,1.0663254261016846,1.0,-0.0002725486755370543,-0.0002556614979503543,end_of_day
A,2023-09-18T09:00:00+00:00,2023-09-18T13:00:00+00:00,long,1.0672804479598998,1.065870761871338,1.0,-0.0014096860885619567,-0.0013208206814399749,stop_loss
A,2023-09-18T14:00:00+00:00,2023-09-18T15:00:00+00:00,long,1.0672804479598998,1.0693949770927427,1.0,0.002114529132842824,0.0019812310221598585,take_profit
A,2023-09-19T10:00:00+00:00,2023-09-19T13:00:00+00:00,long,1.07013312625885,1.0687185525894165,1.0,-0.0014145736694335387,-0.0013218670039482298,stop_loss
A,2023-09-19T16:00:00+00:00,2023-09-19T20:00:00+00:00,short,1.0682185525894166,1.068261981010437,1.0,-4.3428421020452745e-05,-4.065499603538997e-05,end_of_day
A,2023-09-21T11:00:00+00:00,2023-09-21T14:00:00+00:00,short,1.0650300617218018,1.0665528774261475,1.0,-0.001522815704345648,-0.0014298335409272467,stop_loss
A,2023-09-21T15:00:00+00:00,2023-09-21T20:00:00+00:00,long,1.0670528774261474,1.066439151763916,1.0,-0.0006137256622313902,-0.0005751595588325165,end_of_day
A,2023-09-22T09:00:00+00:00,2023-09-22T12:00:00+00:00,short,1.0638960237503052,1.065303087234497,1.0,-0.0014070634841918395,-0.0013225573296456602,stop_loss
A,2023-09-22T13:00:00+00:00,2023-09-22T18:00:00+00:00,long,1.065803087234497,1.0643960237503052,1.0,-0.0014070634841918395,-0.001320190850490808,stop_loss
A,2023-09-25T13:00:00+00:00,2023-09-25T14:00:00+00:00,short,1.062199317932129,1.059074311256409,1.0,0.0031250066757200212,0.0029420153289156027,take_profit
A,2023-09-26T12:00:00+00:00,2023-09-26T14:00:00+00:00,long,1.0608330135345458,1.0586491823196411,1.0,-0.00218383121490473,-0.0020586003518390824,stop_loss
A,2023-09-26T15:00:00+00:00,2023-09-26T20:00:00+00:00,short,1.0581491823196412,1.0575296878814697,1.0,0.0006194944381714418,0.0005854509444626755,end_of_day
A,2023-09-28T09:00:00+00:00,2023-09-28T14:00:00+00:00,long,1.0531316165924072,1.0565364670753477,1.0,0.00340485048294048,0.0032330721339061813,take_profit
A,2023-09-29T11:00:00+00:00,2023-09-29T17:00:00+00:00,short,1.05972047996521,1.0567755389213564,1.0,0.002944941043853566,0.002778979079417477,take_profit
A,2023-10-02T09:00:00+00:00,2023-10-02T13:00:00+00:00,short,1.0558008785247803,1.0523684906959536,1.0,0.0034323878288267107,0.00325098027349875,take_profit
A,2023-10-03T11:00:00+00:00,2023-10-03T15:00:00+00:00,short,1.047827922821045,1.0452624249458315,1.0,0.0025654978752134294,0.002448396172060765,take_profit
A,2023-10-03T18:00:00+00:00,2023-10-03T20:00:00+00:00,short,1.047827922821045,1.0469011068344116,1.0,0.0009268159866333558,0.0008845116325380114,end_of_day
A,2023-10-05T11:00:00+00:00,2023-10-05T12:00:00+00:00,long,1.0525778894424438,1.0505305528640747,1.0,-0.0020473365783690856,-0.0019450689577505478,stop_loss
A,2023-10-05T13:00:00+00:00,2023-10-05T20:00:00+00:00,long,1.0525778894424438,1.055297613143921,1.0,0.002719723701477106,0.0025838693067339255,end_of_day
A,2023-10-06T10:00:00+00:00,2023-10-06T12:00:00+00:00,long,1.0560204153060913,1.0545185804367065,1.0,-0.0015018348693847106,-0.0014221646169116896,stop_loss
A,2023-10-06T14:00:00+00:00,2023-10-06T15:00:00+00:00,short,1.0540185804367066,1.0555204153060913,1.0,-0.0015018348693847106,-0.0014248656496761776,stop_loss
A,2023-10-09T13:00:00+00:00,2023-10-09T20:00:00+00:00,long,1.0549073581695556,1.0569707155227661,1.0,0.0020633573532105043,0.0019559607175276337,end_of_day
A,2023-10-10T15:00:00+00:00,2023-10-10T20:00:00+00:00,long,1.0616205101013183,1.060895323753357,1.0,-0.0007251863479613707,-0.0006830937619057122,end_of_day
A,2023-10-12T11:00:00+00:00,2023-10-12T12:00:00+00:00,short,1.0617477531433106,1.0599817323684695,1.0,0.001766020774841115,0.0016633148218235451,take_profit
A,2023-10-13T09:00:00+00:00,2023-10-13T10:00:00+00:00,short,1.0549089546203614,1.0531558084487918,1.0,0.0017531461715696306,0.001661893345289262,take_profit
A,2023-10-16T14:00:00+00:00,2023-10-16T20:00:00+00:00,long,1.0550185804367065,1.0563008785247803,1.0,0.0012822980880737855,0.0012154270188710805,end_of_day
A,2023-10-17T09:00:00+00:00,2023-10-17T14:00:00+00:00,long,1.05557493019104,1.058492691516876,1.0,0.002917761325835988,0.002764144204625934,take_profit
A,2023-10-19T10:00:00+00:00,2023-10-19T12:00:00+00:00,long,1.0550185804367065,1.0576012444496152,1.0,0.002582664012908742,0.0024479796477515055,take_profit
A,2023-10-20T14:00:00+00:00,2023-10-20T20:00:00+00:00,long,1.0602710609436035,1.0597710609436035,1.0,-0.0004999999999999449,-0.00047157752240730095,end_of_day
A,2023-10-23T12:00:00+00:00,2023-10-23T13:00:00+00:00,long,1.0617331628799438,1.05988347530365,1.0,-0.0018496875762938902,-0.0017421397776411407,stop_loss
A,2023-10-23T14:00:00+00:00,2023-10-23T15:00:00+00:00,long,1.0617331628799438,1.0645076942443845,1.0,0.0027745313644407243,0.0026132096664616064,take_profit
A,2023-10-24T09:00:00+00:00,2023-10-24T13:00:00+00:00,short,1.0643492574691773,1.0612144160270693,1.0,0.0031348414421079607,0.002945312753411437,take_profit
A,2023-10-26T10:00:00+00:00,2023-10-26T12:00:00+00:00,short,1.054241144180298,1.0554089546203613,1.0,-0.0011678104400634215,-0.0011077261084999931,stop_loss
A,2023-10-26T13:00:00+00:00,2023-10-26T14:00:00+00:00,long,1.0559089546203613,1.0547411441802979,1.0,-0.0011678104400634215,-0.001105976452755146,stop_loss
A,2023-10-26T15:00:00+00:00,2023-10-26T17:00:00+00:00,short,1.054241144180298,1.0554089546203613,1.0,-0.0011678104400634215,-0.0011077261084999931,stop_loss
A,2023-10-26T18:00:00+00:00,2023-10-26T20:00:00+00:00,long,1.0559089546203613,1.0565240383148193,1.0,0.0006150836944580629,0.0005825158426459301,end_of_day
A,2023-10-27T11:00:00+00:00,2023-10-27T12:00:00+00:00,short,1.0552432174682618,1.0565240383148193,1.0,-0.0012808208465575621,-0.0012137683761953059,stop_loss
A,2023-10-27T13:00:00+00:00,2023-10-27T14:00:00+00:00,long,1.0570240383148193,1.0589452695846555,1.0,0.0019212312698362322,0.0018175852205775677,take_profit
A,2023-10-27T17:00:00+00:00,2023-10-27T20:00:00+00:00,long,1.0570240383148193,1.0566357374191284,1.0,-0.0003883008956908629,-0.00036735294715711385,end_of_day
A,2023-10-30T09:00:00+00:00,2023-10-30T11:00:00+00:00,long,1.0568008785247802,1.0593898010253904,1.0,0.002588922500610158,0.0024497732290155853,take_profit
A,2023-10-31T09:00:00+00:00,2023-10-31T13:00:00+00:00,long,1.065236008644104,1.062022089958191,1.0,-0.003213918685913031,-0.003017095422829255,stop_loss
A,2023-10-31T14:00:00+00:00,2023-10-31T16:00:00+00:00,short,1.061522089958191,1.0567012119293215,1.0,0.004820878028869435,0.004541476879731546,take_profit
A,2023-11-02T09:00:00+00:00,2023-11-02T12:00:00+00:00,long,1.0615079765319824,1.0644500565528867,1.0,0.0029420800209043474,0.0027716042516386166,take_profit
A,2023-11-02T16:00:00+00:00,2023-11-02T20:00:00+00:00,long,1.0615079765319824,1.0623606443405151,1.0,0.0008526678085327699,0.0008032608584991445,end_of_day
A,2023-11-03T09:00:00+00:00,2023-11-03T12:00:00+00:00,long,1.0639903907775878,1.0664350104331968,1.0,0.0024446196556089372,0.0022975956143949333,take_profit
A,2023-11-06T15:00:00+00:00,2023-11-06T20:00:00+00:00,short,1.0731525058746338,1.0722709894180298,1.0,0.000881516456604059,0.0008214270122638451,end_of_day
A,2023-11-07T09:00:00+00:00,2023-11-07T11:00:00+00:00,short,1.0693620080947877,1.0670652675628665,1.0,0.002296740531921193,0.002147767093402865,take_profit
A,2023-11-07T16:00:00+00:00,2023-11-07T20:00:00+00:00,short,1.0693620080947877,1.0697474479675293,1.0,-0.00038543987274164415,-0.0003604390934257681,end_of_day
A,2023-11-09T10:00:00+00:00,2023-11-09T14:00:00+00:00,short,1.0692474479675294,1.071237325668335,1.0,-0.001989877700805609,-0.001861007669074219,stop_loss
A,2023-11-09T15:00:00+00:00,2023-11-09T18:00:00+00:00,long,1.071737325668335,1.0697474479675293,1.0,-0.001989877700805609,-0.0018566841455901727,stop_loss
A,2023-11-09T19:00:00+00:00,2023-11-09T20:00:00+00:00,short,1.0692474479675294,1.0666667222976685,1.0,0.002580725669860895,0.002413590675167331,end_of_day
A,2023-11-10T10:00:00+00:00,2023-11-10T15:00:00+00:00,long,1.0685338144302368,1.0667804479599,1.0,-0.001753366470336859,-0.0016409087355572255,stop_loss
A,2023-11-10T18:00:00+00:00,2023-11-10T20:00:00+00:00,long,1.0685338144302368,1.0688328742980957,1.0,0.0002990598678589418,0.00027987871213828303,end_of_day
A,2023-11-13T09:00:00+00:00,2023-11-13T11:00:00+00:00,long,1.0702474479675292,1.0689470767974854,1.0,-0.0013003711700438902,-0.0012150191738493571,stop_loss
A,2023-11-13T12:00:00+00:00,2023-11-13T16:00:00+00:00,short,1.0684470767974854,1.0697474479675293,1.0,-0.0013003711700438902,-0.0012170665241946878,stop_loss
A,2023-11-13T17:00:00+00:00,2023-11-13T20:00:00+00:00,long,1.0702474479675292,1.0703200101852417,1.0,7.256221771245741e-05,6.779947744819001e-05,end_of_day
A,2023-11-14T09:00:00+00:00,2023-11-14T13:00:00+00:00,long,1.071737325668335,1.0743786406517026,1.0,0.0026413149833677263,0.0024645171163751372,take_profit
A,2023-11-16T13:00:00+00:00,2023-11-16T15:00:00+00:00,long,1.0862763290405273,1.0893219423294065,1.0,0.003045613288879201,0.002803718729256756,take_profit
A,2023-11-16T16:00:00+00:00,2023-11-16T20:00:00+00:00,long,1.0862763290405273,1.0849517583847046,1.0,-0.0013245706558226988,-0.001219368056185712,end_of_day
A,2023-11-17T09:00:00+00:00,2023-11-17T18:00:00+00:00,long,1.0856871967315673,1.0899625134468076,1.0,0.004275316715240285,0.0039378899632518585,take_profit
A,2023-11-20T09:00:00+00:00,2023-11-20T20:00:00+00:00,long,1.093635118484497,1.0945708751678467,1.0,0.0009357566833496644,0.0008556388392559921,end_of_day
A,2023-11-21T11:00:00+00:00,2023-11-21T18:00:00+00:00,short,1.0943106050491334,1.090859262943268,1.0,0.003451342105865285,0.003153896242932164,take_profit
A,2023-11-23T14:00:00+00:00,2023-11-23T20:00:00+00:00,short,1.0898936624526978,1.090869426727295,1.0,-0.0009757642745971129,-0.0008952839237556919,end_of_day
A,2023-11-24T12:00:00+00:00,2023-11-24T20:00:00+00:00,long,1.0926800136566162,1.0948106050491333,1.0,0.002130591392517145,0.0019498767854160652,end_of_day
A,2023-11-27T14:00:00+00:00,2023-11-27T19:00:00+00:00,short,1.0937115783691407,1.0955302715301514,1.0,-0.0018186931610106871,-0.001662863589432402,stop_loss
A,2023-11-28T09:00:00+00:00,2023-11-28T14:00:00+00:00,long,1.095670259475708,1.0980378103256223,1.0,0.002367550849914357,0.002160824234699279,take_profit
A,2023-11-30T10:00:00+00:00,2023-11-30T20:00:00+00:00,short,1.0919185514450074,1.0887316465377808,1.0,0.0031869049072266176,0.002918628777768431,end_of_day
A,2023-12-01T12:00:00+00:00,2023-12-01T14:00:00+00:00,short,1.0884687538146973,1.085224657058716,1.0,0.0032440967559812517,0.002980422492250551,take_profit
A,2023-12-01T16:00:00+00:00,2023-12-01T20:00:00+00:00,short,1.0884687538146973,1.0882576704025269,1.0,0.00021108341217046522,0.0001939269376642119,end_of_day
A,2023-12-04T09:00:00+00:00,2023-12-04T13:00:00+00:00,long,1.0879292850494384,1.0860122442245483,1.0,-0.0019170408248900817,-0.001762100580648462,stop_loss
A,2023-12-04T14:00:00+00:00,2023-12-04T15:00:00+00:00,short,1.0855122442245484,1.0826366829872134,1.0,0.0028755612373350115,0.00264903620630204,take_profit
A,2023-12-05T09:00:00+00:00,2023-12-05T14:00:00+00:00,long,1.0840410356521606,1.0810810327529907,1.0,-0.002960002899169867,-0.0027305266146028548,stop_loss
A,2023-12-05T15:00:00+00:00,2023-12-05T16:00:00+00:00,long,1.0840410356521606,1.0810810327529907,1.0,-0.002960002899169867,-0.0027305266146028548,stop_loss
A,2023-12-07T10:00:00+00:00,2023-12-07T13:00:00+00:00,short,1.07708629322052,1.078515887260437,1.0,-0.0014295940399169371,-0.0013272790201817612,stop_loss
A,2023-12-07T14:00:00+00:00,2023-12-07T15:00:00+00:00,long,1.079015887260437,1.07758629322052,1.0,-0.0014295940399169371,-0.0013249054594984687,stop_loss
A,2023-12-07T16:00:00+00:00,2023-12-07T17:00:00+00:00,long,1.079015887260437,1.0811602783203123,1.0,0.0021443910598752947,0.0019873581892476,take_profit
A,2023-12-08T13:00:00+00:00,2023-12-08T14:00:00+00:00,short,1.0775508518218995,1.0747062253952029,1.0,0.0028446264266965837,0.00263989993779593,take_profit
A,2023-12-08T15:00:00+00:00,2023-12-08T17:00:00+00:00,short,1.0775508518218995,1.0747062253952029,1.0,0.0028446264266965837,0.00263989993779593,take_profit
A,2023-12-11T10:00:00+00:00,2023-12-11T14:00:00+00:00,long,1.0778539543151855,1.0755001306533813,1.0,-0.002353823661804144,-0.002183805748803553,stop_loss
A,2023-12-11T15:00:00+00:00,2023-12-11T20:00:00+00:00,short,1.0750001306533814,1.076774001121521,1.0,-0.0017738704681395934,-0.0016501118628343245,end_of_day
A,2023-12-12T09:00:00+00:00,2023-12-12T14:00:00+00:00,long,1.0799472694396972,1.077702283859253,1.0,-0.002244985580444281,-0.00207879184842889,stop_loss
A,2023-12-12T17:00:00+00:00,2023-12-12T20:00:00+00:00,long,1.0799472694396972,1.0800302028656006,1.0,8.293342590337538e-05,7.679395860355594e-05,end_of_day
A,2023-12-14T09:00:00+00:00,2023-12-14T14:00:00+00:00,long,1.0912504558563232,1.0955618929862974,1.0,0.004311437129974172,0.003950914390767344,take_profit
A,2023-12-15T12:00:00+00:00,2023-12-15T20:00:00+00:00,short,1.094670259475708,1.0897995233535767,1.0,0.004870736122131403,0.004449500733183562,end_of_day
A,2023-12-18T10:00:00+00:00,2023-12-18T13:00:00+00:00,short,1.0914414758682252,1.0926573276519775,1.0,-0.0012158517837523863,-0.0011139871542678865,stop_loss
A,2023-12-18T14:00:00+00:00,2023-12-18T15:00:00+00:00,long,1.0931573276519775,1.091941475868225,1.0,-0.0012158517837523863,-0.0011122386073777208,stop_loss
A,2023-12-19T09:00:00+00:00,2023-12-19T13:00:00+00:00,long,1.0949511890411376,1.0976752948760984,1.0,0.002724105834960744,0.0024878787860363686,take_profit
A,2023-12-21T11:00:00+00:00,2023-12-21T13:00:00+00:00,long,1.0962703590393066,1.0993585300445554,1.0,0.00308817100524883,0.0028169793881457155,take_profit
A,2023-12-22T10:00:00+00:00,2023-12-22T14:00:00+00:00,long,1.1019429330825805,1.1043292593955991,1.0,0.002386326313018605,0.002165562518145186,take_profit
A,2023-12-22T15:00:00+00:00,2023-12-22T17:00:00+00:00,long,1.1019429330825805,1.1003520488739014,1.0,-0.0015908842086791442,-0.001443708345430191,stop_loss
A,2023-12-22T18:00:00+00:00,2023-12-22T20:00:00+00:00,long,1.1019429330825805,1.1015641689300537,1.0,-0.0003787641525268004,-0.00034372392721576217,end_of_day
A,2023-12-26T15:00:00+00:00,2023-12-26T20:00:00+00:00,long,1.1034006242752075,1.1046061515808105,1.0,0.0012055273056030824,0.0010925563019279232,end_of_day
A,2023-12-28T09:00:00+00:00,2023-12-28T13:00:00+00:00,long,1.1128470067977905,1.110987663269043,1.0,-0.0018593435287475035,-0.0016707988765659275,stop_loss
A,2023-12-28T14:00:00+00:00,2023-12-28T16:00:00+00:00,short,1.110487663269043,1.1076986479759219,1.0,0.0027890152931211443,0.002511522987036945,take_profit
A,2023-12-29T09:00:00+00:00,2023-12-29T11:00:00+00:00,short,1.1056947345733643,1.108033299446106,1.0,-0.002338564872741644,-0.002115018548626793,stop_loss
A,2023-12-29T12:00:00+00:00,2023-12-29T15:00:00+00:00,short,1.1056947345733643,1.108033299446106,1.0,-0.002338564872741644,-0.002115018548626793,stop_loss
A,2023-12-29T16:00:00+00:00,2023-12-29T20:00:00+00:00,short,1.1056947345733643,1.1043622493743896,1.0,0.0013324851989746644,0.0012051112819026022,end_of_day
A,2024-01-02T09:00:00+00:00,2024-01-02T11:00:00+00:00,short,1.1017927761077881,1.0983044195175173,1.0,0.0034883565902708025,0.003166073208969322,take_profit
A,2024-01-04T09:00:00+00:00,2024-01-04T13:00:00+00:00,long,1.0962703590393066,1.0938525199890137,1.0,-0.0024178390502929137,-0.0022055134760842533,stop_loss
A,2024-01-04T15:00:00+00:00,2024-01-04T20:00:00+00:00,long,1.0962703590393066,1.095170259475708,1.0,-0.0011000995635985777,-0.0010034929381495152,end_of_day
A,2024-01-05T13:00:00+00:00,2024-01-05T14:00:00+00:00,short,1.0901314849853516,1.0927767753601074,1.0,-0.0026452903747558043,-0.0024265791890153046,stop_loss
A,2024-01-08T13:00:00+00:00,2024-01-08T16:00:00+00:00,long,1.0951906805038452,1.098094673156738,1.0,0.002903992652892873,0.002651586344358668,take_profit
A,2024-01-09T10:00:00+00:00,2024-01-09T20:00:00+00:00,short,1.0938313837051392,1.093135118484497,1.0,0.0006962652206421449,0.0006365379810951146,end_of_day
A,2024-01-11T09:00:00+00:00,2024-01-11T11:00:00+00:00,short,1.0970743532180787,1.0984183549880981,1.0,-0.0013440017700194762,-0.0012250781053053318,stop_loss
A,2024-01-11T12:00:00+00:00,2024-01-11T13:00:00+00:00,long,1.098918354988098,1.0975743532180786,1.0,-0.0013440017700194762,-0.0012230224055489842,stop_loss
A,2024-01-11T14:00:00+00:00,2024-01-11T15:00:00+00:00,short,1.0970743532180787,1.0950583505630496,1.0,0.0020160026550291033,0.0018376171579578965,take_profit
A,2024-01-11T19:00:00+00:00,2024-01-11T20:00:00+00:00,short,1.0970743532180787,1.0984183549880981,1.0,-0.0013440017700194762,-0.0012250781053053318,stop_loss
A,2024-01-12T10:00:00+00:00,2024-01-12T14:00:00+00:00,short,1.0964723463058472,1.098538875579834,1.0,-0.0020665292739867613,-0.0018847071528517408,stop_loss
A,2024-01-12T16:00:00+00:00,2024-01-12T20:00:00+00:00,short,1.0964723463058472,1.0954102277755737,1.0,0.0010621185302734926,0.0009686687802495914,end_of_day
A,2024-01-15T09:00:00+00:00,2024-01-15T20:00:00+00:00,short,1.0955105657577515,1.0955302715301514,1.0,-1.9705772399847277e-05,-1.798775202703502e-05,end_of_day
A,2024-01-16T09:00:00+00:00,2024-01-16T20:00:00+00:00,short,1.0894182558059693,1.0875475406646729,1.0,0.0018707151412964418,0.0017171688938813095,end_of_day
A,2024-01-18T09:00:00+00:00,2024-01-18T12:00:00+00:00,long,1.0895873670578002,1.088139295578003,1.0,-0.0014480714797973082,-0.0013290090575366327,stop_loss
A,2024-01-18T13:00:00+00:00,2024-01-18T14:00:00+00:00,short,1.087639295578003,1.0854671883583071,1.0,0.0021721072196958513,0.0019970841698410046,take_profit
A,2024-01-19T11:00:00+00:00,2024-01-19T14:00:00+00:00,long,1.0888761644363403,1.087074637413025,1.0,-0.0018015270233153746,-0.0016544829266677355,stop_loss
A,2024-01-19T15:00:00+00:00,2024-01-19T20:00:00+00:00,long,1.0888761644363403,1.0897995233535767,1.0,0.0009233589172363832,0.0008479925885000546,end_of_day
A,2024-01-22T13:00:00+00:00,2024-01-22T20:00:00+00:00,short,1.0885873670578003,1.0886130332946777,1.0,-2.566623687738634e-05,-2.3577562678093753e-05,end_of_day
A,2024-01-23T09:00:00+00:00,2024-01-23T14:00:00+00:00,short,1.0891807909011841,1.0861121106147769,1.0,0.003068680286407277,0.002817420498086697,take_profit
A,2024-01-25T13:00:00+00:00,2024-01-25T15:00:00+00:00,short,1.0881130332946778,1.0850486445426943,1.0,0.003064388751983449,0.002816241197575625,take_profit
A,2024-01-26T09:00:00+00:00,2024-01-26T20:00:00+00:00,long,1.084981120109558,1.0856584310531616,1.0,0.0006773109436035707,0.0006242605802533946,end_of_day
A,2024-01-29T09:00:00+00:00,2024-01-29T14:00:00+00:00,short,1.0831584568023682,1.0811744618415835,1.0,0.0019839949607847185,0.0018316756411077125,take_profit
A,2024-01-29T20:00:00+00:00,2024-01-29T20:00:00+00:00,short,1.0831584568023682,1.0834236145019531,1.0,-0.00026515769958490587,-0.00024480047025408235,end_of_day
A,2024-01-30T10:00:00+00:00,2024-01-30T20:00:00+00:00,long,1.083806312561035,1.0847163200378418,1.0,0.0009100074768066957,0.00083964031788701,end_of_day
A,2024-02-01T09:00:00+00:00,2024-02-01T13:00:00+00:00,long,1.0800638561248779,1.082734496593475,1.0,0.0026706404685972185,0.0024726690495681554,take_profit
A,2024-02-02T09:00:00+00:00,2024-02-02T13:00:00+00:00,long,1.0897059803009033,1.0877841711044312,1.0,-0.001921809196472113,-0.0017636034225869247,stop_loss
A,2024-02-05T09:00:00+00:00,2024-02-05T20:00:00+00:00,short,1.0761580104827881,1.0745755434036255,1.0,0.0015824670791626527,0.001470478371900724,end_of_day
A,2024-02-06T09:00:00+00:00,2024-02-06T20:00:00+00:00,short,1.074306571006775,1.0759629011154175,1.0,-0.001656330108642523,-0.0015417667110518658,end_of_day
A,2024-02-08T11:00:00+00:00,2024-02-08T20:00:00+00:00,short,1.0766219730377198,1.0780508518218994,1.0,-0.0014288787841796324,-0.0013271870907000068,end_of_day
A,2024-02-09T09:00:00+00:00,2024-02-09T13:00:00+00:00,short,1.07708629322052,1.0787487030029297,1.0,-0.001662409782409613,-0.001543432307024313,stop_loss
A,2024-02-09T14:00:00+00:00,2024-02-09T20:00:00+00:00,long,1.0792487030029296,1.0788650512695312,1.0,-0.00038365173339838243,-0.00035548037475597596,end_of_day
A,2024-02-12T09:00:00+00:00,2024-02-12T20:00:00+00:00,short,1.077318512916565,1.077702283859253,1.0,-0.0003837709426879332,-0.0003562279289612979,end_of_day
A,2024-02-13T11:00:00+00:00,2024-02-13T13:00:00+00:00,long,1.0783185129165649,1.0765421390533447,1.0,-0.0017763738632201598,-0.0016473554352837184,stop_loss
A,2024-02-15T12:00:00+00:00,2024-02-15T13:00:00+00:00,long,1.0743831758499145,1.075997562408447,1.0,0.0016143865585325212,0.0015026171247101159,take_profit
A,2024-02-16T11:00:00+00:00,2024-02-16T13:00:00+00:00,long,1.0778539543151855,1.076310396194458,1.0,-0.001543558120727484,-0.0014320661111348648,stop_loss
A,2024-02-16T14:00:00+00:00,2024-02-16T15:00:00+00:00,short,1.075810396194458,1.0773539543151855,1.0,-0.001543558120727484,-0.0014347863956210348,stop_loss
A,2024-02-16T17:00:00+00:00,2024-02-16T20:00:00+00:00,long,1.0778539543151855,1.077934741973877,1.0,8.078765869146132e-05,7.495232389140303e-05,end_of_day
A,2024-02-19T12:00:00+00:00,2024-02-19T20:00:00+00:00,short,1.077434741973877,1.078283429145813,1.0,-0.0008486871719359801,-0.0007876924131675688,end_of_day
A,2024-02-20T09:00:00+00:00,2024-02-20T10:00:00+00:00,long,1.0785508518218994,1.0805201840400693,1.0,0.0019693322181699724,0.0018259057649839651,take_profit
A,2024-02-22T09:00:00+00:00,2024-02-22T20:00:00+00:00,short,1.0852763290405274,1.0824854373931885,1.0,0.0027908916473389223,0.002571595429346826,end_of_day
A,2024-02-23T09:00:00+00:00,2024-02-23T12:00:00+00:00,short,1.0819854373931885,1.0835410356521606,1.0,-0.001555598258972113,-0.00143772568946953,stop_loss
A,2024-02-23T15:00:00+00:00,2024-02-23T20:00:00+00:00,short,1.0819854373931885,1.0824854373931885,1.0,-0.0004999999999999449,-0.00046211342844372055,end_of_day
A,2024-02-26T10:00:00+00:00,2024-02-26T20:00:00+00:00,long,1.0843934183120727,1.0854227542877197,1.0,0.0010293359756470277,0.0009492274282236558,end_of_day
A,2024-02-27T10:00:00+00:00,2024-02-27T20:00:00+00:00,short,1.0851584310531617,1.0847163200378418,1.0,0.0004421110153198793,0.00040741609950060867,end_of_day
A,2024-02-29T10:00:00+00:00,2024-02-29T11:00:00+00:00,long,1.0854517583847045,1.0835410356521606,1.0,-0.0019107227325438902,-0.0017603018446322274,stop_loss
A,2024-02-29T13:00:00+00:00,2024-02-29T14:00:00+00:00,short,1.0830410356521607,1.0849517583847046,1.0,-0.0019107227325438902,-0.0017642200707504452,stop_loss
A,2024-02-29T15:00:00+00:00,2024-02-29T16:00:00+00:00,long,1.0854517583847045,1.0835410356521606,1.0,-0.0019107227325438902,-0.0017603018446322274,stop_loss
A,2024-03-01T10:00:00+00:00,2024-03-01T11:00:00+00:00,short,1.08069797706604,1.0822510719299316,1.0,-0.0015530948638915465,-0.001437122023775787,stop_loss
A,2024-03-01T14:00:00+00:00,2024-03-01T15:00:00+00:00,short,1.08069797706604,1.0822510719299316,1.0,-0.0015530948638915465,-0.001437122023775787,stop_loss
A,2024-03-01T16:00:00+00:00,2024-03-01T20:00:00+00:00,long,1.0827510719299316,1.0841283798217773,1.0,0.0013773078918457582,0.0012720448194900409,end_of_day
A,2024-03-04T15:00:00+00:00,2024-03-04T20:00:00+00:00,long,1.0865122442245483,1.085894227027893,1.0,-0.0006180171966552184,-0.0005688083129668748,end_of_day
A,2024-03-05T18:00:00+00:00,2024-03-05T20:00:00+00:00,long,1.0860406522750854,1.086130142211914,1.0,8.948993682866835e-05,8.240017225985135e-05,end_of_day
A,2024-03-07T13:00:00+00:00,2024-03-07T14:00:00+00:00,short,1.0885873670578003,1.0901559591293335,1.0,-0.001568592071533148,-0.0014409427474550705,stop_loss
A,2024-03-08T13:00:00+00:00,2024-03-08T14:00:00+00:00,long,1.0945918922424316,1.0964185309410093,1.0,0.0018266386985776872,0.0016687851531912508,take_profit
A,2024-03-08T16:00:00+00:00,2024-03-08T20:00:00+00:00,long,1.0945918922424316,1.0939722061157227,1.0,-0.0006196861267089293,-0.0005661344023290833,end_of_day
A,2024-03-11T10:00:00+00:00,2024-03-11T20:00:00+00:00,short,1.0937115783691407,1.0928961038589478,1.0,0.0008154745101929262,0.0007456028868313706,end_of_day
A,2024-03-12T12:00:00+00:00,2024-03-12T13:00:00+00:00,long,1.0941132669448852,1.0925379991531372,1.0,-0.0015752677917479918,-0.0014397666487918973,stop_loss
A,2024-03-12T14:00:00+00:00,2024-03-12T20:00:00+00:00,short,1.0920379991531373,1.0930156707763672,1.0,-0.0009776716232299254,-0.0008952725307984689,end_of_day
A,2024-03-14T12:00:00+00:00,2024-03-14T13:00:00+00:00,short,1.0933525199890137,1.0915249872207644,1.0,0.001827532768249318,0.0016714945407247806,take_profit
A,2024-03-15T09:00:00+00:00,2024-03-15T20:00:00+00:00,long,1.0894687538146972,1.0892059803009033,1.0,-0.00026277351379389025,-0.0002411941718142971,end_of_day
A,2024-03-18T11:00:00+00:00,2024-03-18T12:00:00+00:00,long,1.0905371074676513,1.0894432067871094,1.0,-0.0010939006805419371,-0.0010030843270267954,stop_loss
A,2024-03-18T13:00:00+00:00,2024-03-18T17:00:00+00:00,short,1.0889432067871094,1.0873023557662966,1.0,0.0016408510208127947,0.0015068288323815077,take_profit
A,2024-03-19T09:00:00+00:00,2024-03-19T12:00:00+00:00,short,1.0840986604690552,1.085894227027893,1.0,-0.0017955665588378356,-0.0016562759685183547,stop_loss
A,2024-03-19T14:00:00+00:00,2024-03-19T20:00:00+00:00,long,1.086394227027893,1.08695650100708,1.0,0.0005622739791870668,0.0005175598002994823,end_of_day
A,2024-03-21T14:00:00+00:00,2024-03-21T20:00:00+00:00,short,1.0887059803009034,1.0862481594085693,1.0,0.0024578208923340394,0.002257561671200457,end_of_day
A,2024-03-22T19:00:00+00:00,2024-03-22T20:00:00+00:00,short,1.08069797706604,1.0810810327529907,1.0,-0.0003830556869506285,-0.00035445211805668113,end_of_day
A,2024-03-25T11:00:00+00:00,2024-03-25T20:00:00+00:00,long,1.0831026201248168,1.0840108394622803,1.0,0.000908219337463434,0.0008385348909586894,end_of_day
A,2024-03-26T10:00:00+00:00,2024-03-26T14:00:00+00:00,long,1.0859227542877197,1.0842459201812744,1.0,-0.0016768341064452574,-0.0015441559722589378,stop_loss
A,2024-03-26T15:00:00+00:00,2024-03-26T20:00:00+00:00,short,1.0837459201812745,1.0834236145019531,1.0,0.00032230567932134413,0.00029739967027274546,end_of_day
A,2024-03-28T09:00:00+00:00,2024-03-28T12:00:00+00:00,short,1.0788308019638062,1.0804970264434814,1.0,-0.001666224479675238,-0.0015444724757971253,stop_loss
A,2024-03-28T13:00:00+00:00,2024-03-28T18:00:00+00:00,long,1.0809970264434814,1.0793308019638062,1.0,-0.001666224479675238,-0.001541377486631185,stop_loss
A,2024-03-28T19:00:00+00:00,2024-03-28T20:00:00+00:00,short,1.0788308019638062,1.079097867012024,1.0,-0.00026706504821771837,-0.000247550447884485,end_of_day
A,2024-03-29T10:00:00+00:00,2024-03-29T20:00:00+00:00,long,1.0786670808792114,1.0796804428100586,1.0,0.001013361930847223,0.0009394575479407801,end_of_day
A,2024-04-01T12:00:00+00:00,2024-04-01T14:00:00+00:00,short,1.0781322355270386,1.0761596846580508,1.0,0.0019725508689878435,0.0018296001213836015,take_profit
A,2024-04-02T10:00:00+00:00,2024-04-02T14:00:00+00:00,long,1.0747292404174804,1.0772083711624143,1.0,0.0024791307449338884,0.0023067491342943884,take_profit
A,2024-04-04T12:00:00+00:00,2024-04-04T18:00:00+00:00,long,1.087102210998535,1.0854227542877197,1.0,-0.0016794567108153746,-0.0015448931055643284,stop_loss
A,2024-04-04T19:00:00+00:00,2024-04-04T20:00:00+00:00,short,1.0849227542877198,1.0840108394622803,1.0,0.0009119148254395082,0.0008405343346662539,end_of_day
A,2024-04-05T12:00:00+00:00,2024-04-05T13:00:00+00:00,short,1.0833934183120728,1.0812325763702395,1.0,0.0021608419418333025,0.0019945127091503794,take_profit
A,2024-04-05T15:00:00+00:00,2024-04-05T20:00:00+00:00,short,1.0833934183120728,1.0840108394622803,1.0,-0.0006174211502074645,-0.0005698956074233927,end_of_day
A,2024-04-08T13:00:00+00:00,2024-04-08T20:00:00+00:00,long,1.0842758779525756,1.0862481594085693,1.0,0.0019722814559937074,0.0018189849060535604,end_of_day
A,2024-04-09T09:00:00+00:00,2024-04-09T13:00:00+00:00,long,1.086630142211914,1.0886178922653196,1.0,0.001987750053405568,0.0018292793253087563,take_profit
A,2024-04-09T14:00:00+00:00,2024-04-09T18:00:00+00:00,long,1.086630142211914,1.0853049755096436,1.0,-0.0013251667022704527,-0.0012195195502059056,stop_loss
A,2024-04-11T09:00:00+00:00,2024-04-11T13:00:00+00:00,short,1.0737292404174805,1.0752688646316528,1.0,-0.0015396242141723082,-0.00143390359153643,stop_loss
A,2024-04-12T09:00:00+00:00,2024-04-12T12:00:00+00:00,short,1.0668497915267945,1.0640466499328616,1.0,0.002803141593932912,0.0026274941572808188,take_profit
A,2024-04-15T12:00:00+00:00,2024-04-15T14:00:00+00:00,short,1.065257155418396,1.0634841609001162,1.0,0.0017729945182798357,0.0016643817028231694,take_profit
A,2024-04-16T09:00:00+00:00,2024-04-16T12:00:00+00:00,long,1.0631993179321289,1.0656416130065915,1.0,0.002442295074462697,0.0022971187370707147,take_profit
A,2024-04-16T13:00:00+00:00,2024-04-16T17:00:00+00:00,long,1.0631993179321289,1.0615711212158203,1.0,-0.0016281967163085387,-0.001531412491380546,stop_loss
A,2024-04-16T18:00:00+00:00,2024-04-16T20:00:00+00:00,long,1.0631993179321289,1.062134861946106,1.0,-0.0010644559860228942,-0.0010011819684884763,end_of_day
A,2024-04-18T12:00:00+00:00,2024-04-18T13:00:00+00:00,short,1.0673056478500367,1.0653575944900515,1.0,0.001948053359985158,0.0018252066443284409,take_profit
A,2024-04-19T09:00:00+00:00,2024-04-19T16:00:00+00:00,long,1.066257155418396,1.0646226406097412,1.0,-0.00163451480865473,-0.0015329461568896591,stop_loss
A,2024-04-22T11:00:00+00:00,2024-04-22T20:00:00+00:00,short,1.0646895999908448,1.0656436681747437,1.0,-0.0009540681838988707,-0.0008960998434727593,end_of_day
A,2024-04-23T09:00:00+00:00,2024-04-23T13:00:00+00:00,short,1.066735827445984,1.0686043500900269,1.0,-0.0018685226440429137,-0.0017516264064333488,stop_loss
A,2024-04-25T12:00:00+00:00,2024-04-25T13:00:00+00:00,short,1.0717709894180298,1.069812743663788,1.0,0.0019582457542417497,0.0018271121103073283,take_profit
A,2024-04-25T14:00:00+00:00,2024-04-25T16:00:00+00:00,short,1.0717709894180298,1.0730764865875244,1.0,-0.0013054971694945738,-0.0012180747402049546,stop_loss
A,2024-04-25T17:00:00+00:00,2024-04-25T20:00:00+00:00,long,1.0735764865875244,1.073306918144226,1.0,-0.0002695684432982848,-0.0002510938406960983,end_of_day
A,2024-04-26T11:00:00+00:00,2024-04-26T14:00:00+00:00,short,1.0728069181442261,1.0689405488967898,1.0,0.00386636924743633,0.0036039749390547296,take_profit
A,2024-04-29T13:00:00+00:00,2024-04-29T16:00:00+00:00,short,1.070049249649048,1.0727311372756958,1.0,-0.002681887626647894,-0.002506321674004718,stop_loss
A,2024-04-29T17:00:00+00:00,2024-04-29T20:00:00+00:00,long,1.0732311372756957,1.0722709894180298,1.0,-0.0009601478576659606,-0.0008946328748001224,end_of_day
A,2024-04-30T09:00:00+00:00,2024-04-30T12:00:00+00:00,long,1.0719668035507202,1.0697474479675293,1.0,-0.002219355583190863,-0.002070358499759134,stop_loss
A,2024-04-30T14:00:00+00:00,2024-04-30T15:00:00+00:00,long,1.0719668035507202,1.0697474479675293,1.0,-0.002219355583190863,-0.002070358499759134,stop_loss
A,2024-05-02T13:00:00+00:00,2024-05-02T16:00:00+00:00,short,1.0698200101852418,1.0722709894180298,1.0,-0.002450979232788031,-0.002291020180454129,stop_loss
A,2024-05-02T18:00:00+00:00,2024-05-02T20:00:00+00:00,long,1.0727709894180297,1.0728462934494019,1.0,7.530403137212538e-05,7.019581263376376e-05,end_of_day
A,2024-05-03T11:00:00+00:00,2024-05-03T12:00:00+00:00,long,1.0751910572052001,1.0774988842010496,1.0,0.0023078269958494158,0.0021464343294002744,take_profit
A,2024-05-06T12:00:00+00:00,2024-05-06T20:00:00+00:00,long,1.0783185129165649,1.0773539543151855,1.0,-0.0009645586013793395,-0.0008945024960857483,end_of_day
A,2024-05-07T11:00:00+00:00,2024-05-07T17:00:00+00:00,long,1.077274001121521,1.0759629011154175,1.0,-0.0013111000061034606,-0.0012170534188502735,stop_loss
A,2024-05-07T18:00:00+00:00,2024-05-07T20:00:00+00:00,short,1.0754629011154175,1.0758472681045532,1.0,-0.0003843669891356871,-0.0003573967904769569,end_of_day
A,2024-05-09T12:00:00+00:00,2024-05-09T13:00:00+00:00,long,1.0743831758499145,1.0765157651901243,1.0,0.0021325893402097673,0.0019849429776510933,take_profit
A,2024-05-10T12:00:00+00:00,2024-05-10T13:00:00+00:00,short,1.0775508518218995,1.0788650512695312,1.0,-0.0013141994476317809,-0.00121961710244093,stop_loss
A,2024-05-10T14:00:00+00:00,2024-05-10T20:00:00+00:00,short,1.0775508518218995,1.0773539543151855,1.0,0.00019689750671392225,0.00018272688140983067,end_of_day
A,2024-05-13T11:00:00+00:00,2024-05-13T20:00:00+00:00,long,1.0792487030029296,1.0793308019638062,1.0,8.209896087651991e-05,7.6070474440308e-05,end_of_day
A,2024-05-14T09:00:00+00:00,2024-05-14T12:00:00+00:00,long,1.0794813995361328,1.077934741973877,1.0,-0.0015466575622558043,-0.0014327783349675346,stop_loss
A,2024-05-16T13:00:00+00:00,2024-05-16T20:00:00+00:00,short,1.0864565010070801,1.087074637413025,1.0,-0.0006181364059447692,-0.000568947220042214,end_of_day
A,2024-05-17T10:00:00+00:00,2024-05-17T14:00:00+00:00,short,1.0839811201095582,1.0862481594085693,1.0,-0.0022670392990111754,-0.002091401092651914,stop_loss
A,2024-05-20T11:00:00+00:00,2024-05-20T20:00:00+00:00,short,1.0869292850494385,1.0860122442245483,1.0,0.0009170408248901918,0.0008436987000938894,end_of_day
A,2024-05-21T13:00:00+00:00,2024-05-21T20:00:00+00:00,short,1.0857481594085694,1.0857763290405273,1.0,-2.8169631957952745e-05,-2.5944904178605612e-05,end_of_day
A,2024-05-23T11:00:00+00:00,2024-05-23T13:00:00+00:00,long,1.0852163200378417,1.0831888914108276,1.0,-0.002027428627014105,-0.0018682253386526737,stop_loss
A,2024-05-23T15:00:00+00:00,2024-05-23T20:00:00+00:00,short,1.0826888914108277,1.0818997621536255,1.0,0.0007891292572022035,0.0007288605835549922,end_of_day
A,2024-05-24T10:00:00+00:00,2024-05-24T15:00:00+00:00,long,1.0836888914108276,1.0856698465347288,1.0,0.0019809551239011736,0.0018279740058258025,take_profit
A,2024-05-27T09:00:00+00:00,2024-05-27T12:00:00+00:00,long,1.0861584310531616,1.0848339796066284,1.0,-0.001324451446533148,-0.0012193906603928239,stop_loss
A,2024-05-27T14:00:00+00:00,2024-05-27T20:00:00+00:00,long,1.0861584310531616,1.086130142211914,1.0,-2.8288841247503527e-05,-2.604485721302562e-05,end_of_day
A,2024-05-28T11:00:00+00:00,2024-05-28T13:00:00+00:00,long,1.0887576704025268,1.08695650100708,1.0,-0.0018011693954467223,-0.0016543345175982166,stop_loss
A,2024-05-28T14:00:00+00:00,2024-05-28T15:00:00+00:00,short,1.0864565010070801,1.0882576704025269,1.0,-0.0018011693954467223,-0.0016578384811330653,stop_loss
A,2024-05-28T18:00:00+00:00,2024-05-28T20:00:00+00:00,short,1.0864565010070801,1.0860122442245483,1.0,0.00044425678253179335,0.0004089043437265955,end_of_day
A,2024-05-30T12:00:00+00:00,2024-05-30T20:00:00+00:00,long,1.0825168256759643,1.0835410356521606,1.0,0.0010242099761963441,0.0009461376968037322,end_of_day
A,2024-05-31T09:00:00+00:00,2024-05-31T12:00:00+00:00,long,1.0845108394622802,1.087373168468475,1.0,0.0028623290061948747,0.002639281141361453,take_profit
A,2024-05-31T15:00:00+00:00,2024-05-31T20:00:00+00:00,long,1.0845108394622802,1.0851871967315674,1.0,0.0006763572692871644,0.0006236519218401859,end_of_day
A,2024-06-03T10:00:00+00:00,2024-06-03T11:00:00+00:00,short,1.0832758779525757,1.084481120109558,1.0,-0.0012052421569823668,-0.001112590228871625,stop_loss
A,2024-06-03T12:00:00+00:00,2024-06-03T14:00:00+00:00,long,1.084981120109558,1.0867889833450315,1.0,0.0018078632354734392,0.001666262391082793,take_profit
A,2024-06-04T10:00:00+00:00,2024-06-04T20:00:00+00:00,short,1.0872841711044312,1.088139295578003,1.0,-0.0008551244735717223,-0.000786477441958078,end_of_day
A,2024-06-06T11:00:00+00:00,2024-06-06T12:00:00+00:00,short,1.0869292850494385,1.088139295578003,1.0,-0.001210010528564398,-0.0011132375815132824,stop_loss
A,2024-06-06T13:00:00+00:00,2024-06-06T20:00:00+00:00,long,1.0886392955780029,1.0892059803009033,1.0,0.0005666847229004457,0.0005205440637705162,end_of_day
A,2024-06-07T11:00:00+00:00,2024-06-07T12:00:00+00:00,long,1.090061939239502,1.0886130332946777,1.0,-0.0014489059448241637,-0.0013291959774643766,stop_loss
A,2024-06-10T09:00:00+00:00,2024-06-10T20:00:00+00:00,short,1.0753472681045533,1.076774001121521,1.0,-0.0014267330169677184,-0.001326764905891778,end_of_day
A,2024-06-11T10:00:00+00:00,2024-06-11T20:00:00+00:00,short,1.0741910572052003,1.0744600296020508,1.0,-0.00026897239685053087,-0.0002503953044911169,end_of_day
A,2024-06-13T10:00:00+00:00,2024-06-13T12:00:00+00:00,short,1.0803473825454712,1.0816657543182373,1.0,-0.0013183717727660582,-0.0012203220871973266,stop_loss
A,2024-06-13T13:00:00+00:00,2024-06-13T14:00:00+00:00,short,1.0803473825454712,1.0783698248863223,1.0,0.0019775576591489763,0.0018304831307958873,take_profit
A,2024-06-14T09:00:00+00:00,2024-06-14T20:00:00+00:00,short,1.0689043636322022,1.0708931684494019,1.0,-0.001988804817199652,-0.0018606012706708127,end_of_day
A,2024-06-17T11:00:00+00:00,2024-06-17T20:00:00+00:00,long,1.0719668035507202,1.0736525058746338,1.0,0.0016857023239136293,0.001572532207462029,end_of_day
A,2024-06-18T12:00:00+00:00,2024-06-18T14:00:00+00:00,long,1.0732311372756957,1.0753608655929563,1.0,0.0021297283172605486,0.001984407871976841,take_profit
A,2024-06-20T10:00:00+00:00,2024-06-20T15:00:00+00:00,long,1.0731161003112792,1.0715816020965576,1.0,-0.0015344982147216246,-0.001429946130038038,stop_loss
A,2024-06-20T16:00:00+00:00,2024-06-20T20:00:00+00:00,short,1.0710816020965577,1.0705492496490479,1.0,0.0005323524475098207,0.00049702323937577,end_of_day
A,2024-06-24T09:00:00+00:00,2024-06-24T13:00:00+00:00,long,1.0725411539077758,1.074496896266937,1.0,0.0019557423591611833,0.0018234660292852044,take_profit
A,2024-06-24T17:00:00+00:00,2024-06-24T20:00:00+00:00,long,1.0725411539077758,1.0736525058746338,1.0,0.0011113519668579652,0.001036185849660671,end_of_day
A,2024-06-25T11:00:00+00:00,2024-06-25T14:00:00+00:00,short,1.072346293449402,1.0702138829231265,1.0,0.002132410526275441,0.001988546553759369,take_profit
A,2024-06-27T09:00:00+00:00,2024-06-27T12:00:00+00:00,long,1.069790041923523,1.0719110083580015,1.0,0.002120966434478566,0.0019826006518671537,take_profit
A,2024-06-28T09:00:00+00:00,2024-06-28T20:00:00+00:00,long,1.0708200101852416,1.0716965198516846,1.0,0.0008765096664429262,0.0008185406119664297,end_of_day
A,2024-07-01T11:00:00+00:00,2024-07-01T20:00:00+00:00,short,1.0747688646316529,1.0743446350097656,1.0,0.0004242296218872621,0.00039471707438478413,end_of_day
A,2024-07-02T12:00:00+00:00,2024-07-02T20:00:00+00:00,long,1.0731161003112792,1.074806571006775,1.0,0.0016904706954956605,0.0015752915225158816,end_of_day
A,2024-07-04T14:00:00+00:00,2024-07-04T20:00:00+00:00,long,1.0811137323379516,1.0814317464828491,1.0,0.000318014144897516,0.00029415419986368845,end_of_day
A,2024-07-05T12:00:00+00:00,2024-07-05T13:00:00+00:00,short,1.082102620124817,1.0833063125610352,1.0,-0.0012036924362182067,-0.0011123644041074077,stop_loss
A,2024-07-05T14:00:00+00:00,2024-07-05T15:00:00+00:00,short,1.082102620124817,1.0833063125610352,1.0,-0.0012036924362182067,-0.0011123644041074077,stop_loss
A,2024-07-05T18:00:00+00:00,2024-07-05T20:00:00+00:00,long,1.083806312561035,1.0842459201812744,1.0,0.0004396076202393129,0.00040561455967212423,end_of_day
A,2024-07-08T10:00:00+00:00,2024-07-08T12:00:00+00:00,short,1.0833934183120728,1.0845986604690552,1.0,-0.0012052421569823668,-0.0011124695208690988,stop_loss
A,2024-07-08T16:00:00+00:00,2024-07-08T20:00:00+00:00,short,1.0833934183120728,1.0827198028564453,1.0,0.0006736154556274965,0.0006217643971633033,end_of_day
A,2024-07-09T15:00:00+00:00,2024-07-09T20:00:00+00:00,short,1.0813997621536255,1.0816657543182373,1.0,-0.00026599216461176134,-0.00024597024515895355,end_of_day
A,2024-07-11T11:00:00+00:00,2024-07-11T12:00:00+00:00,long,1.0855694179534912,1.0877309751510618,1.0,0.002161557197570607,0.0019911736290854267,take_profit
A,2024-07-12T12:00:00+00:00,2024-07-12T20:00:00+00:00,long,1.0894687538146972,1.0911074876785278,1.0,0.0016387338638306215,0.001504158662736046,end_of_day
A,2024-07-15T10:00:00+00:00,2024-07-15T17:00:00+00:00,long,1.091726577758789,1.0899182558059692,1.0,-0.0018083219528197692,-0.0016563872215441364,stop_loss
A,2024-07-16T12:00:00+00:00,2024-07-16T19:00:00+00:00,short,1.0891807909011841,1.0905125141143799,1.0,-0.0013317232131957457,-0.0012226833454287078,stop_loss
A,2024-07-18T13:00:00+00:00,2024-07-18T18:00:00+00:00,short,1.0927546854019166,1.090748875141144,1.0,0.0020058102607725115,0.0018355540246755126,take_profit
A,2024-07-19T11:00:00+00:00,2024-07-19T18:00:00+00:00,long,1.0894687538146972,1.088020920753479,1.0,-0.0014478330612182067,-0.0013289349108441362,stop_loss
A,2024-07-22T12:00:00+00:00,2024-07-22T17:00:00+00:00,short,1.0883501405715943,1.0894432067871094,1.0,-0.0010930662155150817,-0.001004333233182669,stop_loss
A,2024-07-23T10:00:00+00:00,2024-07-23T20:00:00+00:00,short,1.0866928930282593,1.0856584310531616,1.0,0.0010344619750977113,0.0009519358981128537,end_of_day
A,2024-07-25T12:00:00+00:00,2024-07-25T14:00:00+00:00,short,1.0842163200378419,1.0860122442245483,1.0,-0.001795924186706488,-0.0016564260780024098,stop_loss
A,2024-07-25T15:00:00+00:00,2024-07-25T20:00:00+00:00,long,1.0865122442245483,1.0847163200378418,1.0,-0.001795924186706488,-0.0016529258609397927,stop_loss
A,2024-07-26T10:00:00+00:00,2024-07-26T20:00:00+00:00,long,1.0860406522750854,1.086130142211914,1.0,8.948993682866835e-05,8.240017225985135e-05,end_of_day
A,2024-07-29T09:00:00+00:00,2024-07-29T14:00:00+00:00,short,1.0830410356521607,1.080704598426819,1.0,0.0023364372253416033,0.0021572933512484143,take_profit
A,2024-07-30T12:00:00+00:00,2024-07-30T20:00:00+00:00,short,1.0815168256759644,1.0817828178405762,1.0,-0.00026599216461176134,-0.00024594362130752077,end_of_day
A,2024-08-01T12:00:00+00:00,2024-08-01T16:00:00+00:00,long,1.0808803205490112,1.078515887260437,1.0,-0.0023644332885741637,-0.0021875070196237805,stop_loss
A,2024-08-02T09:00:00+00:00,2024-08-02T12:00:00+00:00,long,1.0822828178405761,1.0847864460945127,1.0,0.002503628253936574,0.0023132846726070513,take_profit
A,2024-08-05T10:00:00+00:00,2024-08-05T12:00:00+00:00,short,1.094670259475708,1.0976948738098145,1.0,-0.0030246143341063902,-0.0027630369126453004,stop_loss
A,2024-08-05T13:00:00+00:00,2024-08-05T16:00:00+00:00,long,1.0981948738098144,1.095170259475708,1.0,-0.0030246143341063902,-0.002754169051630625,stop_loss
A,2024-08-06T09:00:00+00:00,2024-08-06T14:00:00+00:00,short,1.0919185514450074,1.0937328338623047,1.0,-0.0018142824172973082,-0.0016615547147691093,stop_loss
A,2024-08-08T09:00:00+00:00,2024-08-08T12:00:00+00:00,short,1.0933525199890137,1.0913452792167666,1.0,0.002007240772247121,0.0018358587331625577,take_profit
A,2024-08-09T14:00:00+00:00,2024-08-09T20:00:00+00:00,long,1.0930379991531372,1.0918222665786743,1.0,-0.0012157325744628356,-0.0011122509696870188,end_of_day
A,2024-08-12T13:00:00+00:00,2024-08-12T14:00:00+00:00,long,1.0933961038589477,1.091941475868225,1.0,-0.0014546279907226012,-0.001330376050901178,stop_loss
A,2024-08-12T15:00:00+00:00,2024-08-12T20:00:00+00:00,long,1.0933961038589477,1.0934937000274658,1.0,9.759616851812147e-05,8.925966369705644e-05,end_of_day
A,2024-08-13T09:00:00+00:00,2024-08-13T11:00:00+00:00,short,1.0919185514450074,1.0932546854019165,1.0,-0.0013361339569091246,-0.0012236571630191016,stop_loss
A,2024-08-13T12:00:00+00:00,2024-08-13T13:00:00+00:00,long,1.0937546854019164,1.09575888633728,1.0,0.002004200935363576,0.001832404434114129,take_profit
A,2024-08-15T12:00:00+00:00,2024-08-15T13:00:00+00:00,short,1.1003366346359253,1.098495333194733,1.0,0.0018413014411924333,0.0016733982885171093,take_profit
A,2024-08-16T13:00:00+00:00,2024-08-16T18:00:00+00:00,long,1.0997635488510131,1.1017813396453855,1.0,0.002017790794372365,0.0018347496573063076,take_profit
A,2024-08-19T14:00:00+00:00,2024-08-19T19:00:00+00:00,long,1.1058388118743896,1.1087851834297178,1.0,0.0029463715553281755,0.002664377053590744,take_profit
A,2024-08-20T12:00:00+00:00,2024-08-20T14:00:00+00:00,long,1.109639323234558,1.1118643593788144,1.0,0.002225036144256398,0.0020051886209029608,take_profit
A,2024-08-22T09:00:00+00:00,2024-08-22T14:00:00+00:00,short,1.113830291748047,1.1114023017883303,1.0,0.0024279899597166033,0.0021798562830483916,take_profit
A,2024-08-23T11:00:00+00:00,2024-08-23T14:00:00+00:00,short,1.1115996475219727,1.1127183437347412,1.0,-0.0011186962127684996,-0.0010063841017423376,stop_loss
A,2024-08-26T09:00:00+00:00,2024-08-26T13:00:00+00:00,short,1.117693030357361,1.1161925482749941,1.0,0.0015004820823667497,0.0013424813804976483,take_profit
A,2024-08-26T14:00:00+00:00,2024-08-26T20:00:00+00:00,short,1.117693030357361,1.1164453029632568,1.0,0.001247727394104059,0.0011163417505655575,end_of_day
A,2024-08-27T12:00:00+00:00,2024-08-27T17:00:00+00:00,short,1.1160698766708375,1.1176930665969849,1.0,-0.0016231899261474059,-0.0014543801961479992,stop_loss
A,2024-08-29T14:00:00+00:00,2024-08-29T20:00:00+00:00,short,1.107042395591736,1.108033299446106,1.0,-0.0009909038543700621,-0.0008950911530722403,end_of_day
A,2024-08-30T12:00:00+00:00,2024-08-30T20:00:00+00:00,short,1.1072877283096314,1.1050944328308105,1.0,0.002193295478820856,0.001980781889607959,end_of_day
A,2024-09-02T12:00:00+00:00,2024-09-02T20:00:00+00:00,short,1.1063068742752076,1.1075423955917358,1.0,-0.0012355213165282652,-0.001116798010803026,end_of_day
A,2024-09-03T09:00:00+00:00,2024-09-03T13:00:00+00:00,short,1.1045944328308106,1.1061947345733643,1.0,-0.0016003017425536559,-0.0014487686113467603,stop_loss
A,2024-09-03T14:00:00+00:00,2024-09-03T15:00:00+00:00,long,1.1066947345733642,1.1050944328308105,1.0,-0.0016003017425536559,-0.0014460191167084385,stop_loss
A,2024-09-03T16:00:00+00:00,2024-09-03T20:00:00+00:00,short,1.1045944328308106,1.1046061515808105,1.0,-1.1718749999944933e-05,-1.0609097467486403e-05,end_of_day
A,2024-09-05T11:00:00+00:00,2024-09-05T14:00:00+00:00,long,1.1108708744049072,1.1087703704833984,1.0,-0.002100503921508734,-0.0018908623584482514,stop_loss
A,2024-09-05T15:00:00+00:00,2024-09-05T16:00:00+00:00,short,1.1082703704833985,1.1103708744049072,1.0,-0.002100503921508734,-0.001895299177395268,stop_loss
A,2024-09-05T17:00:00+00:00,2024-09-05T20:00:00+00:00,long,1.1108708744049072,1.1114816665649414,1.0,0.0006107921600342348,0.0005498318248387201,end_of_day
A,2024-09-06T10:00:00+00:00,2024-09-06T12:00:00+00:00,short,1.111105167388916,1.1122233867645264,1.0,-0.0011182193756102965,-0.0010064028216501763,stop_loss
A,2024-09-06T13:00:00+00:00,2024-09-06T14:00:00+00:00,long,1.1127233867645263,1.111605167388916,1.0,-0.0011182193756102965,-0.0010049392229112312,stop_loss
A,2024-09-06T15:00:00+00:00,2024-09-06T16:00:00+00:00,short,1.111105167388916,1.1094278383255007,1.0,0.0016773290634153337,0.0015096042324751644,take_profit
A,2024-09-09T10:00:00+00:00,2024-09-09T20:00:00+00:00,short,1.1043502922058106,1.1038745641708374,1.0,0.0004757280349731996,0.0004307763925366366,end_of_day
A,2024-09-10T11:00:00+00:00,2024-09-10T20:00:00+00:00,short,1.1031310195922852,1.102292776107788,1.0,0.0008382434844971254,0.0007598766326115445,end_of_day
A,2024-09-12T12:00:00+00:00,2024-09-12T18:00:00+00:00,long,1.103035843849182,1.1061528038978574,1.0,0.0031169600486753435,0.002825801233981953,take_profit
A,2024-09-13T09:00:00+00:00,2024-09-13T11:00:00+00:00,long,1.1102548007965087,1.1090162992477417,1.0,-0.0012385015487670348,-0.0011155110951815029,stop_loss
A,2024-09-13T12:00:00+00:00,2024-09-13T13:00:00+00:00,short,1.1085162992477418,1.1097548007965088,1.0,-0.0012385015487670348,-0.001117260566766139,stop_loss
A,2024-09-13T16:00:00+00:00,2024-09-13T20:00:00+00:00,short,1.1085162992477418,1.1077877283096313,1.0,0.0007285709381104066,0.0006572487374383465,end_of_day
A,2024-09-16T12:00:00+00:00,2024-09-16T20:00:00+00:00,long,1.1133422021865844,1.1135857105255127,1.0,0.00024350833892827772,0.00021871832258763896,end_of_day
A,2024-09-17T12:00:00+00:00,2024-09-17T20:00:00+00:00,short,1.1130857105255128,1.111605167388916,1.0,0.0014805431365967348,0.0013301250052861942,end_of_day
A,2024-09-19T09:00:00+00:00,2024-09-19T12:00:00+00:00,long,1.117693579673767,1.114951491355896,1.0,-0.0027420883178710387,-0.0024533453244595005,stop_loss
A,2024-09-19T15:00:00+00:00,2024-09-19T20:00:00+00:00,short,1.114451491355896,1.1164453029632568,1.0,-0.0019938116073607848,-0.001789051944230445,end_of_day
A,2024-09-20T12:00:00+00:00,2024-09-20T14:00:00+00:00,long,1.117693579673767,1.1156978607177734,1.0,-0.0019957189559935973,-0.0017855689540384662,stop_loss
A,2024-09-20T15:00:00+00:00,2024-09-20T16:00:00+00:00,short,1.1151978607177735,1.117193579673767,1.0,-0.0019957189559935973,-0.0017895649070821342,stop_loss
A,2024-09-23T09:00:00+00:00,2024-09-23T14:00:00+00:00,long,1.1109941368103027,1.114329786300659,1.0,0.0033356494903562517,0.0030024006246630614,take_profit
A,2024-09-24T14:00:00+00:00,2024-09-24T20:00:00+00:00,long,1.1153271560668945,1.11831796169281,1.0,0.0029908056259155824,0.0026815500811998533,end_of_day
A,2024-09-26T09:00:00+00:00,2024-09-26T14:00:00+00:00,long,1.1150787239074706,1.1129660606384277,1.0,-0.0021126632690429137,-0.001894631494393236,stop_loss
A,2024-09-27T09:00:00+00:00,2024-09-27T12:00:00+00:00,long,1.1153271560668945,1.1188687992095945,1.0,0.0035416431427000017,0.0031754298489326685,take_profit
A,2024-09-27T16:00:00+00:00,2024-09-27T20:00:00+00:00,long,1.1153271560668945,1.1165698766708374,1.0,0.0012427206039429262,0.0011142206994450613,end_of_day
A,2024-09-30T13:00:00+00:00,2024-09-30T20:00:00+00:00,short,1.1173179979324341,1.1138337850570679,1.0,0.003484212875366266,0.0031183717453882468,end_of_day
A,2024-10-01T09:00:00+00:00,2024-10-01T16:00:00+00:00,short,1.1097476119995118,1.1058485198020938,1.0,0.0038990921974180193,0.003513494559715921,take_profit
A,2024-10-03T14:00:00+00:00,2024-10-03T20:00:00+00:00,short,1.102765643119812,1.1033873558044434,1.0,-0.0006217126846312926,-0.0005637758924665243,end_of_day
A,2024-10-04T11:00:00+00:00,2024-10-04T12:00:00+00:00,long,1.103765643119812,1.1024142503738403,1.0,-0.0013513927459716246,-0.001224347536449758,stop_loss
A,2024-10-07T09:00:00+00:00,2024-10-07T11:00:00+00:00,short,1.0964723463058472,1.098056435585022,1.0,-0.0015840892791747496,-0.001444714300831886,stop_loss
A,2024-10-07T12:00:00+00:00,2024-10-07T19:00:00+00:00,long,1.098556435585022,1.0969723463058472,1.0,-0.0015840892791747496,-0.0014419735098371743,stop_loss
A,2024-10-08T12:00:00+00:00,2024-10-08T20:00:00+00:00,short,1.098159634590149,1.0981770753860474,1.0,-1.7440795898382433e-05,-1.5881840261677094e-05,end_of_day
A,2024-10-10T12:00:00+00:00,2024-10-10T14:00:00+00:00,long,1.0947115783691406,1.093135118484497,1.0,-0.0015764598846434996,-0.0014400687046647019,stop_loss
A,2024-10-10T15:00:00+00:00,2024-10-10T20:00:00+00:00,short,1.0926351184844971,1.0939722061157227,1.0,-0.0013370876312255309,-0.0012237274901799728,end_of_day
A,2024-10-11T10:00:00+00:00,2024-10-11T20:00:00+00:00,short,1.0940708751678467,1.0940918922424316,1.0,-2.101707458490587e-05,-1.9209975388186383e-05,end_of_day
A,2024-10-14T09:00:00+00:00,2024-10-14T10:00:00+00:00,long,1.0938741331100463,1.0927767753601074,1.0,-0.0010973577499389098,-0.0010031846596636846,stop_loss
A,2024-10-14T11:00:00+00:00,2024-10-14T16:00:00+00:00,short,1.0922767753601075,1.0906307387351992,1.0,0.0016460366249082536,0.0015069775921634696,take_profit
A,2024-10-15T16:00:00+00:00,2024-10-15T20:00:00+00:00,short,1.0895371074676514,1.0894432067871094,1.0,9.390068054204725e-05,8.618401328275566e-05,end_of_day
A,2024-10-17T09:00:00+00:00,2024-10-17T12:00:00+00:00,long,1.086394227027893,1.0853049755096436,1.0,-0.0010892515182494567,-0.0010026300684875511,stop_loss
A,2024-10-18T12:00:00+00:00,2024-10-18T20:00:00+00:00,long,1.0854517583847045,1.087074637413025,1.0,0.0016228790283203676,0.0014951185216516907,end_of_day
A,2024-10-21T14:00:00+00:00,2024-10-21T15:00:00+00:00,short,1.0845694179534913,1.0824051785469058,1.0,0.0021642394065854997,0.001995482604211054,take_profit
A,2024-10-22T09:00:00+00:00,2024-10-22T19:00:00+00:00,short,1.0824542875289918,1.0802955913543704,1.0,0.0021586961746213884,0.0019942608195947223,take_profit
A,2024-10-24T12:00:00+00:00,2024-10-24T13:00:00+00:00,short,1.07941361618042,1.080964207649231,1.0,-0.00155059146881098,-0.0014365127932125367,stop_loss
A,2024-10-24T17:00:00+00:00,2024-10-24T20:00:00+00:00,long,1.081464207649231,1.0830715894699097,1.0,0.001607381820678766,0.001486301450671879,end_of_day
A,2024-10-25T15:00:00+00:00,2024-10-25T20:00:00+00:00,short,1.0818682546615601,1.07991361618042,1.0,0.001954638481140192,0.0018067250542919938,end_of_day
A,2024-10-28T14:00:00+00:00,2024-10-28T20:00:00+00:00,long,1.08286825466156,1.081548810005188,1.0,-0.0013194446563720152,-0.0012184720077368922,end_of_day
A,2024-10-29T09:00:00+00:00,2024-10-29T10:00:00+00:00,long,1.0827510719299316,1.0813149213790894,1.0,-0.00143615055084223,-0.00132639032929553,stop_loss
A,2024-10-29T14:00:00+00:00,2024-10-29T20:00:00+00:00,short,1.0808149213790894,1.0821340084075928,1.0,-0.001319087028503363,-0.0012204559748492786,end_of_day
A,2024-10-31T09:00:00+00:00,2024-10-31T13:00:00+00:00,long,1.0868661766052246,1.0890313100814817,1.0,0.0021651334762571306,0.001992088375608323,take_profit
A,2024-10-31T14:00:00+00:00,2024-10-31T15:00:00+00:00,long,1.0868661766052246,1.0854227542877197,1.0,-0.0014434223175048277,-0.0013280589170722836,stop_loss
A,2024-10-31T18:00:00+00:00,2024-10-31T20:00:00+00:00,long,1.0868661766052246,1.0886130332946777,1.0,0.00174685668945318,0.0016072417442498808,end_of_day
A,2024-11-01T10:00:00+00:00,2024-11-01T11:00:00+00:00,short,1.0856301422119141,1.087074637413025,1.0,-0.0014444952011107848,-0.0013305592254169564,stop_loss
A,2024-11-01T12:00:00+00:00,2024-11-01T14:00:00+00:00,long,1.0875746374130248,1.086130142211914,1.0,-0.0014444952011107848,-0.0013281802934893316,stop_loss
A,2024-11-01T15:00:00+00:00,2024-11-01T20:00:00+00:00,short,1.0856301422119141,1.083463399410248,1.0,0.002166742801666066,0.0019958388381253324,take_profit
A,2024-11-04T11:00:00+00:00,2024-11-04T16:00:00+00:00,long,1.090774691581726,1.0892059803009033,1.0,-0.0015687112808226988,-0.0014381625214900428,stop_loss
A,2024-11-04T17:00:00+00:00,2024-11-04T20:00:00+00:00,short,1.0887059803009034,1.087902545928955,1.0,0.0008034343719482973,0.0007379718551065909,end_of_day
A,2024-11-05T11:00:00+00:00,2024-11-05T16:00:00+00:00,long,1.090180790901184,1.0921767663955686,1.0,0.001995975494384572,0.0018308665049350432,take_profit
A,2024-11-07T13:00:00+00:00,2024-11-07T14:00:00+00:00,long,1.0778539543151855,1.081558139324188,1.0,0.003704185009002492,0.0034366297903095284,take_profit
A,2024-11-07T19:00:00+00:00,2024-11-07T20:00:00+00:00,long,1.0778539543151855,1.0804970264434814,1.0,0.0026430721282959535,0.0024521616474239586,end_of_day
A,2024-11-08T09:00:00+00:00,2024-11-08T13:00:00+00:00,long,1.079015887260437,1.0764262676239014,1.0,-0.0025896196365355895,-0.0023999828613371892,stop_loss
A,2024-11-08T14:00:00+00:00,2024-11-08T16:00:00+00:00,short,1.0759262676239014,1.0720418381690981,1.0,0.003884429454803273,0.0036103119439417817,take_profit
A,2024-11-11T09:00:00+00:00,2024-11-11T13:00:00+00:00,short,1.067761981010437,1.0649552631378176,1.0,0.0028067178726194353,0.0026285988099739245,take_profit
A,2024-11-12T10:00:00+00:00,2024-11-12T20:00:00+00:00,short,1.061634861946106,1.0625863075256348,1.0,-0.0009514455795287535,-0.0008962079276340246,end_of_day
A,2024-11-14T09:00:00+00:00,2024-11-14T14:00:00+00:00,short,1.053129755973816,1.0559661388397217,1.0,-0.0028363828659057067,-0.0026932890746049986,stop_loss
A,2024-11-14T15:00:00+00:00,2024-11-14T20:00:00+00:00,long,1.0564661388397216,1.053629755973816,1.0,-0.0028363828659057067,-0.002684783507610384,stop_loss
A,2024-11-15T09:00:00+00:00,2024-11-15T14:00:00+00:00,long,1.0579177503585815,1.0555204153060913,1.0,-0.0023973350524901793,-0.002266088315162121,stop_loss
A,2024-11-15T16:00:00+00:00,2024-11-15T20:00:00+00:00,short,1.0550204153060914,1.0529640913009644,1.0,0.002056324005127008,0.001949084563003845,end_of_day
A,2024-11-18T09:00:00+00:00,2024-11-18T11:00:00+00:00,long,1.0563546781539916,1.0545185804367065,1.0,-0.0018360977172851012,-0.0017381451090780718,stop_loss
A,2024-11-18T12:00:00+00:00,2024-11-18T13:00:00+00:00,short,1.0540185804367066,1.0558546781539917,1.0,-0.0018360977172851012,-0.0017419974859687571,stop_loss
A,2024-11-19T09:00:00+00:00,2024-11-19T13:00:00+00:00,short,1.056247317314148,1.0590976476669312,1.0,-0.002850330352783148,-0.00269854446592209,stop_loss
A,2024-11-19T14:00:00+00:00,2024-11-19T20:00:00+00:00,long,1.059597647666931,1.0596587657928467,1.0,6.111812591558241e-05,5.76805035856346e-05,end_of_day
A,2024-11-21T09:00:00+00:00,2024-11-21T15:00:00+00:00,short,1.0523532266616822,1.0545185804367065,1.0,-0.002165353775024359,-0.0020576301950376327,stop_loss
A,2024-11-25T09:00:00+00:00,2024-11-25T13:00:00+00:00,long,1.0472915534973144,1.0503393125534055,1.0,0.003047759056091115,0.002910134284873644,take_profit
A,2024-11-25T16:00:00+00:00,2024-11-25T18:00:00+00:00,long,1.0472915534973144,1.0503393125534055,1.0,0.003047759056091115,0.002910134284873644,take_profit
A,2024-11-26T09:00:00+00:00,2024-11-26T12:00:00+00:00,long,1.0502585535049438,1.0544721794128415,1.0,0.004213625907897756,0.004011989137185276,take_profit
A,2024-11-26T14:00:00+00:00,2024-11-26T16:00:00+00:00,long,1.0502585535049438,1.0474494695663452,1.0,-0.0028090839385985777,-0.0026746594247902544,stop_loss
A,2024-11-26T17:00:00+00:00,2024-11-26T20:00:00+00:00,short,1.0469494695663453,1.048327922821045,1.0,-0.001378453254699652,-0.0013166378080029194,end_of_day
A,2024-11-28T09:00:00+00:00,2024-11-28T20:00:00+00:00,long,1.05557493019104,1.0557432174682617,1.0,0.00016828727722173475,0.00015942712583300723,end_of_day
A,2024-11-29T09:00:00+00:00,2024-11-29T19:00:00+00:00,short,1.056247317314148,1.0582010746002197,1.0,-0.0019537572860717223,-0.0018497157380146395,stop_loss
A,2024-11-29T20:00:00+00:00,2024-11-29T20:00:00+00:00,long,1.0587010746002197,1.0585371255874634,1.0,-0.0001639490127562926,-0.00015485864394555567,end_of_day
A,2024-12-02T09:00:00+00:00,2024-12-02T12:00:00+00:00,long,1.0518036251068115,1.0500892400741577,1.0,-0.0017143850326537535,-0.0016299478265057855,stop_loss
A,2024-12-02T14:00:00+00:00,2024-12-02T15:00:00+00:00,short,1.0495892400741578,1.0470176625251773,1.0,0.0025715775489805193,0.002450079946321503,take_profit
A,2024-12-02T16:00:00+00:00,2024-12-02T20:00:00+00:00,short,1.0495892400741578,1.0513036251068115,1.0,-0.0017143850326537535,-0.0016333866308810723,stop_loss
A,2024-12-03T15:00:00+00:00,2024-12-03T17:00:00+00:00,short,1.0498098964691163,1.0529640913009644,1.0,-0.0031541948318480895,-0.0030045390526958907,stop_loss
A,2024-12-03T18:00:00+00:00,2024-12-03T20:00:00+00:00,long,1.0534640913009643,1.051193118095398,1.0,-0.002270973205566351,-0.0021557196152379877,end_of_day
A,2024-12-05T09:00:00+00:00,2024-12-05T13:00:00+00:00,short,1.0526858205795289,1.0548522472381592,1.0,-0.002166426658630316,-0.002057999277920972,stop_loss
A,2024-12-06T13:00:00+00:00,2024-12-06T14:00:00+00:00,long,1.0601587657928466,1.0579770803451538,1.0,-0.002181685447692816,-0.0020578855904296828,stop_loss
A,2024-12-06T15:00:00+00:00,2024-12-06T20:00:00+00:00,short,1.0574770803451539,1.0566357374191284,1.0,0.0008413429260254457,0.0007956133912149062,end_of_day
A,2024-12-09T09:00:00+00:00,2024-12-09T19:00:00+00:00,long,1.0576942329406738,1.0559661388397217,1.0,-0.0017280941009520934,-0.0016338314487614517,stop_loss
A,2024-12-09T20:00:00+00:00,2024-12-09T20:00:00+00:00,short,1.0554661388397217,1.055297613143921,1.0,0.00016852569580083632,0.00015966944802805073,end_of_day
A,2024-12-10T09:00:00+00:00,2024-12-10T15:00:00+00:00,short,1.053685152053833,1.0512664604187014,1.0,0.0024186916351316423,0.002295459540657996,take_profit
A,2024-12-12T10:00:00+00:00,2024-12-12T15:00:00+00:00,short,1.0502513284683228,1.0522992610931396,1.0,-0.0020479326248168395,-0.001949945283862222,stop_loss_intrabar_conflict
A,2024-12-12T16:00:00+00:00,2024-12-12T20:00:00+00:00,short,1.0502513284683228,1.0471794295310977,1.0,0.003071898937225148,0.002924917925793227,take_profit
A,2024-12-13T09:00:00+00:00,2024-12-13T12:00:00+00:00,long,1.0478397970199584,1.0502334547042844,1.0,0.0023936576843259783,0.002284373709734548,take_profit
A,2024-12-16T10:00:00+00:00,2024-12-16T20:00:00+00:00,short,1.0499201650619507,1.051193118095398,1.0,-0.0012729530334472106,-0.0012124284072323726,end_of_day
A,2024-12-17T09:00:00+00:00,2024-12-17T12:00:00+00:00,short,1.0483777160644532,1.0501995086669922,1.0,-0.0018217926025390074,-0.001737725415776584,stop_loss
A,2024-12-17T13:00:00+00:00,2024-12-17T20:00:00+00:00,long,1.0506995086669921,1.0488777160644531,1.0,-0.0018217926025390074,-0.0017338854615534087,stop_loss
A,2024-12-19T09:00:00+00:00,2024-12-19T13:00:00+00:00,long,1.0417328243255615,1.0393929481506348,1.0,-0.0023398761749267027,-0.0022461384726372474,stop_loss
A,2024-12-19T15:00:00+00:00,2024-12-19T20:00:00+00:00,short,1.0388929481506348,1.0370217561721802,1.0,0.001871191978454645,0.0018011403213253215,end_of_day
A,2024-12-20T13:00:00+00:00,2024-12-20T17:00:00+00:00,long,1.0405415658950805,1.0442065906524656,1.0,0.0036650247573850603,0.003522228114195883,take_profit
A,2024-12-23T10:00:00+00:00,2024-12-23T20:00:00+00:00,short,1.0407328243255616,1.0409077405929565,1.0,-0.00017491626739496446,-0.00016807028980595238,end_of_day
A,2024-12-24T17:00:00+00:00,2024-12-24T20:00:00+00:00,short,1.0387849445343018,1.040474534034729,1.0,-0.001689589500427191,-0.001626505572031227,end_of_day
A,2024-12-26T13:00:00+00:00,2024-12-26T16:00:00+00:00,long,1.0406498079299926,1.042210907936096,1.0,0.001561100006103322,0.0015001203999725733,take_profit
A,2024-12-27T11:00:00+00:00,2024-12-27T20:00:00+00:00,long,1.0433615808486938,1.0428615808486938,1.0,-0.0004999999999999449,-0.00047922025228610936,end_of_day
A,2024-12-30T09:00:00+00:00,2024-12-30T13:00:00+00:00,long,1.0436879758834838,1.0413411855697632,1.0,-0.002346790313720648,-0.002248555476299404,stop_loss
A,2024-12-30T14:00:00+00:00,2024-12-30T20:00:00+00:00,short,1.0408411855697632,1.0402579307556152,1.0,0.0005832548141480043,0.0005603686923944375,end_of_day
A,2024-12-31T12:00:00+00:00,2024-12-31T14:00:00+00:00,short,1.0405159826278687,1.0378127980232241,1.0,0.0027031846046445818,0.002597927037908222,take_profit
A,2025-01-02T10:00:00+00:00,2025-01-02T15:00:00+00:00,short,1.034482442855835,1.030350892543793,1.0,0.004131550312042043,0.003993833187382392,take_profit
A,2025-01-03T09:00:00+00:00,2025-01-03T20:00:00+00:00,long,1.0295182828903198,1.0308215618133545,1.0,0.001303278923034723,0.0012659113924386406,end_of_day
A,2025-01-06T09:00:00+00:00,2025-01-06T11:00:00+00:00,long,1.0359111194610595,1.0403511238098142,1.0,0.004440004348754689,0.004286086195372277,take_profit
A,2025-01-07T09:00:00+00:00,2025-01-07T12:00:00+00:00,long,1.0430354242324829,1.0406910181045532,1.0,-0.0023444061279296324,-0.002247676419671712,stop_loss
A,2025-01-07T13:00:00+00:00,2025-01-07T15:00:00+00:00,short,1.0401910181045533,1.036674408912659,1.0,0.0035166091918943376,0.0033807340485426792,take_profit
A,2025-01-09T09:00:00+00:00,2025-01-09T20:00:00+00:00,long,1.0315341119766235,1.0303966999053955,1.0,-0.0011374120712279723,-0.0011026412583181235,end_of_day
A,2025-01-10T13:00:00+00:00,2025-01-10T14:00:00+00:00,short,1.0290480489730836,1.025430946350098,1.0,0.0036171026229856462,0.003514998766671057,take_profit
A,2025-01-13T09:00:00+00:00,2025-01-13T20:00:00+00:00,short,1.0211591358184815,1.021972417831421,1.0,-0.0008132820129393981,-0.0007964302373767969,end_of_day
A,2025-01-14T12:00:00+00:00,2025-01-14T14:00:00+00:00,short,1.0251409645080567,1.0275379419326782,1.0,-0.002396977424621527,-0.002338192997459413,stop_loss
A,2025-01-14T15:00:00+00:00,2025-01-14T20:00:00+00:00,long,1.0280379419326782,1.0305029153823853,1.0,0.0024649734497070863,0.0023977455978648177,end_of_day
A,2025-01-16T09:00:00+00:00,2025-01-16T15:00:00+00:00,short,1.0286242599487305,1.0300782918930054,1.0,-0.0014540319442748473,-0.0014135695616855472,stop_loss
A,2025-01-16T16:00:00+00:00,2025-01-16T20:00:00+00:00,long,1.0305782918930053,1.0301843881607056,1.0,-0.0003939037322997496,-0.00038221621336134715,end_of_day
A,2025-01-17T09:00:00+00:00,2025-01-17T13:00:00+00:00,long,1.0305782918930053,1.0289124250411987,1.0,-0.0016658668518065856,-0.0016164389109600379,stop_loss
A,2025-01-17T14:00:00+00:00,2025-01-17T15:00:00+00:00,short,1.0284124250411988,1.0300782918930054,1.0,-0.0016658668518065856,-0.0016198431789073823,stop_loss
A,2025-01-17T17:00:00+00:00,2025-01-17T20:00:00+00:00,short,1.0284124250411988,1.0278549194335938,1.0,0.0005575056076050355,0.0005421031426985157,end_of_day
A,2025-01-20T10:00:00+00:00,2025-01-20T13:00:00+00:00,long,1.032385266304016,1.0344119977951047,1.0,0.0020267314910886736,0.001963154218913313,take_profit
A,2025-01-21T09:00:00+00:00,2025-01-21T13:00:00+00:00,short,1.0349111194610596,1.0375596284866333,1.0,-0.0026485090255736754,-0.002559165686569213,stop_loss
A,2025-01-21T14:00:00+00:00,2025-01-21T16:00:00+00:00,long,1.0380596284866332,1.0420323920249936,1.0,0.003972763538360402,0.0038271053312729404,take_profit
A,2025-01-23T09:00:00+00:00,2025-01-23T15:00:00+00:00,long,1.0408661727905273,1.0393929481506348,1.0,-0.001473224639892523,-0.0014153833397648587,stop_loss
A,2025-01-23T16:00:00+00:00,2025-01-23T17:00:00+00:00,long,1.0408661727905273,1.043076009750366,1.0,0.0022098369598386736,0.0021230750096471814,take_profit
A,2025-01-24T09:00:00+00:00,2025-01-24T20:00:00+00:00,long,1.0502585535049438,1.0497585535049438,1.0,-0.0004999999999999449,-0.00047607324723167923,end_of_day
A,2025-01-27T10:00:00+00:00,2025-01-27T20:00:00+00:00,long,1.0494877462387084,1.0490977764129639,1.0,-0.00038996982574457384,-0.0003715811138740769,end_of_day
A,2025-01-28T09:00:00+00:00,2025-01-28T12:00:00+00:00,long,1.0442324047088622,1.0423181056976318,1.0,-0.0019142990112304137,-0.001833211651542389,stop_loss
A,2025-01-28T14:00:00+00:00,2025-01-28T20:00:00+00:00,long,1.0442324047088622,1.043514609336853,1.0,-0.0007177953720092223,-0.0006873904398794707,end_of_day
A,2025-01-30T09:00:00+00:00,2025-01-30T13:00:00+00:00,short,1.0414923067092896,1.0429704189300537,1.0,-0.001478112220764105,-0.0014192252897521293,stop_loss
A,2025-01-30T14:00:00+00:00,2025-01-30T17:00:00+00:00,long,1.0434704189300537,1.0419923067092896,1.0,-0.001478112220764105,-0.0014165348570970716,stop_loss
A,2025-01-30T20:00:00+00:00,2025-01-30T20:00:00+00:00,long,1.0434704189300537,1.0409077405929565,1.0,-0.002562678337097113,-0.0024559185297507655,end_of_day
A,2025-01-31T09:00:00+00:00,2025-01-31T17:00:00+00:00,short,1.037921630859375,1.0409077405929565,1.0,-0.002986109733581488,-0.002877008865408324,stop_loss
A,2025-01-31T18:00:00+00:00,2025-01-31T19:00:00+00:00,long,1.0414077405929565,1.038421630859375,1.0,-0.002986109733581488,-0.002867378085629801,stop_loss
A,2025-01-31T20:00:00+00:00,2025-01-31T20:00:00+00:00,short,1.037921630859375,1.0376672744750977,1.0,0.0002543563842773988,0.0002450631885056655,end_of_day
A,2025-02-03T12:00:00+00:00,2025-02-03T15:00:00+00:00,long,1.0258255367279052,1.0322316002845762,1.0,0.006406063556670949,0.006244788540851195,take_profit
A,2025-02-04T09:00:00+00:00,2025-02-04T15:00:00+00:00,long,1.034198558807373,1.0386262249946592,1.0,0.004427666187286183,0.004281253488103988,take_profit
A,2025-02-06T18:00:00+00:00,2025-02-06T20:00:00+00:00,long,1.0388137464523315,1.0391769409179688,1.0,0.0003631944656372621,0.0003496242390684692,end_of_day
A,2025-02-07T10:00:00+00:00,2025-02-07T13:00:00+00:00,short,1.0384610528945923,1.035765736103058,1.0,0.00269531679153423,0.0025954914573072725,take_profit
A,2025-02-07T14:00:00+00:00,2025-02-07T15:00:00+00:00,short,1.0384610528945923,1.035765736103058,1.0,0.00269531679153423,0.0025954914573072725,take_profit
A,2025-02-10T09:00:00+00:00,2025-02-10T14:00:00+00:00,long,1.0330244665145873,1.0310341119766235,1.0,-0.001990354537963812,-0.0019267254576062901,stop_loss
A,2025-02-11T10:00:00+00:00,2025-02-11T19:00:00+00:00,long,1.0325981740951538,1.035900385379791,1.0,0.0033022112846372575,0.003197963513281362,take_profit
A,2025-02-13T11:00:00+00:00,2025-02-13T15:00:00+00:00,short,1.0408411855697632,1.0428615808486938,1.0,-0.002020395278930609,-0.001941117729526269,stop_loss
A,2025-02-13T16:00:00+00:00,2025-02-13T18:00:00+00:00,long,1.0433615808486938,1.0413411855697632,1.0,-0.002020395278930609,-0.0019364286705737949,stop_loss
A,2025-02-13T19:00:00+00:00,2025-02-13T20:00:00+00:00,long,1.0433615808486938,1.0463921737670896,1.0,0.0030305929183958025,0.0029046430058605856,take_profit
A,2025-02-14T12:00:00+00:00,2025-02-14T13:00:00+00:00,short,1.0461820001602173,1.0489877462387085,1.0,-0.002805746078491156,-0.0026818909884336285,stop_loss
A,2025-02-14T14:00:00+00:00,2025-02-14T20:00:00+00:00,long,1.0494877462387084,1.049428105354309,1.0,-5.9640884399358995e-05,-5.6828566710862325e-05,end_of_day
A,2025-02-17T11:00:00+00:00,2025-02-17T12:00:00+00:00,long,1.0491577749252319,1.0474494695663452,1.0,-0.0017083053588866637,-0.0016282635459746804,stop_loss
A,2025-02-18T13:00:00+00:00,2025-02-18T20:00:00+00:00,short,1.045415722846985,1.0450413227081299,1.0,0.00037440013885503554,0.00035813517117901203,end_of_day
A,2025-02-20T11:00:00+00:00,2025-02-20T15:00:00+00:00,long,1.0448863868713378,1.0472707462310789,1.0,0.0023843593597410173,0.0022819316910428996,take_profit
A,2025-02-21T12:00:00+00:00,2025-02-21T20:00:00+00:00,short,1.0466204519271851,1.0463534593582153,1.0,0.00026699256896978163,0.00025509970541676044,end_of_day
A,2025-02-24T11:00:00+00:00,2025-02-24T20:00:00+00:00,short,1.0469494695663453,1.0467915534973145,1.0,0.00015791606903081679,0.00015083447064186093,end_of_day
A,2025-02-25T11:00:00+00:00,2025-02-25T20:00:00+00:00,long,1.0486081008911132,1.0519671440124512,1.0,0.0033590431213379457,0.0032033350862761896,end_of_day
A,2025-02-27T09:00:00+00:00,2025-02-27T13:00:00+00:00,long,1.048718011856079,1.0473397970199585,1.0,-0.0013782148361205504,-0.0013141901069109222,stop_loss
A,2025-02-28T13:00:00+00:00,2025-02-28T17:00:00+00:00,long,1.0411910181045532,1.039933443069458,1.0,-0.0012575750350951598,-0.0012078235532462863,stop_loss
A,2025-02-28T18:00:00+00:00,2025-02-28T19:00:00+00:00,short,1.039433443069458,1.0375470805168154,1.0,0.0018863625526426286,0.001814798787955273,take_profit
A,2025-03-03T09:00:00+00:00,2025-03-03T10:00:00+00:00,long,1.0414077405929565,1.0445919346809385,1.0,0.003184194087981984,0.0030575863457371353,take_profit
A,2025-03-04T11:00:00+00:00,2025-03-04T18:00:00+00:00,long,1.053020751953125,1.0589052152633665,1.0,0.005884463310241506,0.005588174116537688,take_profit
A,2025-03-06T09:00:00+00:00,2025-03-06T13:00:00+00:00,short,1.0792970294952393,1.0817828178405762,1.0,-0.002485788345336859,-0.0023031549957099402,stop_loss
A,2025-03-06T14:00:00+00:00,2025-03-06T17:00:00+00:00,long,1.0822828178405761,1.0797970294952393,1.0,-0.002485788345336859,-0.0022968010804205745,stop_loss
A,2025-03-06T18:00:00+00:00,2025-03-06T20:00:00+00:00,short,1.0792970294952393,1.0789813995361328,1.0,0.0003156299591065004,0.00029244031112928454,end_of_day
A,2025-03-07T09:00:00+00:00,2025-03-07T18:00:00+00:00,long,1.0862763290405273,1.0830715894699097,1.0,-0.0032047395706176207,-0.0029502065772235536,stop_loss
A,2025-03-10T09:00:00+00:00,2025-03-10T10:00:00+00:00,long,1.0832198028564453,1.0867784333229062,1.0,0.003558630466460988,0.003285233945203824,take_profit
A,2025-03-10T11:00:00+00:00,2025-03-10T20:00:00+00:00,long,1.0832198028564453,1.0838934183120728,1.0,0.0006736154556274965,0.0006218640518306403,end_of_day
A,2025-03-11T13:00:00+00:00,2025-03-11T20:00:00+00:00,long,1.0925606851577758,1.0922993421554565,1.0,-0.00026134300231928087,-0.0002392022757816336,end_of_day
A,2025-03-13T11:00:00+00:00,2025-03-13T20:00:00+00:00,short,1.08622034740448,1.0855406522750854,1.0,0.0006796951293945863,0.0006257433227233458,end_of_day
A,2025-03-14T10:00:00+00:00,2025-03-14T11:00:00+00:00,long,1.086394227027893,1.0897929978370664,1.0,0.0033987708091733904,0.0031284875458806424,take_profit
A,2025-03-17T09:00:00+00:00,2025-03-17T15:00:00+00:00,long,1.0893501405715942,1.0922314238548276,1.0,0.002881283283233449,0.002644956085213894,take_profit
A,2025-03-18T11:00:00+00:00,2025-03-18T12:00:00+00:00,short,1.0933525199890137,1.0897257614135745,1.0,0.0036267585754392595,0.0033170990226241964,take_profit
A,2025-03-18T15:00:00+00:00,2025-03-18T20:00:00+00:00,short,1.0933525199890137,1.0946906805038452,1.0,-0.001338160514831488,-0.0012239058221084394,end_of_day
A,2025-03-20T09:00:00+00:00,2025-03-20T13:00:00+00:00,short,1.08622034740448,1.082453398704529,1.0,0.0037669486999509783,0.003467941572768444,take_profit
A,2025-03-20T20:00:00+00:00,2025-03-20T20:00:00+00:00,short,1.08622034740448,1.0855406522750854,1.0,0.0006796951293945863,0.0006257433227233458,end_of_day
A,2025-03-21T11:00:00+00:00,2025-03-21T14:00:00+00:00,long,1.0853339796066284,1.0824854373931885,1.0,-0.0028485422134398863,-0.0026245766436542605,stop_loss
A,2025-03-21T15:00:00+00:00,2025-03-21T20:00:00+00:00,short,1.0819854373931885,1.0817828178405762,1.0,0.00020261955261235975,0.0001872664322548814,end_of_day
A,2025-03-24T09:00:00+00:00,2025-03-24T13:00:00+00:00,short,1.0836283798217774,1.080052583217621,1.0,0.0035757966041563005,0.0032998366144161026,take_profit
A,2025-03-25T09:00:00+00:00,2025-03-25T11:00:00+00:00,long,1.0799472694396972,1.0826175522804258,1.0,0.002670282840728566,0.0024726048357101484,take_profit
A,2025-03-25T19:00:00+00:00,2025-03-25T20:00:00+00:00,long,1.0799472694396972,1.079563856124878,1.0,-0.00038341331481928087,-0.00035502966271511107,end_of_day
A,2025-03-27T11:00:00+00:00,2025-03-27T15:00:00+00:00,long,1.078434741973877,1.082142503261566,1.0,0.0037077612876890154,0.0034380951794103355,take_profit
A,2025-03-28T09:00:00+00:00,2025-03-28T13:00:00+00:00,short,1.077318512916565,1.0797970294952393,1.0,-0.0024785165786742613,-0.002300634908764642,stop_loss
A,2025-03-31T10:00:00+00:00,2025-03-31T20:00:00+00:00,short,1.081048810005188,1.0817828178405762,1.0,-0.0007340078353881285,-0.0006789775157188378,end_of_day
A,2025-04-01T09:00:00+00:00,2025-04-01T10:00:00+00:00,long,1.0825168256759643,1.0803803205490112,1.0,-0.00213650512695307,-0.001973646114570973,stop_loss
A,2025-04-01T11:00:00+00:00,2025-04-01T20:00:00+00:00,short,1.0798803205490113,1.0794472694396973,1.0,0.0004330511093140199,0.00040101768786179626,end_of_day
A,2025-04-03T09:00:00+00:00,2025-04-03T10:00:00+00:00,long,1.1026713018417358,1.1104973268508909,1.0,0.00782602500915508,0.0070973326285754135,take_profit
A,2025-04-03T17:00:00+00:00,2025-04-03T20:00:00+00:00,long,1.1026713018417358,1.1054610013961792,1.0,0.0027896995544434144,0.002529946639387387,end_of_day
A,2025-04-04T09:00:00+00:00,2025-04-04T10:00:00+00:00,short,1.0979183549880982,1.1009578704833984,1.0,-0.003039515495300238,-0.0027684349036438028,stop_loss
A,2025-04-04T12:00:00+00:00,2025-04-04T14:00:00+00:00,long,1.1014578704833984,1.0984183549880981,1.0,-0.003039515495300238,-0.0027595385867698065,stop_loss
A,2025-04-04T15:00:00+00:00,2025-04-04T16:00:00+00:00,short,1.0979183549880982,1.1009578704833984,1.0,-0.003039515495300238,-0.0027684349036438028,stop_loss
A,2025-04-07T09:00:00+00:00,2025-04-07T20:00:00+00:00,short,1.0968334312438965,1.0906314849853516,1.0,0.006201946258544977,0.00565441030686991,end_of_day
A,2025-04-08T09:00:00+00:00,2025-04-08T12:00:00+00:00,short,1.0921573276519776,1.095170259475708,1.0,-0.0030129318237304137,-0.002758697622995304,stop_loss
A,2025-04-08T13:00:00+00:00,2025-04-08T14:00:00+00:00,long,1.095670259475708,1.0926573276519775,1.0,-0.0030129318237304137,-0.002749852702191752,stop_loss
A,2025-04-08T15:00:00+00:00,2025-04-08T18:00:00+00:00,short,1.0921573276519776,1.095170259475708,1.0,-0.0030129318237304137,-0.002758697622995304,stop_loss
A,2025-04-08T19:00:00+00:00,2025-04-08T20:00:00+00:00,long,1.095670259475708,1.0960105657577515,1.0,0.0003403062820435121,0.00031059187661655884,end_of_day
A,2025-04-10T09:00:00+00:00,2025-04-10T12:00:00+00:00,long,1.1054723625183105,1.1106061649322507,1.0,0.005133802413940236,0.004643989834576441,take_profit
A,2025-04-11T10:00:00+00:00,2025-04-11T20:00:00+00:00,short,1.13521834564209,1.1362345218658447,1.0,-0.0010161762237548277,-0.0008951372462009229,end_of_day
A,2025-04-14T10:00:00+00:00,2025-04-14T13:00:00+00:00,short,1.1379334564208985,1.1328958559036257,1.0,0.005037600517272756,0.004426972850519169,take_profit
A,2025-04-14T15:00:00+00:00,2025-04-14T20:00:00+00:00,short,1.1379334564208985,1.1353315114974976,1.0,0.002601944923400934,0.002286552793328301,end_of_day
A,2025-04-15T09:00:00+00:00,2025-04-15T14:00:00+00:00,short,1.1344449157714844,1.129239230155945,1.0,0.005205685615539357,0.004588751329542702,take_profit
A,2025-04-17T10:00:00+00:00,2025-04-17T20:00:00+00:00,short,1.1367683048248292,1.1367511749267578,1.0,1.712989807134413e-05,1.5068944127522775e-05,end_of_day
A,2025-04-18T11:00:00+00:00,2025-04-18T14:00:00+00:00,long,1.1380269889831542,1.1395528626441953,1.0,0.0015258736610410661,0.0013408062162079822,take_profit
A,2025-04-21T09:00:00+00:00,2025-04-21T10:00:00+00:00,long,1.1571041707992553,1.1542012691497803,1.0,-0.0029029016494750426,-0.0025087643124386107,stop_loss
A,2025-04-21T11:00:00+00:00,2025-04-21T15:00:00+00:00,short,1.1537012691497803,1.1493469166755679,1.0,0.004354352474212453,0.003774246064079821,take_profit
A,2025-04-22T09:00:00+00:00,2025-04-22T16:00:00+00:00,short,1.1493217582702637,1.145989685058594,1.0,0.0033320732116697283,0.002899164822812124,take_profit
A,2025-04-24T12:00:00+00:00,2025-04-24T19:00:00+00:00,short,1.1368976469039918,1.1394712924957275,1.0,-0.0025736455917357848,-0.0022637443209987777,stop_loss
A,2025-04-24T20:00:00+00:00,2025-04-24T20:00:00+00:00,long,1.1399712924957275,1.139211654663086,1.0,-0.0007596378326415465,-0.0006663657564380233,end_of_day
A,2025-04-25T10:00:00+00:00,2025-04-25T11:00:00+00:00,short,1.13405867767334,1.1366219520568848,1.0,-0.002563274383544867,-0.0022602660991085026,stop_loss
A,2025-04-25T13:00:00+00:00,2025-04-25T14:00:00+00:00,short,1.13405867767334,1.1366219520568848,1.0,-0.002563274383544867,-0.0022602660991085026,stop_loss
A,2025-04-25T15:00:00+00:00,2025-04-25T20:00:00+00:00,long,1.1371219520568847,1.1366219520568848,1.0,-0.0004999999999999449,-0.0004397065759706065,end_of_day
A,2025-04-28T09:00:00+00:00,2025-04-28T14:00:00+00:00,long,1.1359604959487914,1.1390281033515928,1.0,0.00306760740280132,0.0027004525366343428,take_profit
A,2025-04-29T10:00:00+00:00,2025-04-29T12:00:00+00:00,short,1.1380631561279297,1.1411616802215576,1.0,-0.0030985240936278746,-0.0027226292995637313,stop_loss
A,2025-04-29T13:00:00+00:00,2025-04-29T14:00:00+00:00,long,1.1416616802215576,1.1385631561279297,1.0,-0.0030985240936278746,-0.0027140475565638296,stop_loss
A,2025-04-29T16:00:00+00:00,2025-04-29T18:00:00+00:00,long,1.1416616802215576,1.1385631561279297,1.0,-0.0030985240936278746,-0.0027140475565638296,stop_loss
A,2025-04-29T19:00:00+00:00,2025-04-29T20:00:00+00:00,short,1.1380631561279297,1.1389521360397339,1.0,-0.0008889799118041442,-0.0007811340759231238,end_of_day
A,2025-05-01T11:00:00+00:00,2025-05-01T12:00:00+00:00,long,1.134029782295227,1.131733775138855,1.0,-0.0022960071563720152,-0.002024644495424976,stop_loss
A,2025-05-01T14:00:00+00:00,2025-05-01T15:00:00+00:00,short,1.131233775138855,1.1277897644042971,1.0,0.003444010734557912,0.003044473043721817,take_profit
A,2025-05-02T09:00:00+00:00,2025-05-02T12:00:00+00:00,long,1.1342867975234985,1.1321182250976562,1.0,-0.00216857242584223,-0.0019118378443413954,stop_loss
A,2025-05-02T13:00:00+00:00,2025-05-02T14:00:00+00:00,long,1.1342867975234985,1.1375396561622617,1.0,0.003252858638763234,0.0028677567665119953,take_profit
A,2025-05-02T15:00:00+00:00,2025-05-02T17:00:00+00:00,long,1.1342867975234985,1.1321182250976562,1.0,-0.00216857242584223,-0.0019118378443413954,stop_loss
A,2025-05-05T09:00:00+00:00,2025-05-05T16:00:00+00:00,long,1.134029782295227,1.1316057443618774,1.0,-0.0024240379333495543,-0.00213754345008771,stop_loss
A,2025-05-05T17:00:00+00:00,2025-05-05T20:00:00+00:00,short,1.1311057443618775,1.131861925125122,1.0,-0.0007561807632445738,-0.0006685323339695171,end_of_day
A,2025-05-06T09:00:00+00:00,2025-05-06T13:00:00+00:00,short,1.1323877210617066,1.1350737810134888,1.0,-0.0026860599517821715,-0.002372032036221454,stop_loss
A,2025-05-06T14:00:00+00:00,2025-05-06T20:00:00+00:00,long,1.1355737810134887,1.1373976469039917,1.0,0.0018238658905029848,0.001606118352675598,end_of_day
A,2025-05-08T10:00:00+00:00,2025-05-08T11:00:00+00:00,short,1.1282955045700074,1.1305822134017944,1.0,-0.0022867088317870543,-0.002026693204506312,stop_loss
A,2025-05-08T12:00:00+00:00,2025-05-08T14:00:00+00:00,long,1.1310822134017944,1.1287955045700073,1.0,-0.0022867088317870543,-0.002021699930113521,stop_loss
A,2025-05-08T15:00:00+00:00,2025-05-08T16:00:00+00:00,short,1.1282955045700074,1.124865441322327,1.0,0.0034300632476804704,0.0030400398067593694,take_profit
A,2025-05-09T13:00:00+00:00,2025-05-09T20:00:00+00:00,long,1.1266261701583862,1.1253657341003418,1.0,-0.0012604360580443785,-0.0011187704417226353,end_of_day
A,2025-05-12T10:00:00+00:00,2025-05-12T20:00:00+00:00,short,1.1087623472213746,1.1090162992477417,1.0,-0.00025395202636713243,-0.00022904099061764818,end_of_day
A,2025-05-13T12:00:00+00:00,2025-05-13T14:00:00+00:00,long,1.1125996475219726,1.1155728411674497,1.0,0.0029731936454771013,0.002672294254361054,take_profit
A,2025-05-15T11:00:00+00:00,2025-05-15T12:00:00+00:00,short,1.1191954250335694,1.1213276386260986,1.0,-0.002132213592529242,-0.001905130725909899,stop_loss
A,2025-05-15T13:00:00+00:00,2025-05-15T14:00:00+00:00,long,1.1218276386260986,1.1196954250335693,1.0,-0.002132213592529242,-0.0019006605998231263,stop_loss
A,2025-05-15T15:00:00+00:00,2025-05-15T20:00:00+00:00,short,1.1191954250335694,1.1188185214996338,1.0,0.00037690353393560194,0.00033676293300099666,end_of_day
A,2025-05-16T10:00:00+00:00,2025-05-16T14:00:00+00:00,short,1.1195717687606812,1.117315082550049,1.0,0.0022566862106321306,0.0020156690920584636,take_profit
A,2025-05-19T09:00:00+00:00,2025-05-19T15:00:00+00:00,long,1.1266261701583862,1.123974323272705,1.0,-0.0026518468856810973,-0.002353794857533168,stop_loss
A,2025-05-19T16:00:00+00:00,2025-05-19T20:00:00+00:00,short,1.1234743232727051,1.12447988986969,1.0,-0.0010055665969848082,-0.0008950508045929976,end_of_day
A,2025-05-20T10:00:00+00:00,2025-05-20T17:00:00+00:00,short,1.124739133834839,1.1279042959213257,1.0,-0.0031651620864867613,-0.002814129953578681,stop_loss
A,2025-05-20T18:00:00+00:00,2025-05-20T20:00:00+00:00,long,1.1284042959213256,1.1287955045700073,1.0,0.0003912086486816957,0.0003466919171574755,end_of_day
A,2025-05-22T09:00:00+00:00,2025-05-22T20:00:00+00:00,short,1.1300822134017945,1.128413438796997,1.0,0.0016687746047974183,0.0014766842491698387,end_of_day
A,2025-05-23T09:00:00+00:00,2025-05-23T11:00:00+00:00,long,1.1353161697387695,1.1337867975234985,1.0,-0.001529372215270941,-0.001347089256751132,stop_loss
A,2025-05-23T12:00:00+00:00,2025-05-23T14:00:00+00:00,short,1.1332867975234986,1.1348161697387695,1.0,-0.001529372215270941,-0.0013495014841900421,stop_loss
A,2025-05-23T15:00:00+00:00,2025-05-23T20:00:00+00:00,long,1.1353161697387695,1.1368803977966309,1.0,0.0015642280578613832,0.0013777906979174834,end_of_day
A,2025-05-26T09:00:00+00:00,2025-05-26T20:00:00+00:00,short,1.1381927366256714,1.1390818357467651,1.0,-0.0008890991210936949,-0.0007811498812842114,end_of_day
A,2025-05-27T12:00:00+00:00,2025-05-27T14:00:00+00:00,long,1.1364764337539672,1.134429931640625,1.0,-0.00204650211334223,-0.0018007431149120263,stop_loss
A,2025-05-27T15:00:00+00:00,2025-05-27T20:00:00+00:00,short,1.133929931640625,1.133144497871399,1.0,0.0007854337692261293,0.0006926651703158814,end_of_day
A,2025-05-29T09:00:00+00:00,2025-05-29T12:00:00+00:00,long,1.1285316114425659,1.131568999290466,1.0,0.003037387847900197,0.0026914512780174594,take_profit
A,2025-05-30T12:00:00+00:00,2025-05-30T13:00:00+00:00,long,1.1353161697387695,1.1328877210617065,1.0,-0.002428448677062933,-0.0021390065091926834,stop_loss
A,2025-05-30T14:00:00+00:00,2025-05-30T15:00:00+00:00,short,1.1323877210617066,1.1348161697387695,1.0,-0.002428448677062933,-0.00214453815764274,stop_loss
A,2025-05-30T16:00:00+00:00,2025-05-30T20:00:00+00:00,long,1.1353161697387695,1.1350737810134888,1.0,-0.00024238872528070665,-0.00021349887523973085,end_of_day
A,2025-06-02T09:00:00+00:00,2025-06-02T10:00:00+00:00,long,1.1437491540908813,1.1416828632354736,1.0,-0.0020662908554076598,-0.0018065944337681882,stop_loss
A,2025-06-02T13:00:00+00:00,2025-06-02T14:00:00+00:00,short,1.1411828632354737,1.1432491540908813,1.0,-0.0020662908554076598,-0.00181065710148269,stop_loss
A,2025-06-02T15:00:00+00:00,2025-06-02T16:00:00+00:00,long,1.1437491540908813,1.1416828632354736,1.0,-0.0020662908554076598,-0.0018065944337681882,stop_loss
A,2025-06-02T18:00:00+00:00,2025-06-02T20:00:00+00:00,long,1.1437491540908813,1.1445575952529907,1.0,0.0008084411621094301,0.0007068343257066943,end_of_day
A,2025-06-03T10:00:00+00:00,2025-06-03T12:00:00+00:00,short,1.1404013271331788,1.1380879569053652,1.0,0.002313370227813527,0.0020285579933768056,take_profit
A,2025-06-05T10:00:00+00:00,2025-06-05T13:00:00+00:00,long,1.1427044038772582,1.144823224544525,1.0,0.002118820667266652,0.0018542158935218752,take_profit
A,2025-06-06T12:00:00+00:00,2025-06-06T13:00:00+00:00,short,1.1411828632354737,1.1382795858383181,1.0,0.002903277397155568,0.0025440948078419407,take_profit
A,2025-06-06T14:00:00+00:00,2025-06-06T20:00:00+00:00,short,1.1411828632354737,1.1398608684539795,1.0,0.0013219947814941957,0.001158442545961552,end_of_day
A,2025-06-09T11:00:00+00:00,2025-06-09T20:00:00+00:00,short,1.1417044038772584,1.1423349380493164,1.0,-0.0006305341720580504,-0.0005522744503014438,end_of_day
A,2025-06-10T09:00:00+00:00,2025-06-10T20:00:00+00:00,long,1.141922152519226,1.1427265405654907,1.0,0.0008043880462647035,0.0007044158347310461,end_of_day
A,2025-06-12T09:00:00+00:00,2025-06-12T10:00:00+00:00,long,1.155501163482666,1.1596463036537168,1.0,0.004145140171050832,0.003587309387519292,take_profit
A,2025-06-13T09:00:00+00:00,2025-06-13T15:00:00+00:00,short,1.1525035734176636,1.155001163482666,1.0,-0.0024975900650023863,-0.0021670996278093687,stop_loss
A,2025-06-13T17:00:00+00:00,2025-06-13T20:00:00+00:00,long,1.155501163482666,1.1558021306991577,1.0,0.0003009672164917543,0.00026046465897502246,end_of_day
A,2025-06-16T11:00:00+00:00,2025-06-16T12:00:00+00:00,short,1.1574434871673585,1.1587486267089844,1.0,-0.0013051395416259215,-0.0011276054132198052,stop_loss
A,2025-06-16T13:00:00+00:00,2025-06-16T14:00:00+00:00,long,1.1592486267089843,1.161206336021423,1.0,0.0019577093124387712,0.0016887743209983816,take_profit
A,2025-06-16T15:00:00+00:00,2025-06-16T17:00:00+00:00,long,1.1592486267089843,1.1579434871673584,1.0,-0.0013051395416259215,-0.001125849547332318,stop_loss
A,2025-06-16T19:00:00+00:00,2025-06-16T20:00:00+00:00,short,1.1574434871673585,1.156336784362793,1.0,0.0011067028045654848,0.0009561614168083033,end_of_day
A,2025-06-17T10:00:00+00:00,2025-06-17T12:00:00+00:00,long,1.156703031539917,1.155401587486267,1.0,-0.0013014440536498473,-0.0011251323962704902,stop_loss
A,2025-06-17T13:00:00+00:00,2025-06-17T14:00:00+00:00,long,1.156703031539917,1.155401587486267,1.0,-0.0013014440536498473,-0.0011251323962704902,stop_loss
A,2025-06-19T11:00:00+00:00,2025-06-19T16:00:00+00:00,long,1.1487374668121337,1.1462632417678833,1.0,-0.002474225044250433,-0.0021538646694589545,stop_loss
A,2025-06-19T18:00:00+00:00,2025-06-19T20:00:00+00:00,long,1.1487374668121337,1.1500862836837769,1.0,0.0013488168716431215,0.001174173308185228,end_of_day
A,2025-06-20T10:00:00+00:00,2025-06-20T11:00:00+00:00,long,1.1533706550598144,1.151543140411377,1.0,-0.001827514648437445,-0.0015844989990166424,stop_loss
A,2025-06-20T12:00:00+00:00,2025-06-20T15:00:00+00:00,short,1.151043140411377,1.1528706550598145,1.0,-0.001827514648437445,-0.0015877030011093246,stop_loss
A,2025-06-20T16:00:00+00:00,2025-06-20T20:00:00+00:00,long,1.1533706550598144,1.1526048183441162,1.0,-0.0007658367156981871,-0.0006639987868067187,end_of_day
A,2025-06-23T09:00:00+00:00,2025-06-23T14:00:00+00:00,short,1.1480011577606202,1.1500862836837769,1.0,-0.002085125923156683,-0.0018163099480004803,stop_loss
A,2025-06-24T09:00:00+00:00,2025-06-24T13:00:00+00:00,long,1.1607274179458618,1.159151554107666,1.0,-0.0015758638381957457,-0.0013576519463842343,stop_loss
A,2025-06-24T14:00:00+00:00,2025-06-24T15:00:00+00:00,long,1.1607274179458618,1.1630912137031553,1.0,0.0023637957572935075,0.0020364779195762555,take_profit
A,2025-06-26T11:00:00+00:00,2025-06-26T20:00:00+00:00,short,1.1705972785949708,1.1704120635986328,1.0,0.0001852149963379457,0.00015822264387992867,end_of_day
A,2025-06-27T09:00:00+00:00,2025-06-27T12:00:00+00:00,short,1.1707344884872437,1.1728830337524414,1.0,-0.002148545265197699,-0.0018352113876596618,stop_loss
A,2025-06-27T13:00:00+00:00,2025-06-27T14:00:00+00:00,long,1.1733830337524414,1.1712344884872437,1.0,-0.002148545265197699,-0.0018310689718486213,stop_loss
A,2025-06-27T15:00:00+00:00,2025-06-27T17:00:00+00:00,long,1.1733830337524414,1.1712344884872437,1.0,-0.002148545265197699,-0.0018310689718486213,stop_loss
A,2025-06-27T19:00:00+00:00,2025-06-27T20:00:00+00:00,short,1.1707344884872437,1.172195553779602,1.0,-0.0014610652923583434,-0.0012479903058517125,end_of_day
A,2025-06-30T12:00:00+00:00,2025-06-30T14:00:00+00:00,short,1.171695553779602,1.1732958555221558,1.0,-0.0016003017425536559,-0.0013657999617660709,stop_loss
A,2025-07-01T09:00:00+00:00,2025-07-01T15:00:00+00:00,long,1.1823934679031372,1.1778563261032104,1.0,-0.004537141799926703,-0.003837252084936577,stop_loss
A,2025-07-01T16:00:00+00:00,2025-07-01T20:00:00+00:00,short,1.1773563261032105,1.1809163093566895,1.0,-0.003559983253478949,-0.0030237092837150734,end_of_day
A,2025-07-03T09:00:00+00:00,2025-07-03T12:00:00+00:00,short,1.1795801753997803,1.1771573710441592,1.0,0.0024228043556211443,0.0020539547935349233,take_profit
A,2025-07-04T11:00:00+00:00,2025-07-04T12:00:00+00:00,long,1.1786338453292846,1.177163004875183,1.0,-0.0014708404541015074,-0.001247919750421376,stop_loss
A,2025-07-04T14:00:00+00:00,2025-07-04T20:00:00+00:00,long,1.1786338453292846,1.1778563261032104,1.0,-0.0007775192260741637,-0.0006596783463798647,end_of_day
A,2025-07-07T12:00:00+00:00,2025-07-07T20:00:00+00:00,short,1.1722453470230103,1.1710972785949707,1.0,0.0011480684280396058,0.0009793755470688765,end_of_day
A,2025-07-08T09:00:00+00:00,2025-07-08T12:00:00+00:00,short,1.1745881671905518,1.171972064971924,1.0,0.002616102218627736,0.002227250615749928,take_profit
A,2025-07-10T11:00:00+00:00,2025-07-10T13:00:00+00:00,short,1.1725204820632935,1.170531122684479,1.0,0.0019893593788145036,0.001696652134650827,take_profit
A,2025-07-11T10:00:00+00:00,2025-07-11T14:00:00+00:00,long,1.1699538593292236,1.1683608293533325,1.0,-0.0015930299758910582,-0.0013616177793578964,stop_loss
A,2025-07-11T15:00:00+00:00,2025-07-11T20:00:00+00:00,long,1.1699538593292236,1.1683608293533325,1.0,-0.0015930299758910582,-0.0013616177793578964,stop_loss
A,2025-07-14T10:00:00+00:00,2025-07-14T12:00:00+00:00,long,1.1698171262741088,1.1683608293533325,1.0,-0.0014562969207763121,-0.0012448928025311505,stop_loss
A,2025-07-14T13:00:00+00:00,2025-07-14T14:00:00+00:00,short,1.1678608293533326,1.1693171262741089,1.0,-0.0014562969207763121,-0.0012469781365838704,stop_loss
A,2025-07-14T15:00:00+00:00,2025-07-14T20:00:00+00:00,short,1.1678608293533326,1.1667250394821167,1.0,0.0011357898712158754,0.0009725387158029648,end_of_day
A,2025-07-15T10:00:00+00:00,2025-07-15T13:00:00+00:00,short,1.1679973239898682,1.1658125209808352,1.0,0.0021848030090330095,0.0018705548070690285,take_profit
A,2025-07-17T10:00:00+00:00,2025-07-17T20:00:00+00:00,short,1.1587857837677003,1.1599582433700562,1.0,-0.001172459602355902,-0.0010118001262871402,end_of_day
A,2025-07-18T11:00:00+00:00,2025-07-18T16:00:00+00:00,long,1.1651866798400878,1.1634671688079834,1.0,-0.0017195110321044371,-0.0014757386621862393,stop_loss
A,2025-07-18T17:00:00+00:00,2025-07-18T20:00:00+00:00,short,1.1629671688079835,1.1626555919647217,1.0,0.0003115768432617738,0.0002679154249738051,end_of_day
A,2025-07-21T11:00:00+00:00,2025-07-21T14:00:00+00:00,long,1.1660012369155883,1.1689898085594175,1.0,0.002988571643829152,0.0025630947457095255,take_profit
A,2025-07-22T10:00:00+00:00,2025-07-22T12:00:00+00:00,long,1.171048915863037,1.168770432472229,1.0,-0.0022784833908080504,-0.0019456773837059221,stop_loss
A,2025-07-22T13:00:00+00:00,2025-07-22T14:00:00+00:00,short,1.168270432472229,1.170548915863037,1.0,-0.0022784833908080504,-0.001950304764613832,stop_loss
A,2025-07-24T09:00:00+00:00,2025-07-24T13:00:00+00:00,short,1.1755554313659669,1.177163004875183,1.0,-0.0016075735092162535,-0.0013675012392638025,stop_loss
A,2025-07-24T14:00:00+00:00,2025-07-24T15:00:00+00:00,long,1.177663004875183,1.1760554313659668,1.0,-0.0016075735092162535,-0.0013650539267696835,stop_loss
A,2025-07-24T17:00:00+00:00,2025-07-24T20:00:00+00:00,long,1.177663004875183,1.1760554313659668,1.0,-0.0016075735092162535,-0.0013650539267696835,stop_loss
A,2025-07-25T09:00:00+00:00,2025-07-25T13:00:00+00:00,short,1.1740359897613526,1.1712140727043154,1.0,0.00282191705703716,0.0024036035365583414,take_profit
A,2025-07-25T15:00:00+00:00,2025-07-25T20:00:00+00:00,short,1.1740359897613526,1.1745359897613525,1.0,-0.0004999999999999449,-0.0004258813225151474,end_of_day
A,2025-07-28T09:00:00+00:00,2025-07-28T13:00:00+00:00,short,1.167042338371277,1.163630156517029,1.0,0.0034121818542478533,0.002923785831977519,take_profit
A,2025-07-29T09:00:00+00:00,2025-07-29T11:00:00+00:00,long,1.157773530960083,1.1555349826812744,1.0,-0.0022385482788085387,-0.0019334940892561465,stop_loss
A,2025-07-29T14:00:00+00:00,2025-07-29T20:00:00+00:00,short,1.1550349826812745,1.1548677682876587,1.0,0.00016721439361577772,0.00014476998196851984,end_of_day
A,2025-07-31T09:00:00+00:00,2025-07-31T20:00:00+00:00,short,1.1437956924438477,1.1418131589889526,1.0,0.0019825334548950746,0.0017332933390045995,end_of_day
A,2025-08-01T09:00:00+00:00,2025-08-01T11:00:00+00:00,short,1.1404013271331788,1.1423349380493164,1.0,-0.0019336109161376402,-0.0016955530216704391,stop_loss
A,2025-08-01T12:00:00+00:00,2025-08-01T13:00:00+00:00,short,1.1404013271331788,1.1423349380493164,1.0,-0.0019336109161376402,-0.0016955530216704391,stop_loss
A,2025-08-04T09:00:00+00:00,2025-08-04T20:00:00+00:00,long,1.1572380428314208,1.1576753854751587,1.0,0.00043734264373784804,0.0003779193455028486,end_of_day
A,2025-08-05T14:00:00+00:00,2025-08-05T15:00:00+00:00,long,1.1556345586776733,1.158583433628082,1.0,0.002948874950408742,0.002551736557431245,take_profit
A,2025-08-07T09:00:00+00:00,2025-08-07T14:00:00+00:00,short,1.1674514646530152,1.1634216594696047,1.0,0.004029805183410451,0.003451796760226064,take_profit
A,2025-08-08T09:00:00+00:00,2025-08-08T14:00:00+00:00,short,1.1635088558197022,1.1665889024734497,1.0,-0.0030800466537475035,-0.0026472051659439957,stop_loss
A,2025-08-11T09:00:00+00:00,2025-08-11T14:00:00+00:00,short,1.1643223400115967,1.161330728530884,1.0,0.002991611480712697,0.002569401425968431,take_profit
A,2025-08-12T09:00:00+00:00,2025-08-12T12:00:00+00:00,short,1.1610750789642335,1.1623852252960205,1.0,-0.0013101463317870543,-0.0011283907092001352,stop_loss
A,2025-08-12T13:00:00+00:00,2025-08-12T14:00:00+00:00,long,1.1628852252960205,1.164850444793701,1.0,0.0019652194976804704,0.0016899513855120228,take_profit
A,2025-08-14T10:00:00+00:00,2025-08-14T12:00:00+00:00,long,1.169270432472229,1.1671334505081177,1.0,-0.002136981964111273,-0.0018276199455355918,stop_loss
A,2025-08-14T13:00:00+00:00,2025-08-14T20:00:00+00:00,short,1.1666334505081177,1.1650937795639038,1.0,0.0015396709442139223,0.0013197555269337862,end_of_day
A,2025-08-15T10:00:00+00:00,2025-08-15T12:00:00+00:00,long,1.169270432472229,1.1680878400802612,1.0,-0.0011825923919677184,-0.0010113933946549237,stop_loss
A,2025-08-15T13:00:00+00:00,2025-08-15T14:00:00+00:00,long,1.169270432472229,1.1710443210601804,1.0,0.0017738885879514665,0.0015170900919822905,take_profit
A,2025-08-18T14:00:00+00:00,2025-08-18T20:00:00+00:00,short,1.167042338371277,1.1665889024734497,1.0,0.0004534358978272035,0.000388534231294486,end_of_day
A,2025-08-19T10:00:00+00:00,2025-08-19T13:00:00+00:00,long,1.169270432472229,1.1675423383712769,1.0,-0.0017280941009520934,-0.0014779250829924128,stop_loss
A,2025-08-19T14:00:00+00:00,2025-08-19T20:00:00+00:00,short,1.167042338371277,1.164958119392395,1.0,0.002084218978881891,0.001785898343491655,end_of_day
A,2025-08-21T11:00:00+00:00,2025-08-21T13:00:00+00:00,short,1.1650012369155884,1.1632319974899294,1.0,0.001769239425658986,0.0015186588388036008,take_profit
A,2025-08-22T11:00:00+00:00,2025-08-22T14:00:00+00:00,long,1.1607274179458618,1.1624864649772642,1.0,0.0017590470314023943,0.0015154695273032993,take_profit
A,2025-08-25T09:00:00+00:00,2025-08-25T15:00:00+00:00,short,1.1697749729156495,1.1673798847198489,1.0,0.0023950881958005876,0.0020474777211473933,take_profit
A,2025-08-26T09:00:00+00:00,2025-08-26T14:00:00+00:00,long,1.1632906560897827,1.1666731548309324,1.0,0.0033824987411497087,0.002907698710930459,take_profit
A,2025-08-28T09:00:00+00:00,2025-08-28T12:00:00+00:00,long,1.1653223400115966,1.1681050968170164,1.0,0.0027827568054197283,0.0023879717309736254,take_profit
A,2025-08-29T11:00:00+00:00,2025-08-29T14:00:00+00:00,short,1.1667697067260743,1.1691803932189941,1.0,-0.002410686492919867,-0.0020661202283732503,stop_loss
A,2025-08-29T20:00:00+00:00,2025-08-29T20:00:00+00:00,long,1.169680393218994,1.1690436601638794,1.0,-0.000636733055114691,-0.0005443649896211249,end_of_day
A,2025-09-01T12:00:00+00:00,2025-09-01T20:00:00+00:00,short,1.1714207763671876,1.1713716983795166,1.0,4.9077987670953505e-05,4.1896121923971895e-05,end_of_day
A,2025-09-02T09:00:00+00:00,2025-09-02T14:00:00+00:00,short,1.163373314857483,1.1659088134765625,1.0,-0.0025354986190795348,-0.002179436803903433,stop_loss
A,2025-09-02T15:00:00+00:00,2025-09-02T18:00:00+00:00,long,1.1664088134765624,1.163873314857483,1.0,-0.0025354986190795348,-0.002173764969695578,stop_loss
A,2025-09-04T09:00:00+00:00,2025-09-04T10:00:00+00:00,short,1.1648653383255005,1.1661807298660278,1.0,-0.0013153915405272887,-0.0011292219772099754,stop_loss
A,2025-09-04T11:00:00+00:00,2025-09-04T20:00:00+00:00,short,1.1648653383255005,1.1652295589447021,1.0,-0.0003642206192016051,-0.00031267186619628835,end_of_day
A,2025-09-05T09:00:00+00:00,2025-09-05T12:00:00+00:00,long,1.169270432472229,1.1712488842010496,1.0,0.001978451728820607,0.001692039475108849,take_profit
A,2025-09-08T09:00:00+00:00,2025-09-08T12:00:00+00:00,short,1.1725204820632935,1.1745359897613525,1.0,-0.002015507698059027,-0.001718953083456864,stop_loss
A,2025-09-08T13:00:00+00:00,2025-09-08T20:00:00+00:00,long,1.1750359897613525,1.1766090393066406,1.0,0.001573049545288141,0.0013387245658812751,end_of_day
A,2025-09-09T09:00:00+00:00,2025-09-09T11:00:00+00:00,long,1.1769705181121826,1.1748120784759521,1.0,-0.0021584396362304137,-0.0018338943949866063,stop_loss
A,2025-09-09T12:00:00+00:00,2025-09-09T18:00:00+00:00,short,1.1743120784759522,1.1710744190216067,1.0,0.0032376594543455095,0.0027570690225271416,take_profit
A,2025-09-11T09:00:00+00:00,2025-09-11T12:00:00+00:00,short,1.168817126274109,1.169864296913147,1.0,-0.0010471706390380309,-0.0008959234216358071,stop_loss_intrabar_conflict
A,2025-09-12T12:00:00+00:00,2025-09-12T18:00:00+00:00,short,1.1714207763671876,1.1743981838226318,1.0,-0.002977407455444281,-0.0025417062045611167,stop_loss
A,2025-09-15T09:00:00+00:00,2025-09-15T20:00:00+00:00,long,1.1751740341186523,1.1764705181121826,1.0,0.0012964839935303285,0.0011032272292355876,end_of_day
A,2025-09-16T09:00:00+00:00,2025-09-16T14:00:00+00:00,long,1.1811375980377197,1.1837674689292905,1.0,0.0026298708915708513,0.002226557596625475,take_profit
A,2025-09-18T09:00:00+00:00,2025-09-18T11:00:00+00:00,long,1.1842121248245239,1.1824523210525513,1.0,-0.0017598037719726012,-0.0014860545126012524,stop_loss
A,2025-09-18T12:00:00+00:00,2025-09-18T13:00:00+00:00,short,1.1819523210525513,1.1793126153945925,1.0,0.0026397056579587908,0.002233343605271727,take_profit
A,2025-09-19T11:00:00+00:00,2025-09-19T20:00:00+00:00,short,1.1751407022476197,1.1746740341186523,1.0,0.0004666681289673402,0.0003971168116930787,end_of_day
A,2025-09-22T09:00:00+00:00,2025-09-22T20:00:00+00:00,long,1.177663004875183,1.18035888671875,1.0,0.0026958818435669496,0.002289179359805633,end_of_day
A,2025-09-23T09:00:00+00:00,2025-09-23T12:00:00+00:00,long,1.1812769536972045,1.1789672374725342,1.0,-0.002309716224670355,-0.001955270707213342,stop_loss
A,2025-09-23T17:00:00+00:00,2025-09-23T20:00:00+00:00,long,1.1812769536972045,1.1816140413284302,1.0,0.000337087631225641,0.00028535867915700173,end_of_day
A,2025-09-25T09:00:00+00:00,2025-09-25T12:00:00+00:00,long,1.175312078475952,1.173433542251587,1.0,-0.0018785362243651793,-0.001598329719201993,stop_loss
A,2025-09-26T10:00:00+00:00,2025-09-26T13:00:00+00:00,short,1.167042338371277,1.1690436601638794,1.0,-0.002001321792602484,-0.0017148664849602,stop_loss
A,2025-09-26T14:00:00+00:00,2025-09-26T20:00:00+00:00,long,1.1695436601638793,1.1706860065460205,1.0,0.0011423463821411683,0.0009767453931400047,end_of_day
A,2025-09-29T12:00:00+00:00,2025-09-29T20:00:00+00:00,long,1.1735204820632934,1.1730204820632935,1.0,-0.0004999999999999449,-0.00042606840497648647,end_of_day
A,2025-09-30T11:00:00+00:00,2025-09-30T16:00:00+00:00,short,1.1741740341186524,1.1761938333511353,1.0,-0.002019799232482855,-0.0017201872753036462,stop_loss
A,2025-09-30T18:00:00+00:00,2025-09-30T20:00:00+00:00,short,1.1741740341186524,1.1737089157104492,1.0,0.00046511840820318007,0.0003961239089674666,end_of_day
A,2025-10-02T12:00:00+00:00,2025-10-02T13:00:00+00:00,short,1.1744500036239625,1.172041862010956,1.0,0.002408141613006398,0.0020504419988723855,take_profit
A,2025-10-03T14:00:00+00:00,2025-10-03T17:00:00+00:00,long,1.175312078475952,1.1737089157104492,1.0,-0.0016031627655028746,-0.001364031557968607,stop_loss
A,2025-10-03T18:00:00+00:00,2025-10-03T20:00:00+00:00,short,1.1732089157104493,1.1748120784759521,1.0,-0.0016031627655028746,-0.0013664768005381737,stop_loss
A,2025-10-06T12:00:00+00:00,2025-10-06T20:00:00+00:00,long,1.1687243347167968,1.1716461181640625,1.0,0.00292178344726568,0.002499976564596545,end_of_day
A,2025-10-07T11:00:00+00:00,2025-10-07T20:00:00+00:00,short,1.1663611764907837,1.1663167476654053,1.0,4.4428825378473036e-05,3.8091824620007916e-05,end_of_day
A,2025-10-09T09:00:00+00:00,2025-10-09T13:00:00+00:00,long,1.1622100238800048,1.1607661247253418,1.0,-0.0014438991546630309,-0.001242373688916066,stop_loss
A,2025-10-09T14:00:00+00:00,2025-10-09T15:00:00+00:00,short,1.1602661247253419,1.1581002759933474,1.0,0.0021658487319944353,0.0018666827254886329,take_profit
A,2025-10-10T09:00:00+00:00,2025-10-10T15:00:00+00:00,short,1.157577597618103,1.159151554107666,1.0,-0.0015739564895629332,-0.0013596984710153295,stop_loss
A,2025-10-13T11:00:00+00:00,2025-10-13T20:00:00+00:00,short,1.1579800481796265,1.1574074029922485,1.0,0.0005726451873779848,0.0004945207719927448,end_of_day
A,2025-10-14T13:00:00+00:00,2025-10-14T14:00:00+00:00,long,1.156836784362793,1.1595902156829831,1.0,0.002753431320190236,0.002380138112315366,take_profit
A,2025-10-16T14:00:00+00:00,2025-10-16T17:00:00+00:00,long,1.1668167476654052,1.1689938616752622,1.0,0.002177114009856984,0.0018658576972031004,take_profit
A,2025-10-17T11:00:00+00:00,2025-10-17T20:00:00+00:00,short,1.1690905923843384,1.1657729148864746,1.0,0.0033176774978638246,0.0028378275554313405,end_of_day
A,2025-10-20T10:00:00+00:00,2025-10-20T20:00:00+00:00,short,1.1658167476654053,1.1645511388778687,1.0,0.0012656087875366762,0.0010855983927758016,end_of_day
A,2025-10-21T10:00:00+00:00,2025-10-21T20:00:00+00:00,short,1.161210023880005,1.1603620052337646,1.0,0.0008480186462402894,0.0007302887753300349,end_of_day
A,2025-10-23T10:00:00+00:00,2025-10-23T12:00:00+00:00,short,1.15918918800354,1.1609008312225342,1.0,-0.0017116432189940856,-0.0014765865975182458,stop_loss
A,2025-10-23T14:00:00+00:00,2025-10-23T20:00:00+00:00,long,1.1614008312225341,1.1621150970458984,1.0,0.0007142658233643129,0.0006150037128976822,end_of_day
A,2025-10-24T12:00:00+00:00,2025-10-24T20:00:00+00:00,long,1.163020408630371,1.1629259586334229,1.0,-9.444999694818712e-05,-8.121095403597947e-05,end_of_day
A,2025-10-27T09:00:00+00:00,2025-10-27T20:00:00+00:00,long,1.164102590560913,1.164686679840088,1.0,0.0005840892791748598,0.0005017506909708201,end_of_day
A,2025-10-28T12:00:00+00:00,2025-10-28T14:00:00+00:00,short,1.1648653383255005,1.1665889024734497,1.0,-0.0017235641479491637,-0.0014796252332709937,stop_loss
A,2025-10-28T17:00:00+00:00,2025-10-28T20:00:00+00:00,long,1.1670889024734497,1.1656370162963867,1.0,-0.0014518861770629332,-0.0012440236334917618,end_of_day
A,2025-10-30T09:00:00+00:00,2025-10-30T10:00:00+00:00,long,1.1628852252960205,1.1610356569290161,1.0,-0.0018495683670043395,-0.00159049949794789,stop_loss
A,2025-10-30T11:00:00+00:00,2025-10-30T12:00:00+00:00,short,1.1605356569290162,1.1577613043785098,1.0,0.002774352550506398,0.0023905793276941,take_profit
A,2025-10-31T09:00:00+00:00,2025-10-31T11:00:00+00:00,long,1.1579074029922485,1.156336784362793,1.0,-0.0015706186294555113,-0.0013564285239016005,stop_loss
A,2025-10-31T12:00:00+00:00,2025-10-31T13:00:00+00:00,short,1.155836784362793,1.1534808564186099,1.0,0.002355927944183156,0.0020382877375562736,take_profit
A,2025-11-03T14:00:00+00:00,2025-11-03T17:00:00+00:00,short,1.150910460472107,1.154068112373352,1.0,-0.003157651901245062,-0.002743612131172901,stop_loss
A,2025-11-04T09:00:00+00:00,2025-11-04T12:00:00+00:00,short,1.1511757011413575,1.1482345151901248,1.0,0.0029411859512327165,0.002554940960199747,take_profit
A,2025-11-06T12:00:00+00:00,2025-11-06T20:00:00+00:00,long,1.1531048183441162,1.1551345586776733,1.0,0.002029740333557184,0.0017602392265361753,end_of_day
A,2025-11-07T10:00:00+00:00,2025-11-07T13:00:00+00:00,long,1.154834545135498,1.1569825124740598,1.0,0.002147967338561818,0.0018599784251429668,take_profit
A,2025-11-10T10:00:00+00:00,2025-11-10T20:00:00+00:00,short,1.1565056676864625,1.156738042831421,1.0,-0.00023237514495844103,-0.00020092866939709603,end_of_day
A,2025-11-11T10:00:00+00:00,2025-11-11T13:00:00+00:00,long,1.1576395397186279,1.160395653247833,1.0,0.0027561135292051286,0.0023808045895486784,take_profit
A,2025-11-13T09:00:00+00:00,2025-11-13T11:00:00+00:00,long,1.163561261177063,1.16130530834198,1.0,-0.0022559528350829527,-0.0019388346023146408,stop_loss
A,2025-11-13T15:00:00+00:00,2025-11-13T20:00:00+00:00,long,1.163561261177063,1.163602590560913,1.0,4.132938385015272e-05,3.551973173148078e-05,end_of_day
A,2025-11-14T10:00:00+00:00,2025-11-14T12:00:00+00:00,short,1.1618852252960206,1.163873314857483,1.0,-0.0019880895614623473,-0.0017110894589057448,stop_loss
A,2025-11-14T13:00:00+00:00,2025-11-14T15:00:00+00:00,long,1.1643733148574829,1.1623852252960205,1.0,-0.0019880895614623473,-0.0017074331196826559,stop_loss
A,2025-11-14T16:00:00+00:00,2025-11-14T20:00:00+00:00,short,1.1618852252960206,1.1623852252960205,1.0,-0.0004999999999999449,-0.00043033510463355524,end_of_day
A,2025-11-17T13:00:00+00:00,2025-11-17T20:00:00+00:00,short,1.1597274179458619,1.159151554107666,1.0,0.0005758638381958558,0.0004965510250812559,end_of_day
A,2025-11-18T10:00:00+00:00,2025-11-18T15:00:00+00:00,short,1.1589202518463135,1.1610356569290161,1.0,-0.0021154050827025817,-0.001825324114694226,stop_loss
A,2025-11-18T19:00:00+00:00,2025-11-18T20:00:00+00:00,short,1.1589202518463135,1.1583458185195923,1.0,0.0005744333267212465,0.0004956625150057547,end_of_day
A,2025-11-20T09:00:00+00:00,2025-11-20T12:00:00+00:00,long,1.1531048183441162,1.151543140411377,1.0,-0.0015616779327392027,-0.0013543243492658427,stop_loss
A,2025-11-20T13:00:00+00:00,2025-11-20T20:00:00+00:00,long,1.1531048183441162,1.1530035734176636,1.0,-0.00010124492645258165,-8.780201490959997e-05,end_of_day
A,2025-11-21T09:00:00+00:00,2025-11-21T16:00:00+00:00,short,1.1533017988204957,1.1499520230293276,1.0,0.0033497757911680193,0.0029045092920117707,take_profit
A,2025-11-24T10:00:00+00:00,2025-11-24T17:00:00+00:00,long,1.1541686420440673,1.1519410610198975,1.0,-0.002227581024169867,-0.0019300307970807056,stop_loss
A,2025-11-25T10:00:00+00:00,2025-11-25T14:00:00+00:00,long,1.1541686420440673,1.1567135763168332,1.0,0.0025449342727659197,0.0022049934299538452,take_profit
A,2025-11-27T09:00:00+00:00,2025-11-27T13:00:00+00:00,short,1.1585172052383423,1.1599582433700562,1.0,-0.0014410381317138121,-0.0012438642475036412,stop_loss
A,2025-11-27T17:00:00+00:00,2025-11-27T20:00:00+00:00,long,1.160458243370056,1.1598236560821533,1.0,-0.000634587287902777,-0.0005468419837838274,end_of_day
A,2025-11-28T10:00:00+00:00,2025-11-28T14:00:00+00:00,short,1.1565056676864625,1.1583458185195923,1.0,-0.0018401508331298277,-0.0015911299741496008,stop_loss
A,2025-11-28T15:00:00+00:00,2025-11-28T20:00:00+00:00,long,1.1588458185195922,1.160496711730957,1.0,0.0016508932113648012,0.0014246012584088123,end_of_day
A,2025-12-01T10:00:00+00:00,2025-12-01T20:00:00+00:00,long,1.163020408630371,1.161170482635498,1.0,-0.0018499259948729918,-0.0015906221259277418,end_of_day
A,2025-12-02T09:00:00+00:00,2025-12-02T12:00:00+00:00,short,1.16080530834198,1.1619800329208374,1.0,-0.0011747245788573668,-0.0010119910465737516,stop_loss
A,2025-12-02T14:00:00+00:00,2025-12-02T15:00:00+00:00,long,1.1624800329208373,1.16130530834198,1.0,-0.0011747245788573668,-0.0010105331236578438,stop_loss
A,2025-12-02T16:00:00+00:00,2025-12-02T19:00:00+00:00,short,1.16080530834198,1.1619800329208374,1.0,-0.0011747245788573668,-0.0010119910465737516,stop_loss
A,2025-12-02T20:00:00+00:00,2025-12-02T20:00:00+00:00,long,1.1624800329208373,1.1627906560897827,1.0,0.00031062316894536757,0.00026720731552257155,end_of_day
A,2025-12-04T13:00:00+00:00,2025-12-04T20:00:00+00:00,short,1.1663611764907837,1.164686679840088,1.0,0.0016744966506958558,0.001435658768867713,end_of_day
A,2025-12-05T10:00:00+00:00,2025-12-05T20:00:00+00:00,short,1.1651370162963868,1.164686679840088,1.0,0.0004503364562988832,0.00038650944052087937,end_of_day
A,2025-12-08T14:00:00+00:00,2025-12-08T20:00:00+00:00,short,1.1647295589447022,1.1641442775726318,1.0,0.0005852813720703676,0.0005025040942557164,end_of_day
A,2025-12-09T09:00:00+00:00,2025-12-09T13:00:00+00:00,long,1.165729558944702,1.1637378931045532,1.0,-0.0019916658401488707,-0.0017085144876585806,stop_loss
A,2025-12-09T14:00:00+00:00,2025-12-09T20:00:00+00:00,short,1.1632378931045533,1.163061261177063,1.0,0.00017663192749028944,0.0001518450598431576,end_of_day
A,2025-12-11T09:00:00+00:00,2025-12-11T10:00:00+00:00,short,1.1692274446487427,1.1709601879119873,1.0,-0.0017327432632445738,-0.0014819556889251104,stop_loss
A,2025-12-11T11:00:00+00:00,2025-12-11T14:00:00+00:00,long,1.1714601879119872,1.174059302806854,1.0,0.0025991148948667497,0.002218696735652124,take_profit
A,2025-12-12T10:00:00+00:00,2025-12-12T14:00:00+00:00,short,1.172933542251587,1.1745359897613525,1.0,-0.00160244750976557,-0.0013661878120472873,stop_loss
A,2025-12-12T17:00:00+00:00,2025-12-12T20:00:00+00:00,long,1.1750359897613525,1.1742602586746216,1.0,-0.000775731086730902,-0.0006601764486281407,end_of_day
A,2025-12-15T09:00:00+00:00,2025-12-15T15:00:00+00:00,long,1.1746223335266113,1.1770251107215879,1.0,0.002402777194976613,0.0020455742466284187,take_profit
A,2025-12-15T18:00:00+00:00,2025-12-15T20:00:00+00:00,long,1.1746223335266113,1.1755025386810303,1.0,0.0008802051544190004,0.0007493516250251504,end_of_day
A,2025-12-16T12:00:00+00:00,2025-12-16T15:00:00+00:00,long,1.177247441291809,1.1804863524436948,1.0,0.0032389111518857927,0.0027512577545564195,take_profit
A,2025-12-16T16:00:00+00:00,2025-12-16T18:00:00+00:00,long,1.177247441291809,1.1750881671905518,1.0,-0.002159274101257269,-0.0018341718363710092,stop_loss
A,2025-12-16T19:00:00+00:00,2025-12-16T20:00:00+00:00,short,1.1745881671905518,1.1752262115478516,1.0,-0.0006380443572997496,-0.0005432068661357804,end_of_day
A,2025-12-18T09:00:00+00:00,2025-12-18T13:00:00+00:00,short,1.1726581687927247,1.1739845275878906,1.0,-0.0013263587951659606,-0.0011310702730459583,stop_loss
A,2025-12-18T14:00:00+00:00,2025-12-18T15:00:00+00:00,long,1.1744845275878906,1.1731581687927246,1.0,-0.0013263587951659606,-0.0011293114247234771,stop_loss
A,2025-12-18T16:00:00+00:00,2025-12-18T17:00:00+00:00,long,1.1744845275878906,1.1731581687927246,1.0,-0.0013263587951659606,-0.0011293114247234771,stop_loss
A,2025-12-18T18:00:00+00:00,2025-12-18T20:00:00+00:00,short,1.1726581687927247,1.1724703311920166,1.0,0.00018783760070806288,0.00016018103630442067,end_of_day
A,2025-12-19T14:00:00+00:00,2025-12-19T20:00:00+00:00,long,1.1724207763671874,1.1713716983795166,1.0,-0.0010490779876708434,-0.0008947964833252711,end_of_day
A,2025-12-22T12:00:00+00:00,2025-12-22T20:00:00+00:00,long,1.1746223335266113,1.1757789850234985,1.0,0.001156651496887262,0.0009847007534878086,end_of_day
A,2025-12-23T09:00:00+00:00,2025-12-23T13:00:00+00:00,long,1.1791893606185913,1.177994966506958,1.0,-0.0011943941116332457,-0.001012894240333612,stop_loss
A,2025-12-23T14:00:00+00:00,2025-12-23T19:00:00+00:00,short,1.177494966506958,1.1786893606185913,1.0,-0.0011943941116332457,-0.001014351776956142,stop_loss
A,2025-12-23T20:00:00+00:00,2025-12-23T20:00:00+00:00,long,1.1791893606185913,1.1793843507766724,1.0,0.00019499015808110975,0.00016535949576310612,end_of_day
A,2025-12-26T11:00:00+00:00,2025-12-26T16:00:00+00:00,long,1.178494966506958,1.177024483680725,1.0,-0.001470482826232855,-0.0012477633490377519,stop_loss
A,2025-12-26T17:00:00+00:00,2025-12-26T19:00:00+00:00,short,1.1765244836807252,1.177994966506958,1.0,-0.001470482826232855,-0.0012498531451147444,stop_loss
A,2025-12-29T10:00:00+00:00,2025-12-29T14:00:00+00:00,short,1.1770789260864258,1.1792453527450562,1.0,-0.002166426658630316,-0.0018405109552282039,stop_loss
A,2025-12-29T16:00:00+00:00,2025-12-29T20:00:00+00:00,short,1.1770789260864258,1.1774401664733887,1.0,-0.00036124038696283556,-0.00030689563712086356,end_of_day
A,2025-12-30T12:00:00+00:00,2025-12-30T20:00:00+00:00,short,1.1765244836807252,1.1746740341186523,1.0,0.001850449562072809,0.0015728100755572271,end_of_day
A,2026-01-02T10:00:00+00:00,2026-01-02T15:00:00+00:00,short,1.1723830337524415,1.1739845275878906,1.0,-0.0016014938354491637,-0.0013660158747975644,stop_loss
A,2026-01-02T16:00:00+00:00,2026-01-02T18:00:00+00:00,long,1.1744845275878906,1.1728830337524414,1.0,-0.0016014938354491637,-0.0013635716757701762,stop_loss
A,2026-01-02T19:00:00+00:00,2026-01-02T20:00:00+00:00,short,1.1723830337524415,1.17205810546875,1.0,0.0003249282836914613,0.0002771519838968197,end_of_day
A,2026-01-05T09:00:00+00:00,2026-01-05T15:00:00+00:00,short,1.1679973239898682,1.1697274446487427,1.0,-0.0017301206588744567,-0.0014812710811394501,stop_loss
A,2026-01-06T09:00:00+00:00,2026-01-06T15:00:00+00:00,short,1.1725204820632935,1.170117704868317,1.0,0.002402777194976613,0.002049241127752777,take_profit
A,2026-01-08T13:00:00+00:00,2026-01-08T19:00:00+00:00,short,1.1667697067260743,1.1645877647399905,1.0,0.0021819419860837908,0.0018700708233214793,take_profit
A,2026-01-09T13:00:00+00:00,2026-01-09T14:00:00+00:00,long,1.1660012369155883,1.1645511388778687,1.0,-0.0014500980377196715,-0.0012436505140900208,stop_loss
A,2026-01-09T15:00:00+00:00,2026-01-09T20:00:00+00:00,short,1.1640511388778687,1.163873314857483,1.0,0.00017782402038579725,0.0001527630655103499,end_of_day
A,2026-01-12T13:00:00+00:00,2026-01-12T14:00:00+00:00,long,1.1699538593292236,1.1679514646530151,1.0,-0.002002394676208441,-0.0017115159373519958,stop_loss
A,2026-01-12T17:00:00+00:00,2026-01-12T20:00:00+00:00,short,1.1674514646530152,1.1667250394821167,1.0,0.0007264251708984926,0.000622231581262693,end_of_day
A,2026-01-13T09:00:00+00:00,2026-01-13T12:00:00+00:00,long,1.1676334505081176,1.1661807298660278,1.0,-0.0014527206420897887,-0.0012441581229602578,stop_loss
A,2026-01-13T13:00:00+00:00,2026-01-13T14:00:00+00:00,short,1.1656807298660279,1.1671334505081177,1.0,-0.0014527206420897887,-0.001246242307065289,stop_loss
A,2026-01-13T15:00:00+00:00,2026-01-13T20:00:00+00:00,short,1.1656807298660279,1.164958119392395,1.0,0.0007226104736328676,0.0006199042800646773,end_of_day
A,2026-01-15T10:00:00+00:00,2026-01-15T12:00:00+00:00,long,1.1643733148574829,1.163061261177063,1.0,-0.0013120536804198668,-0.0011268324889259934,stop_loss
A,2026-01-15T13:00:00+00:00,2026-01-15T14:00:00+00:00,short,1.162561261177063,1.1605931806564334,1.0,0.001968080520629689,0.0016928832796622338,take_profit
A,2026-01-16T10:00:00+00:00,2026-01-16T15:00:00+00:00,long,1.1622100238800048,1.161170482635498,1.0,-0.0010395412445067809,-0.0008944521413060113,stop_loss
A,2026-01-16T16:00:00+00:00,2026-01-16T20:00:00+00:00,short,1.160670482635498,1.1603620052337646,1.0,0.0003084774017334535,0.00026577517594227393,end_of_day
A,2026-01-19T09:00:00+00:00,2026-01-19T10:00:00+00:00,short,1.16175004196167,1.1631964445114136,1.0,-0.0014464025497435973,-0.001245020441145221,stop_loss
A,2026-01-19T13:00:00+00:00,2026-01-19T20:00:00+00:00,long,1.1636964445114135,1.1648223400115967,1.0,0.0011258955001831605,0.0009675164906565269,end_of_day
A,2026-01-20T09:00:00+00:00,2026-01-20T20:00:00+00:00,long,1.1729703311920165,1.172195553779602,1.0,-0.0007747774124144957,-0.0006605260097475251,end_of_day
A,2026-01-22T11:00:00+00:00,2026-01-22T14:00:00+00:00,long,1.170364296913147,1.1727550935745237,1.0,0.0023907966613767595,0.0020427798999700527,take_profit
A,2026-01-23T15:00:00+00:00,2026-01-23T17:00:00+00:00,long,1.175312078475952,1.1785429430007932,1.0,0.003230864524841115,0.002748941820652974,take_profit
A,2026-01-26T09:00:00+00:00,2026-01-26T13:00:00+00:00,long,1.1867396001815795,1.1842728853225708,1.0,-0.002466714859008734,-0.002078564546621103,stop_loss
A,2026-01-26T14:00:00+00:00,2026-01-26T16:00:00+00:00,long,1.1867396001815795,1.1904396724700925,1.0,0.00370007228851299,0.003117846819931561,take_profit
A,2026-01-27T09:00:00+00:00,2026-01-27T12:00:00+00:00,long,1.1874436502456664,1.1903045487403867,1.0,0.0028608984947202654,0.002409292006511958,take_profit
A,2026-01-29T09:00:00+00:00,2026-01-29T15:00:00+00:00,short,1.1961016292572022,1.191908566951752,1.0,0.004193062305450246,0.0035056070511785883,take_profit
A,2026-01-29T17:00:00+00:00,2026-01-29T20:00:00+00:00,short,1.1961016292572022,1.1967447996139526,1.0,-0.0006431703567504332,-0.0005377221642527584,end_of_day
A,2026-01-30T09:00:00+00:00,2026-01-30T11:00:00+00:00,short,1.1922480697631836,1.1946003437042236,1.0,-0.002352273941039984,-0.0019729735788183884,stop_loss
A,2026-01-30T12:00:00+00:00,2026-01-30T13:00:00+00:00,long,1.1951003437042236,1.1927480697631836,1.0,-0.002352273941039984,-0.001968264801722917,stop_loss
A,2026-01-30T14:00:00+00:00,2026-01-30T16:00:00+00:00,short,1.1922480697631836,1.1887196588516238,1.0,0.003528410911559865,0.0029594603682274894,take_profit
A,2026-02-02T11:00:00+00:00,2026-02-02T12:00:00+00:00,long,1.1873027448654174,1.1848341226577759,1.0,-0.0024686222076415465,-0.0020791851263860833,stop_loss
A,2026-02-02T13:00:00+00:00,2026-02-02T15:00:00+00:00,short,1.184334122657776,1.1806311893463137,1.0,0.0037029333114622087,0.0031265951395138556,take_profit
A,2026-02-03T09:00:00+00:00,2026-02-03T16:00:00+00:00,short,1.1802769536972046,1.1823126077651978,1.0,-0.002035654067993109,-0.0017247257617091013,stop_loss
A,2026-02-03T17:00:00+00:00,2026-02-03T20:00:00+00:00,long,1.1828126077651977,1.1824523210525513,1.0,-0.0003602867126464293,-0.00030460168439289283,end_of_day
A,2026-02-05T09:00:00+00:00,2026-02-05T13:00:00+00:00,short,1.179440938949585,1.1810559034347534,1.0,-0.001614964485168402,-0.0013692627005186847,stop_loss
A,2026-02-05T14:00:00+00:00,2026-02-05T15:00:00+00:00,long,1.1815559034347534,1.179940938949585,1.0,-0.001614964485168402,-0.0013668117441364735,stop_loss
A,2026-02-05T16:00:00+00:00,2026-02-05T20:00:00+00:00,short,1.179440938949585,1.1784114837646484,1.0,0.0010294551849365785,0.0008728331796362907,end_of_day
A,2026-02-06T13:00:00+00:00,2026-02-06T14:00:00+00:00,long,1.180440938949585,1.1824429941177366,1.0,0.002002055168151662,0.0016960231571883555,take_profit
A,2026-02-09T09:00:00+00:00,2026-02-09T13:00:00+00:00,long,1.1873027448654174,1.1899522852897642,1.0,0.00264954042434673,0.0022315626202372334,take_profit
A,2026-02-10T12:00:00+00:00,2026-02-10T14:00:00+00:00,short,1.1901179189682007,1.1920371055603027,1.0,-0.0019191865921019957,-0.0016126020468340458,stop_loss
A,2026-02-10T16:00:00+00:00,2026-02-10T20:00:00+00:00,short,1.1901179189682007,1.18990957736969,1.0,0.00020834159851079725,0.00017505962660525575,end_of_day
A,2026-02-12T09:00:00+00:00,2026-02-12T12:00:00+00:00,long,1.1888541345596313,1.1875073909759521,1.0,-0.0013467435836791442,-0.0011328080918673823,stop_loss
A,2026-02-12T14:00:00+00:00,2026-02-12T16:00:00+00:00,long,1.1888541345596313,1.1875073909759521,1.0,-0.0013467435836791442,-0.0011328080918673823,stop_loss
A,2026-02-12T17:00:00+00:00,2026-02-12T20:00:00+00:00,short,1.1870073909759522,1.1873664855957031,1.0,-0.0003590946197509215,-0.0003025209636274257,end_of_day
A,2026-02-13T13:00:00+00:00,2026-02-13T15:00:00+00:00,long,1.187161958694458,1.1859582662582397,1.0,-0.0012036924362182067,-0.0010139243659238607,stop_loss
A,2026-02-13T16:00:00+00:00,2026-02-13T17:00:00+00:00,short,1.1854582662582398,1.186661958694458,1.0,-0.0012036924362182067,-0.0010153815368106722,stop_loss
A,2026-02-13T19:00:00+00:00,2026-02-13T20:00:00+00:00,long,1.187161958694458,1.1877895593643188,1.0,0.0006276006698608949,0.0005286563179223481,end_of_day
A,2026-02-16T12:00:00+00:00,2026-02-16T20:00:00+00:00,short,1.1855989332199097,1.1858175992965698,1.0,-0.00021866607666010118,-0.00018443511590065013,end_of_day
A,2026-02-17T13:00:00+00:00,2026-02-17T18:00:00+00:00,short,1.18293186378479,1.1848341226577759,1.0,-0.0019022588729857848,-0.001608088285744124,stop_loss
A,2026-02-17T19:00:00+00:00,2026-02-17T20:00:00+00:00,long,1.1853341226577758,1.1855363845825195,1.0,0.0002022619247437074,0.00017063705572753813,end_of_day
A,2026-02-19T10:00:00+00:00,2026-02-19T12:00:00+00:00,short,1.1795801753997803,1.177785007953644,1.0,0.001795167446136281,0.0015218698004379968,take_profit
A,2026-02-20T11:00:00+00:00,2026-02-20T15:00:00+00:00,long,1.177247441291809,1.1809004855155942,1.0,0.0036530442237852068,0.003103038575965537,take_profit
A,2026-02-20T17:00:00+00:00,2026-02-20T20:00:00+00:00,long,1.177247441291809,1.1789672374725342,1.0,0.0017197961807251527,0.0014608621097005722,end_of_day
A,2026-02-23T09:00:00+00:00,2026-02-23T20:00:00+00:00,short,1.1805559034347535,1.1792453527450562,1.0,0.0013105506896973207,0.0011101131982690152,end_of_day
A,2026-02-24T13:00:00+00:00,2026-02-24T16:00:00+00:00,short,1.1773563261032105,1.1792453527450562,1.0,-0.001889026641845648,-0.001604464680712176,stop_loss
A,2026-02-26T09:00:00+00:00,2026-02-26T13:00:00+00:00,short,1.1801375980377198,1.1818934679031372,1.0,-0.0017558698654174254,-0.0014878518134978562,stop_loss
A,2026-02-26T15:00:00+00:00,2026-02-26T20:00:00+00:00,short,1.1801375980377198,1.1806375980377197,1.0,-0.0004999999999999449,-0.00042367940893614666,end_of_day
A,2026-02-27T09:00:00+00:00,2026-02-27T16:00:00+00:00,short,1.1806953783035279,1.1824523210525513,1.0,-0.0017569427490233824,-0.0014880576152909405,stop_loss
A,2026-02-27T17:00:00+00:00,2026-02-27T20:00:00+00:00,long,1.1829523210525512,1.1818934679031372,1.0,-0.0010588531494140074,-0.0008950936826193261,end_of_day
A,2026-03-02T09:00:00+00:00,2026-03-02T13:00:00+00:00,long,1.1732453470230102,1.1701380014419556,1.0,-0.0031073455810546324,-0.002648504499880782,stop_loss
A,2026-03-02T15:00:00+00:00,2026-03-02T20:00:00+00:00,short,1.1696380014419556,1.1694538593292236,1.0,0.00018414211273198866,0.00015743513164327268,end_of_day
A,2026-03-03T09:00:00+00:00,2026-03-03T14:00:00+00:00,short,1.16175004196167,1.1573450851440432,1.0,0.0044049568176267595,0.003791656258680896,take_profit
A,2026-03-03T18:00:00+00:00,2026-03-03T20:00:00+00:00,short,1.16175004196167,1.1621150970458984,1.0,-0.00036505508422846056,-0.00031422859569003994,end_of_day
A,2026-03-05T09:00:00+00:00,2026-03-05T15:00:00+00:00,long,1.1611314182281494,1.1586142778396606,1.0,-0.0025171403884887145,-0.0021678341908358597,stop_loss
A,2026-03-05T16:00:00+00:00,2026-03-05T20:00:00+00:00,short,1.1581142778396607,1.1606314182281494,1.0,-0.0025171403884887145,-0.002173481871913515,stop_loss
A,2026-03-06T09:00:00+00:00,2026-03-06T10:00:00+00:00,short,1.1601314182281495,1.1577635097503665,1.0,0.0023679084777830095,0.002041069175938256,take_profit
A,2026-03-06T16:00:00+00:00,2026-03-06T18:00:00+00:00,short,1.1601314182281495,1.1617100238800049,1.0,-0.0015786056518554137,-0.0013607127839589013,stop_loss
A,2026-03-06T19:00:00+00:00,2026-03-06T20:00:00+00:00,short,1.1601314182281495,1.1609008312225342,1.0,-0.0007694129943847106,-0.000663211927800234,end_of_day
A,2026-03-09T09:00:00+00:00,2026-03-09T20:00:00+00:00,long,1.1573717956542968,1.163873314857483,1.0,0.00650151920318609,0.005617485433460548,end_of_day
A,2026-03-10T10:00:00+00:00,2026-03-10T17:00:00+00:00,short,1.164186679840088,1.1663167476654053,1.0,-0.0021300678253173277,-0.001829661739137844,stop_loss
A,2026-03-10T18:00:00+00:00,2026-03-10T20:00:00+00:00,short,1.164186679840088,1.161440134048462,1.0,0.0027465457916260316,0.002359197059361043,end_of_day
A,2026-03-12T10:00:00+00:00,2026-03-12T12:00:00+00:00,long,1.1564356451034545,1.1547343730926514,1.0,-0.0017012720108031676,-0.001471134185466042,stop_loss
A,2026-03-12T13:00:00+00:00,2026-03-12T15:00:00+00:00,short,1.1542343730926514,1.1516824650764468,1.0,0.0025519080162046404,0.002210909738692903,take_profit
A,2026-03-13T09:00:00+00:00,2026-03-13T18:00:00+00:00,long,1.146237886428833,1.1436413526535034,1.0,-0.0025965337753295348,-0.0022652660552157965,stop_loss
A,2026-03-13T19:00:00+00:00,2026-03-13T20:00:00+00:00,short,1.1431413526535035,1.1419435739517212,1.0,0.0011977787017822816,0.0010477957944587972,end_of_day
A,2026-03-16T09:00:00+00:00,2026-03-16T11:00:00+00:00,long,1.1453197364807128,1.148817570209503,1.0,0.0034978337287900896,0.003054023795606698,take_profit
A,2026-03-17T09:00:00+00:00,2026-03-17T20:00:00+00:00,long,1.1524410610198974,1.1544678211212158,1.0,0.0020267601013184144,0.0017586670328500395,end_of_day
A,2026-03-19T09:00:00+00:00,2026-03-19T13:00:00+00:00,long,1.1466317539215087,1.1495464754104612,1.0,0.002914721488952443,0.0025419856714974307,take_profit
A,2026-03-20T09:00:00+00:00,2026-03-20T10:00:00+00:00,short,1.156773530960083,1.1544150996208193,1.0,0.0023584313392637224,0.0020388012658850378,take_profit
A,2026-03-20T11:00:00+00:00,2026-03-20T14:00:00+00:00,short,1.156773530960083,1.1544150996208193,1.0,0.0023584313392637224,0.0020388012658850378,take_profit
A,2026-03-20T16:00:00+00:00,2026-03-20T20:00:00+00:00,short,1.156773530960083,1.1574074029922485,1.0,-0.0006338720321654723,-0.0005479655396673711,end_of_day
A,2026-03-23T09:00:00+00:00,2026-03-23T10:00:00+00:00,short,1.1526364917755128,1.149289577007294,1.0,0.0033469147682188005,0.0029037036325851853,take_profit
A,2026-03-23T11:00:00+00:00,2026-03-23T12:00:00+00:00,short,1.1526364917755128,1.1548677682876587,1.0,-0.002231276512145941,-0.001935802421723521,stop_loss
A,2026-03-24T13:00:00+00:00,2026-03-24T20:00:00+00:00,short,1.1582486267089844,1.161170482635498,1.0,-0.002921855926513617,-0.002522650024473327,stop_loss
A,2026-03-26T11:00:00+00:00,2026-03-26T20:00:00+00:00,short,1.1546345586776734,1.1528706550598145,1.0,0.0017639036178589418,0.0015276726342566985,end_of_day
A,2026-03-27T10:00:00+00:00,2026-03-27T13:00:00+00:00,short,1.1515737409591675,1.1527377367019653,1.0,-0.0011639957427977965,-0.001010786979067691,stop_loss
A,2026-03-27T14:00:00+00:00,2026-03-27T15:00:00+00:00,long,1.1532377367019653,1.1549837303161619,1.0,0.0017459936141965837,0.0015139927862487265,take_profit
A,2026-03-27T17:00:00+00:00,2026-03-27T20:00:00+00:00,short,1.1515737409591675,1.151145339012146,1.0,0.00042840194702153944,0.0003720143415780872,end_of_day
A,2026-03-30T09:00:00+00:00,2026-03-30T13:00:00+00:00,short,1.1489252681732178,1.1469854402542117,1.0,0.001939827919006154,0.001688384765086127,take_profit
A,2026-03-31T10:00:00+00:00,2026-03-31T11:00:00+00:00,short,1.1462890739440919,1.1478420495986938,1.0,-0.0015529756546019957,-0.0013547853590356557,stop_loss
A,2026-04-02T10:00:00+00:00,2026-04-02T14:00:00+00:00,short,1.1522377367019654,1.1538017988204956,1.0,-0.0015640621185302184,-0.001357412683780877,stop_loss
A,2026-04-02T17:00:00+00:00,2026-04-02T20:00:00+00:00,long,1.1543017988204956,1.1542012691497803,1.0,-0.00010052967071527696,-8.709132292611999e-05,end_of_day
A,2026-04-03T12:00:00+00:00,2026-04-03T16:00:00+00:00,short,1.153834545135498,1.1522847104072573,1.0,0.0015498347282407732,0.001343203611622472,take_profit
A,2026-04-06T09:00:00+00:00,2026-04-06T14:00:00+00:00,short,1.1553021306991578,1.1570056676864624,1.0,-0.0017035369873046324,-0.00147453808145727,stop_loss
A,2026-04-06T18:00:00+00:00,2026-04-06T20:00:00+00:00,short,1.1553021306991578,1.1544678211212158,1.0,0.0008343095779419496,0.0007221570494612071,end_of_day
A,2026-04-07T18:00:00+00:00,2026-04-07T20:00:00+00:00,long,1.1583094959259033,1.1599582433700562,1.0,0.001648747444152887,0.0014234083808791955,end_of_day
A,2026-04-09T11:00:00+00:00,2026-04-09T16:00:00+00:00,long,1.1683149700164794,1.1713123035430906,1.0,0.0029973335266111345,0.002565518377778602,take_profit
A,2026-04-10T09:00:00+00:00,2026-04-10T12:00:00+00:00,long,1.1698171262741088,1.1724110555648801,1.0,0.0025939292907712908,0.0022173801635414657,take_profit
A,2026-04-13T13:00:00+00:00,2026-04-13T16:00:00+00:00,long,1.1705011491775512,1.1730972242355344,1.0,0.002596075057983205,0.0022179175644614518,take_profit
A,2026-04-14T09:00:00+00:00,2026-04-14T14:00:00+00:00,long,1.1791893606185913,1.1811889123916623,1.0,0.0019995517730710954,0.001695700317396139,take_profit
A,2026-04-14T15:00:00+00:00,2026-04-14T20:00:00+00:00,long,1.1791893606185913,1.179940938949585,1.0,0.0007515783309937074,0.000637368650103353,end_of_day
A,2026-04-16T13:00:00+00:00,2026-04-16T20:00:00+00:00,short,1.1776338453292847,1.178550362586975,1.0,-0.0009165172576903746,-0.0007782701400146174,end_of_day
A,2026-04-17T12:00:00+00:00,2026-04-17T13:00:00+00:00,long,1.1803018217086791,1.183137328624725,1.0,0.002835506916045949,0.0024023574850889334,take_profit
A,2026-04-17T16:00:00+00:00,2026-04-17T18:00:00+00:00,long,1.1803018217086791,1.1784114837646484,1.0,-0.0018903379440307067,-0.0016015716567260182,stop_loss
A,2026-04-17T19:00:00+00:00,2026-04-17T20:00:00+00:00,short,1.1779114837646485,1.176747441291809,1.0,0.0011640424728394105,0.0009882257613442124,end_of_day
A,2026-04-21T14:00:00+00:00,2026-04-21T15:00:00+00:00,long,1.177663004875183,1.1760554313659668,1.0,-0.0016075735092162535,-0.0013650539267696835,stop_loss
A,2026-04-21T16:00:00+00:00,2026-04-21T17:00:00+00:00,short,1.1755554313659669,1.1731440711021426,1.0,0.0024113602638242693,0.002051251858895609,take_profit
A,2026-04-21T20:00:00+00:00,2026-04-21T20:00:00+00:00,short,1.1755554313659669,1.1746740341186523,1.0,0.0008813972473145082,0.00074977089450418,end_of_day
A,2026-04-23T09:00:00+00:00,2026-04-23T14:00:00+00:00,short,1.1695011491775513,1.170823097229004,1.0,-0.0013219480514525817,-0.0011303520756539985,stop_loss
A,2026-04-23T15:00:00+00:00,2026-04-23T17:00:00+00:00,long,1.1713230972290039,1.1700011491775513,1.0,-0.0013219480514525817,-0.0011285938564516579,stop_loss
A,2026-04-23T18:00:00+00:00,2026-04-23T20:00:00+00:00,short,1.1695011491775513,1.168770432472229,1.0,0.0007307167053223207,0.0006248105919658098,end_of_day
A,2026-04-24T10:00:00+00:00,2026-04-24T20:00:00+00:00,long,1.170364296913147,1.1725501728057859,1.0,0.0021858758926389665,0.0018676884611092857,take_profit
A,2026-04-27T15:00:00+00:00,2026-04-27T20:00:00+00:00,short,1.173898183822632,1.1724703311920166,1.0,0.0014278526306152894,0.0012163343041946713,end_of_day
A,2026-04-28T09:00:00+00:00,2026-04-28T15:00:00+00:00,short,1.1695011491775513,1.1710972785949707,1.0,-0.0015961294174193785,-0.0013647950825374155,stop_loss
A,2026-04-28T16:00:00+00:00,2026-04-28T20:00:00+00:00,long,1.1715972785949706,1.1716461181640625,1.0,4.883956909185194e-05,4.168631148616394e-05,end_of_day
A,2026-04-30T10:00:00+00:00,2026-04-30T18:00:00+00:00,long,1.1705011491775512,1.1743256759643552,1.0,0.0038245267868040056,0.003267426768005565,take_profit
A,2026-05-01T11:00:00+00:00,2026-05-01T14:00:00+00:00,long,1.1755881671905517,1.1784070444107053,1.0,0.002818877220153615,0.002397844159056342,take_profit
A,2026-05-01T16:00:00+00:00,2026-05-01T17:00:00+00:00,long,1.1755881671905517,1.1737089157104492,1.0,-0.001879251480102484,-0.001598562772704291,stop_loss
A,2026-05-01T18:00:00+00:00,2026-05-01T20:00:00+00:00,short,1.1732089157104493,1.1726078987121582,1.0,0.0006010169982910707,0.000512284717787981,end_of_day
A,2026-05-04T10:00:00+00:00,2026-05-04T16:00:00+00:00,short,1.1710089082717896,1.1686104226112368,1.0,0.002398485660552785,0.0020482215323985387,take_profit
A,2026-05-05T13:00:00+00:00,2026-05-05T19:00:00+00:00,long,1.170364296913147,1.1700011491775513,1.0,-0.00036314773559564806,-0.0003102860678110701,end_of_day
